2025-12-10 03:26:29,546 - __main__ - INFO - ======================================================================
2025-12-10 03:26:29,546 - __main__ - INFO - Starting Outline Generation Worker
2025-12-10 03:26:29,547 - __main__ - INFO - ======================================================================
2025-12-10 03:26:29,547 - __main__ - INFO - Queue: outline_queue
2025-12-10 03:26:29,547 - __main__ - INFO - Redis: localhost:6379
2025-12-10 03:26:29,547 - __main__ - INFO - Database: 6
2025-12-10 03:26:29,547 - __main__ - INFO - ======================================================================
2025-12-10 03:26:29,586 - arq.worker - INFO - Starting worker for 1 functions: process_outline_task
2025-12-10 03:26:29,601 - arq.worker - INFO - redis_version=8.0.3 mem_usage=1.53M clients_connected=5 db_keys=0
2025-12-10 03:26:30,274 - __main__ - INFO - ======================================================================
2025-12-10 03:26:30,274 - __main__ - INFO - Starting Outline Generation Worker
2025-12-10 03:26:30,275 - __main__ - INFO - ======================================================================
2025-12-10 03:26:30,275 - __main__ - INFO - Queue: outline_queue
2025-12-10 03:26:30,275 - __main__ - INFO - Redis: localhost:6379
2025-12-10 03:26:30,275 - __main__ - INFO - Database: 6
2025-12-10 03:26:30,276 - __main__ - INFO - ======================================================================
2025-12-10 03:26:30,299 - arq.worker - INFO - Starting worker for 1 functions: process_outline_task
2025-12-10 03:26:30,302 - arq.worker - INFO - redis_version=8.0.3 mem_usage=1.54M clients_connected=6 db_keys=0
2025-12-10 05:48:57,990 - __main__ - INFO - ======================================================================
2025-12-10 05:48:57,990 - __main__ - INFO - Starting Outline Generation Worker
2025-12-10 05:48:57,991 - __main__ - INFO - ======================================================================
2025-12-10 05:48:57,991 - __main__ - INFO - Queue: outline_queue
2025-12-10 05:48:57,991 - __main__ - INFO - Redis: localhost:6379
2025-12-10 05:48:57,991 - __main__ - INFO - Database: 6
2025-12-10 05:48:57,991 - __main__ - INFO - ======================================================================
2025-12-10 05:48:58,022 - arq.worker - INFO - Starting worker for 1 functions: process_outline_task
2025-12-10 05:48:58,024 - arq.worker - INFO - redis_version=8.0.3 mem_usage=1.56M clients_connected=5 db_keys=0
2025-12-10 05:48:58,908 - __main__ - INFO - ======================================================================
2025-12-10 05:48:58,909 - __main__ - INFO - Starting Outline Generation Worker
2025-12-10 05:48:58,909 - __main__ - INFO - ======================================================================
2025-12-10 05:48:58,909 - __main__ - INFO - Queue: outline_queue
2025-12-10 05:48:58,909 - __main__ - INFO - Redis: localhost:6379
2025-12-10 05:48:58,909 - __main__ - INFO - Database: 6
2025-12-10 05:48:58,909 - __main__ - INFO - ======================================================================
2025-12-10 05:48:58,925 - arq.worker - INFO - Starting worker for 1 functions: process_outline_task
2025-12-10 05:48:58,928 - arq.worker - INFO - redis_version=8.0.3 mem_usage=1.56M clients_connected=6 db_keys=0
2025-12-10 08:21:18,205 - __main__ - INFO - ======================================================================
2025-12-10 08:21:18,207 - __main__ - INFO - Starting Outline Generation Worker
2025-12-10 08:21:18,207 - __main__ - INFO - Starting Outline Generation Worker
2025-12-10 08:21:18,207 - __main__ - INFO - ======================================================================
2025-12-10 08:21:18,207 - __main__ - INFO - ======================================================================
2025-12-10 08:21:18,207 - __main__ - INFO - Queue: outline_queue
2025-12-10 08:21:18,207 - __main__ - INFO - Queue: outline_queue
2025-12-10 08:21:18,207 - __main__ - INFO - Redis: localhost:6379
2025-12-10 08:21:18,207 - __main__ - INFO - Redis: localhost:6379
2025-12-10 08:21:18,207 - __main__ - INFO - Database: 6
2025-12-10 08:21:18,208 - __main__ - INFO - Database: 6
2025-12-10 08:21:18,208 - __main__ - INFO - ======================================================================
2025-12-10 08:21:18,208 - __main__ - INFO - ======================================================================
2025-12-10 08:21:18,257 - arq.worker - INFO - Starting worker for 1 functions: process_outline_task
2025-12-10 08:21:18,257 - arq.worker - INFO - Starting worker for 1 functions: process_outline_task
2025-12-10 08:21:18,261 - arq.worker - INFO - redis_version=8.0.3 mem_usage=1.55M clients_connected=6 db_keys=0
2025-12-10 08:21:18,261 - arq.worker - INFO - redis_version=8.0.3 mem_usage=1.55M clients_connected=6 db_keys=0
2025-12-10 09:25:59,810 - __main__ - INFO - ======================================================================
2025-12-10 09:25:59,811 - __main__ - INFO - Starting Outline Generation Worker
2025-12-10 09:25:59,811 - __main__ - INFO - ======================================================================
2025-12-10 09:25:59,811 - __main__ - INFO - Queue: outline_queue
2025-12-10 09:25:59,811 - __main__ - INFO - Redis: localhost:6379
2025-12-10 09:25:59,812 - __main__ - INFO - Database: 6
2025-12-10 09:25:59,812 - __main__ - INFO - ======================================================================
2025-12-10 09:25:59,869 - arq.worker - INFO - Starting worker for 1 functions: process_outline_task
2025-12-10 09:25:59,872 - arq.worker - INFO - redis_version=8.0.3 mem_usage=1.54M clients_connected=5 db_keys=0
2025-12-10 09:26:00,098 - __main__ - INFO - ======================================================================
2025-12-10 09:26:00,098 - __main__ - INFO - Starting Outline Generation Worker
2025-12-10 09:26:00,098 - __main__ - INFO - ======================================================================
2025-12-10 09:26:00,098 - __main__ - INFO - Queue: outline_queue
2025-12-10 09:26:00,098 - __main__ - INFO - Redis: localhost:6379
2025-12-10 09:26:00,098 - __main__ - INFO - Database: 6
2025-12-10 09:26:00,099 - __main__ - INFO - ======================================================================
2025-12-10 09:26:00,122 - arq.worker - INFO - Starting worker for 1 functions: process_outline_task
2025-12-10 09:26:00,124 - arq.worker - INFO - redis_version=8.0.3 mem_usage=1.54M clients_connected=6 db_keys=0
2025-12-10 10:46:49,874 - __main__ - INFO - ======================================================================
2025-12-10 10:46:49,875 - __main__ - INFO - Starting Outline Generation Worker
2025-12-10 10:46:49,876 - __main__ - INFO - ======================================================================
2025-12-10 10:46:49,876 - __main__ - INFO - Queue: outline_queue
2025-12-10 10:46:49,876 - __main__ - INFO - Redis: localhost:6379
2025-12-10 10:46:49,876 - __main__ - INFO - Database: 6
2025-12-10 10:46:49,877 - __main__ - INFO - ======================================================================
2025-12-10 10:46:49,912 - arq.worker - INFO - Starting worker for 1 functions: process_outline_task
2025-12-10 10:46:49,916 - arq.worker - INFO - redis_version=8.0.3 mem_usage=1.54M clients_connected=5 db_keys=0
2025-12-10 10:46:51,091 - __main__ - INFO - ======================================================================
2025-12-10 10:46:51,091 - __main__ - INFO - Starting Outline Generation Worker
2025-12-10 10:46:51,091 - __main__ - INFO - ======================================================================
2025-12-10 10:46:51,091 - __main__ - INFO - Queue: outline_queue
2025-12-10 10:46:51,092 - __main__ - INFO - Redis: localhost:6379
2025-12-10 10:46:51,092 - __main__ - INFO - Database: 6
2025-12-10 10:46:51,092 - __main__ - INFO - ======================================================================
2025-12-10 10:46:51,303 - arq.worker - INFO - Starting worker for 1 functions: process_outline_task
2025-12-10 10:46:51,306 - arq.worker - INFO - redis_version=8.0.3 mem_usage=1.54M clients_connected=6 db_keys=0
2025-12-10 12:08:10,958 - __main__ - INFO - ======================================================================
2025-12-10 12:08:10,962 - __main__ - INFO - Starting Outline Generation Worker
2025-12-10 12:08:10,963 - __main__ - INFO - ======================================================================
2025-12-10 12:08:10,963 - __main__ - INFO - Queue: outline_queue
2025-12-10 12:08:10,963 - __main__ - INFO - Redis: localhost:6379
2025-12-10 12:08:10,963 - __main__ - INFO - Database: 6
2025-12-10 12:08:10,963 - __main__ - INFO - ======================================================================
2025-12-10 12:08:11,042 - arq.worker - INFO - Starting worker for 1 functions: process_outline_task
2025-12-10 12:08:11,048 - arq.worker - INFO - redis_version=8.0.3 mem_usage=1.55M clients_connected=10 db_keys=3
2025-12-10 12:08:11,363 - __main__ - INFO - ======================================================================
2025-12-10 12:08:11,364 - __main__ - INFO - Starting Outline Generation Worker
2025-12-10 12:08:11,364 - __main__ - INFO - ======================================================================
2025-12-10 12:08:11,364 - __main__ - INFO - Queue: outline_queue
2025-12-10 12:08:11,365 - __main__ - INFO - Redis: localhost:6379
2025-12-10 12:08:11,365 - __main__ - INFO - Database: 6
2025-12-10 12:08:11,365 - __main__ - INFO - ======================================================================
2025-12-10 12:08:11,389 - arq.worker - INFO - Starting worker for 1 functions: process_outline_task
2025-12-10 12:08:11,392 - arq.worker - INFO - redis_version=8.0.3 mem_usage=1.57M clients_connected=11 db_keys=3
2025-12-10 12:28:50,827 - __main__ - INFO - ======================================================================
2025-12-10 12:28:50,829 - __main__ - INFO - Starting Outline Generation Worker
2025-12-10 12:28:50,829 - __main__ - INFO - ======================================================================
2025-12-10 12:28:50,829 - __main__ - INFO - Queue: outline_queue
2025-12-10 12:28:50,829 - __main__ - INFO - Redis: localhost:6379
2025-12-10 12:28:50,830 - __main__ - INFO - Database: 6
2025-12-10 12:28:50,830 - __main__ - INFO - ======================================================================
2025-12-10 12:28:50,888 - arq.worker - INFO - Starting worker for 1 functions: process_outline_task
2025-12-10 12:28:50,893 - arq.worker - INFO - redis_version=8.0.3 mem_usage=1.55M clients_connected=10 db_keys=4
2025-12-10 12:28:51,105 - __main__ - INFO - ======================================================================
2025-12-10 12:28:51,106 - __main__ - INFO - Starting Outline Generation Worker
2025-12-10 12:28:51,106 - __main__ - INFO - ======================================================================
2025-12-10 12:28:51,106 - __main__ - INFO - Queue: outline_queue
2025-12-10 12:28:51,106 - __main__ - INFO - Redis: localhost:6379
2025-12-10 12:28:51,106 - __main__ - INFO - Database: 6
2025-12-10 12:28:51,106 - __main__ - INFO - ======================================================================
2025-12-10 12:28:51,152 - arq.worker - INFO - Starting worker for 1 functions: process_outline_task
2025-12-10 12:28:51,162 - arq.worker - INFO - redis_version=8.0.3 mem_usage=1.57M clients_connected=11 db_keys=4
2025-12-10 12:31:54,696 - __main__ - INFO - ======================================================================
2025-12-10 12:31:54,697 - __main__ - INFO - Starting Outline Generation Worker
2025-12-10 12:31:54,697 - __main__ - INFO - ======================================================================
2025-12-10 12:31:54,697 - __main__ - INFO - Queue: outline_queue
2025-12-10 12:31:54,698 - __main__ - INFO - Redis: localhost:6379
2025-12-10 12:31:54,698 - __main__ - INFO - Database: 6
2025-12-10 12:31:54,698 - __main__ - INFO - ======================================================================
2025-12-10 12:31:54,736 - arq.worker - INFO - Starting worker for 1 functions: process_outline_task
2025-12-10 12:31:54,739 - arq.worker - INFO - redis_version=8.0.3 mem_usage=1.56M clients_connected=12 db_keys=4
2025-12-10 12:31:54,776 - outline_back.outline_processor - INFO - Starting outline generation for Mathematics - Class 8
2025-12-10 12:32:02,437 - arq.worker - ERROR -   7.67s ! ac770c9fb8184723851cdb7696239f89:process_outline_task failed, ImportError: cannot import name 'get_db_gen' from 'database' (c:\Users\HP\tmdl5\database.py)
Traceback (most recent call last):
  File "C:\Users\HP\tmdl5\env\Lib\site-packages\arq\worker.py", line 594, in run_job
    result = await asyncio.wait_for(task, timeout_s)
             ^^^^^^^^^^^^^^^^^^^^^^^^^^^^^^^^^^^^^^^
  File "C:\Program Files\WindowsApps\PythonSoftwareFoundation.Python.3.13_3.13.2544.0_x64__qbz5n2kfra8p0\Lib\asyncio\tasks.py", line 507, in wait_for
    return await fut
           ^^^^^^^^^
  File "c:\Users\HP\tmdl5\outline_back\outline_processor.py", line 92, in process_outline_task
    curriculum_data = await fetch_curriculum_data(teacher_id, subject, class_name)
                      ^^^^^^^^^^^^^^^^^^^^^^^^^^^^^^^^^^^^^^^^^^^^^^^^^^^^^^^^^^^^
  File "c:\Users\HP\tmdl5\outline_back\outline_processor.py", line 183, in fetch_curriculum_data
    from database import get_db_gen
ImportError: cannot import name 'get_db_gen' from 'database' (c:\Users\HP\tmdl5\database.py)
2025-12-10 12:32:02,446 - outline_back.outline_processor - INFO - Starting outline generation for Mathematics - Class 8
2025-12-10 12:32:02,452 - arq.worker - ERROR -   0.01s ! 08a4d5ca50e142fa904602ed8ec872df:process_outline_task failed, ImportError: cannot import name 'get_db_gen' from 'database' (c:\Users\HP\tmdl5\database.py)
Traceback (most recent call last):
  File "C:\Users\HP\tmdl5\env\Lib\site-packages\arq\worker.py", line 594, in run_job
    result = await asyncio.wait_for(task, timeout_s)
             ^^^^^^^^^^^^^^^^^^^^^^^^^^^^^^^^^^^^^^^
  File "C:\Program Files\WindowsApps\PythonSoftwareFoundation.Python.3.13_3.13.2544.0_x64__qbz5n2kfra8p0\Lib\asyncio\tasks.py", line 507, in wait_for
    return await fut
           ^^^^^^^^^
  File "c:\Users\HP\tmdl5\outline_back\outline_processor.py", line 92, in process_outline_task
    curriculum_data = await fetch_curriculum_data(teacher_id, subject, class_name)
                      ^^^^^^^^^^^^^^^^^^^^^^^^^^^^^^^^^^^^^^^^^^^^^^^^^^^^^^^^^^^^
  File "c:\Users\HP\tmdl5\outline_back\outline_processor.py", line 183, in fetch_curriculum_data
    from database import get_db_gen
ImportError: cannot import name 'get_db_gen' from 'database' (c:\Users\HP\tmdl5\database.py)
2025-12-10 12:32:02,476 - outline_back.outline_processor - INFO - Starting outline generation for Mathematics - Class 8
2025-12-10 12:32:02,482 - arq.worker - ERROR -   0.02s ! e4897ba269c34bbeaf4e11d8893d5298:process_outline_task failed, ImportError: cannot import name 'get_db_gen' from 'database' (c:\Users\HP\tmdl5\database.py)
Traceback (most recent call last):
  File "C:\Users\HP\tmdl5\env\Lib\site-packages\arq\worker.py", line 594, in run_job
    result = await asyncio.wait_for(task, timeout_s)
             ^^^^^^^^^^^^^^^^^^^^^^^^^^^^^^^^^^^^^^^
  File "C:\Program Files\WindowsApps\PythonSoftwareFoundation.Python.3.13_3.13.2544.0_x64__qbz5n2kfra8p0\Lib\asyncio\tasks.py", line 507, in wait_for
    return await fut
           ^^^^^^^^^
  File "c:\Users\HP\tmdl5\outline_back\outline_processor.py", line 92, in process_outline_task
    curriculum_data = await fetch_curriculum_data(teacher_id, subject, class_name)
                      ^^^^^^^^^^^^^^^^^^^^^^^^^^^^^^^^^^^^^^^^^^^^^^^^^^^^^^^^^^^^
  File "c:\Users\HP\tmdl5\outline_back\outline_processor.py", line 183, in fetch_curriculum_data
    from database import get_db_gen
ImportError: cannot import name 'get_db_gen' from 'database' (c:\Users\HP\tmdl5\database.py)
2025-12-10 12:37:43,429 - __main__ - INFO - ======================================================================
2025-12-10 12:37:43,430 - __main__ - INFO - Starting Outline Generation Worker
2025-12-10 12:37:43,430 - __main__ - INFO - ======================================================================
2025-12-10 12:37:43,431 - __main__ - INFO - Queue: outline_queue
2025-12-10 12:37:43,431 - __main__ - INFO - Redis: localhost:6379
2025-12-10 12:37:43,432 - __main__ - INFO - Database: 6
2025-12-10 12:37:43,432 - __main__ - INFO - ======================================================================
2025-12-10 12:37:43,459 - arq.worker - INFO - Starting worker for 1 functions: process_outline_task
2025-12-10 12:37:43,462 - arq.worker - INFO - redis_version=8.0.3 mem_usage=1.56M clients_connected=12 db_keys=4
2025-12-10 12:43:26,559 - __main__ - INFO - ======================================================================
2025-12-10 12:43:26,560 - __main__ - INFO - Starting Outline Generation Worker
2025-12-10 12:43:26,561 - __main__ - INFO - ======================================================================
2025-12-10 12:43:26,561 - __main__ - INFO - Queue: outline_queue
2025-12-10 12:43:26,561 - __main__ - INFO - Redis: localhost:6379
2025-12-10 12:43:26,562 - __main__ - INFO - Database: 6
2025-12-10 12:43:26,562 - __main__ - INFO - ======================================================================
2025-12-10 12:43:26,599 - arq.worker - INFO - Starting worker for 1 functions: process_outline_task
2025-12-10 12:43:26,601 - arq.worker - INFO - redis_version=8.0.3 mem_usage=1.56M clients_connected=12 db_keys=4
2025-12-10 13:09:26,963 - __main__ - INFO - ======================================================================
2025-12-10 13:09:27,607 - __main__ - INFO - Starting Outline Generation Worker
2025-12-10 13:09:27,608 - __main__ - INFO - ======================================================================
2025-12-10 13:09:27,609 - __main__ - INFO - Queue: outline_queue
2025-12-10 13:09:27,609 - __main__ - INFO - Redis: localhost:6379
2025-12-10 13:09:27,610 - __main__ - INFO - Database: 6
2025-12-10 13:09:27,611 - __main__ - INFO - ======================================================================
2025-12-10 13:09:27,653 - arq.worker - INFO - Starting worker for 1 functions: process_outline_task
2025-12-10 13:09:27,657 - arq.worker - INFO - redis_version=8.0.3 mem_usage=1.56M clients_connected=10 db_keys=4
2025-12-10 13:20:05,692 - __main__ - INFO - ======================================================================
2025-12-10 13:20:05,699 - __main__ - INFO - Starting Outline Generation Worker
2025-12-10 13:20:05,699 - __main__ - INFO - ======================================================================
2025-12-10 13:20:05,699 - __main__ - INFO - Queue: outline_queue
2025-12-10 13:20:05,699 - __main__ - INFO - Redis: localhost:6379
2025-12-10 13:20:05,699 - __main__ - INFO - Database: 6
2025-12-10 13:20:05,699 - __main__ - INFO - ======================================================================
2025-12-10 13:20:05,850 - arq.worker - INFO - Starting worker for 1 functions: process_outline_task
2025-12-10 13:20:05,853 - arq.worker - INFO - redis_version=8.0.3 mem_usage=1.56M clients_connected=10 db_keys=4
2025-12-10 13:20:06,660 - __main__ - INFO - ======================================================================
2025-12-10 13:20:06,661 - __main__ - INFO - Starting Outline Generation Worker
2025-12-10 13:20:06,661 - __main__ - INFO - ======================================================================
2025-12-10 13:20:06,661 - __main__ - INFO - Queue: outline_queue
2025-12-10 13:20:06,661 - __main__ - INFO - Redis: localhost:6379
2025-12-10 13:20:06,661 - __main__ - INFO - Database: 6
2025-12-10 13:20:06,661 - __main__ - INFO - ======================================================================
2025-12-10 13:20:07,165 - arq.worker - INFO - Starting worker for 1 functions: process_outline_task
2025-12-10 13:20:07,168 - arq.worker - INFO - redis_version=8.0.3 mem_usage=1.56M clients_connected=11 db_keys=4
2025-12-10 13:25:08,069 - __main__ - INFO - ======================================================================
2025-12-10 13:25:08,070 - __main__ - INFO - Starting Outline Generation Worker
2025-12-10 13:25:08,070 - __main__ - INFO - ======================================================================
2025-12-10 13:25:08,070 - __main__ - INFO - Queue: outline_queue
2025-12-10 13:25:08,071 - __main__ - INFO - Redis: localhost:6379
2025-12-10 13:25:08,071 - __main__ - INFO - Database: 6
2025-12-10 13:25:08,071 - __main__ - INFO - ======================================================================
2025-12-10 13:25:08,085 - arq.worker - INFO - Starting worker for 1 functions: process_outline_task
2025-12-10 13:25:08,087 - arq.worker - INFO - redis_version=8.0.3 mem_usage=1.57M clients_connected=14 db_keys=4
2025-12-10 13:29:26,721 - outline_back.outline_processor - INFO - Starting outline generation for Mathematics - Class 8
2025-12-10 13:29:32,466 - sqlalchemy.engine.Engine - INFO - select pg_catalog.version()
2025-12-10 13:29:32,477 - sqlalchemy.engine.Engine - INFO - [raw sql] ()
2025-12-10 13:29:32,523 - sqlalchemy.engine.Engine - INFO - select current_schema()
2025-12-10 13:29:32,526 - sqlalchemy.engine.Engine - INFO - [raw sql] ()
2025-12-10 13:29:32,571 - sqlalchemy.engine.Engine - INFO - show standard_conforming_strings
2025-12-10 13:29:32,588 - sqlalchemy.engine.Engine - INFO - [raw sql] ()
2025-12-10 13:29:32,606 - sqlalchemy.engine.Engine - INFO - BEGIN (implicit)
2025-12-10 13:29:32,618 - sqlalchemy.engine.Engine - INFO - 
                SELECT id, strand_name, subject, class_name, 
                       week_number, session_ids, session_details
                FROM strand
                WHERE teacher_id = $1
                  AND subject = $2
                  AND class_name = $3
            
2025-12-10 13:29:32,622 - sqlalchemy.engine.Engine - INFO - [generated in 0.00537s] ('7bed2b69-8000-4b36-8e91-7fe0b70c9d82', 'Mathematics', 'Class 8')
2025-12-10 13:29:32,670 - sqlalchemy.engine.Engine - INFO - 
                SELECT id, strand_name, substrand_name, subject, class_name,
                       week_number, session_ids, session_details
                FROM substrand
                WHERE teacher_id = $1
                  AND subject = $2
                  AND class_name = $3
            
2025-12-10 13:29:32,682 - sqlalchemy.engine.Engine - INFO - [generated in 0.01329s] ('7bed2b69-8000-4b36-8e91-7fe0b70c9d82', 'Mathematics', 'Class 8')
2025-12-10 13:29:32,706 - sqlalchemy.engine.Engine - INFO - ROLLBACK
2025-12-10 13:29:33,984 - arq.worker - ERROR -   7.28s ! fb034e3410f24d149e2262ea37472cdc:process_outline_task failed, ProgrammingError: (sqlalchemy.dialects.postgresql.asyncpg.ProgrammingError) <class 'asyncpg.exceptions.UndefinedColumnError'>: column "strand_name" does not exist
HINT:  Perhaps you meant to reference the column "substrand.substrand_name".
[SQL: 
                SELECT id, strand_name, substrand_name, subject, class_name,
                       week_number, session_ids, session_details
                FROM substrand
                WHERE teacher_id = $1
                  AND subject = $2
                  AND class_name = $3
            ]
[parameters: ('7bed2b69-8000-4b36-8e91-7fe0b70c9d82', 'Mathematics', 'Class 8')]
(Background on this error at: https://sqlalche.me/e/20/f405)
Traceback (most recent call last):
  File "C:\Users\HP\tmdl5\env\Lib\site-packages\sqlalchemy\dialects\postgresql\asyncpg.py", line 521, in _prepare_and_execute
    prepared_stmt, attributes = await adapt_connection._prepare(
                                ^^^^^^^^^^^^^^^^^^^^^^^^^^^^^^^^
        operation, self._invalidate_schema_cache_asof
        ^^^^^^^^^^^^^^^^^^^^^^^^^^^^^^^^^^^^^^^^^^^^^
    )
    ^
  File "C:\Users\HP\tmdl5\env\Lib\site-packages\sqlalchemy\dialects\postgresql\asyncpg.py", line 768, in _prepare
    prepared_stmt = await self._connection.prepare(
                    ^^^^^^^^^^^^^^^^^^^^^^^^^^^^^^^
        operation, name=self._prepared_statement_name_func()
        ^^^^^^^^^^^^^^^^^^^^^^^^^^^^^^^^^^^^^^^^^^^^^^^^^^^^
    )
    ^
  File "C:\Users\HP\tmdl5\env\Lib\site-packages\asyncpg\connection.py", line 635, in prepare
    return await self._prepare(
           ^^^^^^^^^^^^^^^^^^^^
    ...<5 lines>...
    )
    ^
  File "C:\Users\HP\tmdl5\env\Lib\site-packages\asyncpg\connection.py", line 653, in _prepare
    stmt = await self._get_statement(
           ^^^^^^^^^^^^^^^^^^^^^^^^^^
    ...<5 lines>...
    )
    ^
  File "C:\Users\HP\tmdl5\env\Lib\site-packages\asyncpg\connection.py", line 432, in _get_statement
    statement = await self._protocol.prepare(
                ^^^^^^^^^^^^^^^^^^^^^^^^^^^^^
    ...<5 lines>...
    )
    ^
  File "asyncpg\\protocol\\protocol.pyx", line 165, in prepare
asyncpg.exceptions.UndefinedColumnError: column "strand_name" does not exist
HINT:  Perhaps you meant to reference the column "substrand.substrand_name".

The above exception was the direct cause of the following exception:

Traceback (most recent call last):
  File "C:\Users\HP\tmdl5\env\Lib\site-packages\sqlalchemy\engine\base.py", line 1967, in _exec_single_context
    self.dialect.do_execute(
    ~~~~~~~~~~~~~~~~~~~~~~~^
        cursor, str_statement, effective_parameters, context
        ^^^^^^^^^^^^^^^^^^^^^^^^^^^^^^^^^^^^^^^^^^^^^^^^^^^^
    )
    ^
  File "C:\Users\HP\tmdl5\env\Lib\site-packages\sqlalchemy\engine\default.py", line 951, in do_execute
    cursor.execute(statement, parameters)
    ~~~~~~~~~~~~~~^^^^^^^^^^^^^^^^^^^^^^^
  File "C:\Users\HP\tmdl5\env\Lib\site-packages\sqlalchemy\dialects\postgresql\asyncpg.py", line 580, in execute
    self._adapt_connection.await_(
    ~~~~~~~~~~~~~~~~~~~~~~~~~~~~~^
        self._prepare_and_execute(operation, parameters)
        ^^^^^^^^^^^^^^^^^^^^^^^^^^^^^^^^^^^^^^^^^^^^^^^^
    )
    ^
  File "C:\Users\HP\tmdl5\env\Lib\site-packages\sqlalchemy\util\_concurrency_py3k.py", line 132, in await_only
    return current.parent.switch(awaitable)  # type: ignore[no-any-return,attr-defined] # noqa: E501
           ~~~~~~~~~~~~~~~~~~~~~^^^^^^^^^^^
  File "C:\Users\HP\tmdl5\env\Lib\site-packages\sqlalchemy\util\_concurrency_py3k.py", line 196, in greenlet_spawn
    value = await result
            ^^^^^^^^^^^^
  File "C:\Users\HP\tmdl5\env\Lib\site-packages\sqlalchemy\dialects\postgresql\asyncpg.py", line 558, in _prepare_and_execute
    self._handle_exception(error)
    ~~~~~~~~~~~~~~~~~~~~~~^^^^^^^
  File "C:\Users\HP\tmdl5\env\Lib\site-packages\sqlalchemy\dialects\postgresql\asyncpg.py", line 508, in _handle_exception
    self._adapt_connection._handle_exception(error)
    ~~~~~~~~~~~~~~~~~~~~~~~~~~~~~~~~~~~~~~~~^^^^^^^
  File "C:\Users\HP\tmdl5\env\Lib\site-packages\sqlalchemy\dialects\postgresql\asyncpg.py", line 792, in _handle_exception
    raise translated_error from error
sqlalchemy.dialects.postgresql.asyncpg.AsyncAdapt_asyncpg_dbapi.ProgrammingError: <class 'asyncpg.exceptions.UndefinedColumnError'>: column "strand_name" does not exist
HINT:  Perhaps you meant to reference the column "substrand.substrand_name".

The above exception was the direct cause of the following exception:

Traceback (most recent call last):
  File "C:\Users\HP\tmdl5\env\Lib\site-packages\arq\worker.py", line 594, in run_job
    result = await asyncio.wait_for(task, timeout_s)
             ^^^^^^^^^^^^^^^^^^^^^^^^^^^^^^^^^^^^^^^
  File "C:\Program Files\WindowsApps\PythonSoftwareFoundation.Python.3.13_3.13.2544.0_x64__qbz5n2kfra8p0\Lib\asyncio\tasks.py", line 507, in wait_for
    return await fut
           ^^^^^^^^^
  File "c:\Users\HP\tmdl5\outline_back\outline_processor.py", line 92, in process_outline_task
    curriculum_data = await fetch_curriculum_data(teacher_id, subject, class_name)
                      ^^^^^^^^^^^^^^^^^^^^^^^^^^^^^^^^^^^^^^^^^^^^^^^^^^^^^^^^^^^^
  File "c:\Users\HP\tmdl5\outline_back\outline_processor.py", line 207, in fetch_curriculum_data
    substrands_result = await db.execute(
                        ^^^^^^^^^^^^^^^^^
    ...<9 lines>...
    )
    ^
  File "C:\Users\HP\tmdl5\env\Lib\site-packages\sqlalchemy\ext\asyncio\session.py", line 463, in execute
    result = await greenlet_spawn(
             ^^^^^^^^^^^^^^^^^^^^^
    ...<6 lines>...
    )
    ^
  File "C:\Users\HP\tmdl5\env\Lib\site-packages\sqlalchemy\util\_concurrency_py3k.py", line 201, in greenlet_spawn
    result = context.throw(*sys.exc_info())
  File "C:\Users\HP\tmdl5\env\Lib\site-packages\sqlalchemy\orm\session.py", line 2365, in execute
    return self._execute_internal(
           ~~~~~~~~~~~~~~~~~~~~~~^
        statement,
        ^^^^^^^^^^
    ...<4 lines>...
        _add_event=_add_event,
        ^^^^^^^^^^^^^^^^^^^^^^
    )
    ^
  File "C:\Users\HP\tmdl5\env\Lib\site-packages\sqlalchemy\orm\session.py", line 2260, in _execute_internal
    result = conn.execute(
        statement, params or {}, execution_options=execution_options
    )
  File "C:\Users\HP\tmdl5\env\Lib\site-packages\sqlalchemy\engine\base.py", line 1419, in execute
    return meth(
        self,
        distilled_parameters,
        execution_options or NO_OPTIONS,
    )
  File "C:\Users\HP\tmdl5\env\Lib\site-packages\sqlalchemy\sql\elements.py", line 526, in _execute_on_connection
    return connection._execute_clauseelement(
           ~~~~~~~~~~~~~~~~~~~~~~~~~~~~~~~~~^
        self, distilled_params, execution_options
        ^^^^^^^^^^^^^^^^^^^^^^^^^^^^^^^^^^^^^^^^^
    )
    ^
  File "C:\Users\HP\tmdl5\env\Lib\site-packages\sqlalchemy\engine\base.py", line 1641, in _execute_clauseelement
    ret = self._execute_context(
        dialect,
    ...<8 lines>...
        cache_hit=cache_hit,
    )
  File "C:\Users\HP\tmdl5\env\Lib\site-packages\sqlalchemy\engine\base.py", line 1846, in _execute_context
    return self._exec_single_context(
           ~~~~~~~~~~~~~~~~~~~~~~~~~^
        dialect, context, statement, parameters
        ^^^^^^^^^^^^^^^^^^^^^^^^^^^^^^^^^^^^^^^
    )
    ^
  File "C:\Users\HP\tmdl5\env\Lib\site-packages\sqlalchemy\engine\base.py", line 1986, in _exec_single_context
    self._handle_dbapi_exception(
    ~~~~~~~~~~~~~~~~~~~~~~~~~~~~^
        e, str_statement, effective_parameters, cursor, context
        ^^^^^^^^^^^^^^^^^^^^^^^^^^^^^^^^^^^^^^^^^^^^^^^^^^^^^^^
    )
    ^
  File "C:\Users\HP\tmdl5\env\Lib\site-packages\sqlalchemy\engine\base.py", line 2355, in _handle_dbapi_exception
    raise sqlalchemy_exception.with_traceback(exc_info[2]) from e
  File "C:\Users\HP\tmdl5\env\Lib\site-packages\sqlalchemy\engine\base.py", line 1967, in _exec_single_context
    self.dialect.do_execute(
    ~~~~~~~~~~~~~~~~~~~~~~~^
        cursor, str_statement, effective_parameters, context
        ^^^^^^^^^^^^^^^^^^^^^^^^^^^^^^^^^^^^^^^^^^^^^^^^^^^^
    )
    ^
  File "C:\Users\HP\tmdl5\env\Lib\site-packages\sqlalchemy\engine\default.py", line 951, in do_execute
    cursor.execute(statement, parameters)
    ~~~~~~~~~~~~~~^^^^^^^^^^^^^^^^^^^^^^^
  File "C:\Users\HP\tmdl5\env\Lib\site-packages\sqlalchemy\dialects\postgresql\asyncpg.py", line 580, in execute
    self._adapt_connection.await_(
    ~~~~~~~~~~~~~~~~~~~~~~~~~~~~~^
        self._prepare_and_execute(operation, parameters)
        ^^^^^^^^^^^^^^^^^^^^^^^^^^^^^^^^^^^^^^^^^^^^^^^^
    )
    ^
  File "C:\Users\HP\tmdl5\env\Lib\site-packages\sqlalchemy\util\_concurrency_py3k.py", line 132, in await_only
    return current.parent.switch(awaitable)  # type: ignore[no-any-return,attr-defined] # noqa: E501
           ~~~~~~~~~~~~~~~~~~~~~^^^^^^^^^^^
  File "C:\Users\HP\tmdl5\env\Lib\site-packages\sqlalchemy\util\_concurrency_py3k.py", line 196, in greenlet_spawn
    value = await result
            ^^^^^^^^^^^^
  File "C:\Users\HP\tmdl5\env\Lib\site-packages\sqlalchemy\dialects\postgresql\asyncpg.py", line 558, in _prepare_and_execute
    self._handle_exception(error)
    ~~~~~~~~~~~~~~~~~~~~~~^^^^^^^
  File "C:\Users\HP\tmdl5\env\Lib\site-packages\sqlalchemy\dialects\postgresql\asyncpg.py", line 508, in _handle_exception
    self._adapt_connection._handle_exception(error)
    ~~~~~~~~~~~~~~~~~~~~~~~~~~~~~~~~~~~~~~~~^^^^^^^
  File "C:\Users\HP\tmdl5\env\Lib\site-packages\sqlalchemy\dialects\postgresql\asyncpg.py", line 792, in _handle_exception
    raise translated_error from error
sqlalchemy.exc.ProgrammingError: (sqlalchemy.dialects.postgresql.asyncpg.ProgrammingError) <class 'asyncpg.exceptions.UndefinedColumnError'>: column "strand_name" does not exist
HINT:  Perhaps you meant to reference the column "substrand.substrand_name".
[SQL: 
                SELECT id, strand_name, substrand_name, subject, class_name,
                       week_number, session_ids, session_details
                FROM substrand
                WHERE teacher_id = $1
                  AND subject = $2
                  AND class_name = $3
            ]
[parameters: ('7bed2b69-8000-4b36-8e91-7fe0b70c9d82', 'Mathematics', 'Class 8')]
(Background on this error at: https://sqlalche.me/e/20/f405)
2025-12-10 13:33:20,441 - __main__ - INFO - ======================================================================
2025-12-10 13:33:20,442 - __main__ - INFO - Starting Outline Generation Worker
2025-12-10 13:33:20,443 - __main__ - INFO - ======================================================================
2025-12-10 13:33:20,443 - __main__ - INFO - Queue: outline_queue
2025-12-10 13:33:20,443 - __main__ - INFO - Redis: localhost:6379
2025-12-10 13:33:20,444 - __main__ - INFO - Database: 6
2025-12-10 13:33:20,444 - __main__ - INFO - ======================================================================
2025-12-10 13:33:20,466 - arq.worker - INFO - Starting worker for 1 functions: process_outline_task
2025-12-10 13:33:20,468 - arq.worker - INFO - redis_version=8.0.3 mem_usage=1.56M clients_connected=12 db_keys=2
2025-12-10 13:35:42,809 - __main__ - INFO - ======================================================================
2025-12-10 13:35:42,809 - __main__ - INFO - Starting Outline Generation Worker
2025-12-10 13:35:42,809 - __main__ - INFO - ======================================================================
2025-12-10 13:35:42,810 - __main__ - INFO - Queue: outline_queue
2025-12-10 13:35:42,810 - __main__ - INFO - Redis: localhost:6379
2025-12-10 13:35:42,810 - __main__ - INFO - Database: 6
2025-12-10 13:35:42,810 - __main__ - INFO - ======================================================================
2025-12-10 13:35:42,834 - arq.worker - INFO - Starting worker for 1 functions: process_outline_task
2025-12-10 13:35:42,836 - arq.worker - INFO - redis_version=8.0.3 mem_usage=1.57M clients_connected=13 db_keys=2
2025-12-10 13:37:07,492 - outline_back.outline_processor - INFO - Starting outline generation for Mathematics - Class 8
2025-12-10 13:37:08,811 - sqlalchemy.engine.Engine - INFO - select pg_catalog.version()
2025-12-10 13:37:08,812 - sqlalchemy.engine.Engine - INFO - [raw sql] ()
2025-12-10 13:37:08,819 - sqlalchemy.engine.Engine - INFO - select current_schema()
2025-12-10 13:37:08,819 - sqlalchemy.engine.Engine - INFO - [raw sql] ()
2025-12-10 13:37:08,825 - sqlalchemy.engine.Engine - INFO - show standard_conforming_strings
2025-12-10 13:37:08,826 - sqlalchemy.engine.Engine - INFO - [raw sql] ()
2025-12-10 13:37:08,831 - sqlalchemy.engine.Engine - INFO - BEGIN (implicit)
2025-12-10 13:37:08,832 - sqlalchemy.engine.Engine - INFO - 
                SELECT id, strand_name, subject, class_name, 
                       week_number, session_ids, session_details
                FROM strand
                WHERE teacher_id = $1
                  AND subject = $2
                  AND class_name = $3
            
2025-12-10 13:37:08,833 - sqlalchemy.engine.Engine - INFO - [generated in 0.00085s] ('7bed2b69-8000-4b36-8e91-7fe0b70c9d82', 'Mathematics', 'Class 8')
2025-12-10 13:37:08,854 - sqlalchemy.engine.Engine - INFO - 
                SELECT id, substrand_name, subject, class_name,
                       week_number, session_ids, session_details
                FROM substrand
                WHERE teacher_id = $1
                  AND subject = $2
                  AND class_name = $3
            
2025-12-10 13:37:08,855 - sqlalchemy.engine.Engine - INFO - [generated in 0.00079s] ('7bed2b69-8000-4b36-8e91-7fe0b70c9d82', 'Mathematics', 'Class 8')
2025-12-10 13:37:08,865 - sqlalchemy.engine.Engine - INFO - ROLLBACK
2025-12-10 13:37:08,921 - arq.worker - ERROR -   1.45s ! ecbb20610a0c413f9e99cf3d6d17db43:process_outline_task failed, ProgrammingError: (sqlalchemy.dialects.postgresql.asyncpg.ProgrammingError) <class 'asyncpg.exceptions.UndefinedColumnError'>: column "week_number" does not exist
HINT:  Perhaps you meant to reference the column "substrand.week_numbers".
[SQL: 
                SELECT id, substrand_name, subject, class_name,
                       week_number, session_ids, session_details
                FROM substrand
                WHERE teacher_id = $1
                  AND subject = $2
                  AND class_name = $3
            ]
[parameters: ('7bed2b69-8000-4b36-8e91-7fe0b70c9d82', 'Mathematics', 'Class 8')]
(Background on this error at: https://sqlalche.me/e/20/f405)
Traceback (most recent call last):
  File "C:\Users\HP\tmdl5\env\Lib\site-packages\sqlalchemy\dialects\postgresql\asyncpg.py", line 521, in _prepare_and_execute
    prepared_stmt, attributes = await adapt_connection._prepare(
                                ^^^^^^^^^^^^^^^^^^^^^^^^^^^^^^^^
        operation, self._invalidate_schema_cache_asof
        ^^^^^^^^^^^^^^^^^^^^^^^^^^^^^^^^^^^^^^^^^^^^^
    )
    ^
  File "C:\Users\HP\tmdl5\env\Lib\site-packages\sqlalchemy\dialects\postgresql\asyncpg.py", line 768, in _prepare
    prepared_stmt = await self._connection.prepare(
                    ^^^^^^^^^^^^^^^^^^^^^^^^^^^^^^^
        operation, name=self._prepared_statement_name_func()
        ^^^^^^^^^^^^^^^^^^^^^^^^^^^^^^^^^^^^^^^^^^^^^^^^^^^^
    )
    ^
  File "C:\Users\HP\tmdl5\env\Lib\site-packages\asyncpg\connection.py", line 635, in prepare
    return await self._prepare(
           ^^^^^^^^^^^^^^^^^^^^
    ...<5 lines>...
    )
    ^
  File "C:\Users\HP\tmdl5\env\Lib\site-packages\asyncpg\connection.py", line 653, in _prepare
    stmt = await self._get_statement(
           ^^^^^^^^^^^^^^^^^^^^^^^^^^
    ...<5 lines>...
    )
    ^
  File "C:\Users\HP\tmdl5\env\Lib\site-packages\asyncpg\connection.py", line 432, in _get_statement
    statement = await self._protocol.prepare(
                ^^^^^^^^^^^^^^^^^^^^^^^^^^^^^
    ...<5 lines>...
    )
    ^
  File "asyncpg\\protocol\\protocol.pyx", line 165, in prepare
asyncpg.exceptions.UndefinedColumnError: column "week_number" does not exist
HINT:  Perhaps you meant to reference the column "substrand.week_numbers".

The above exception was the direct cause of the following exception:

Traceback (most recent call last):
  File "C:\Users\HP\tmdl5\env\Lib\site-packages\sqlalchemy\engine\base.py", line 1967, in _exec_single_context
    self.dialect.do_execute(
    ~~~~~~~~~~~~~~~~~~~~~~~^
        cursor, str_statement, effective_parameters, context
        ^^^^^^^^^^^^^^^^^^^^^^^^^^^^^^^^^^^^^^^^^^^^^^^^^^^^
    )
    ^
  File "C:\Users\HP\tmdl5\env\Lib\site-packages\sqlalchemy\engine\default.py", line 951, in do_execute
    cursor.execute(statement, parameters)
    ~~~~~~~~~~~~~~^^^^^^^^^^^^^^^^^^^^^^^
  File "C:\Users\HP\tmdl5\env\Lib\site-packages\sqlalchemy\dialects\postgresql\asyncpg.py", line 580, in execute
    self._adapt_connection.await_(
    ~~~~~~~~~~~~~~~~~~~~~~~~~~~~~^
        self._prepare_and_execute(operation, parameters)
        ^^^^^^^^^^^^^^^^^^^^^^^^^^^^^^^^^^^^^^^^^^^^^^^^
    )
    ^
  File "C:\Users\HP\tmdl5\env\Lib\site-packages\sqlalchemy\util\_concurrency_py3k.py", line 132, in await_only
    return current.parent.switch(awaitable)  # type: ignore[no-any-return,attr-defined] # noqa: E501
           ~~~~~~~~~~~~~~~~~~~~~^^^^^^^^^^^
  File "C:\Users\HP\tmdl5\env\Lib\site-packages\sqlalchemy\util\_concurrency_py3k.py", line 196, in greenlet_spawn
    value = await result
            ^^^^^^^^^^^^
  File "C:\Users\HP\tmdl5\env\Lib\site-packages\sqlalchemy\dialects\postgresql\asyncpg.py", line 558, in _prepare_and_execute
    self._handle_exception(error)
    ~~~~~~~~~~~~~~~~~~~~~~^^^^^^^
  File "C:\Users\HP\tmdl5\env\Lib\site-packages\sqlalchemy\dialects\postgresql\asyncpg.py", line 508, in _handle_exception
    self._adapt_connection._handle_exception(error)
    ~~~~~~~~~~~~~~~~~~~~~~~~~~~~~~~~~~~~~~~~^^^^^^^
  File "C:\Users\HP\tmdl5\env\Lib\site-packages\sqlalchemy\dialects\postgresql\asyncpg.py", line 792, in _handle_exception
    raise translated_error from error
sqlalchemy.dialects.postgresql.asyncpg.AsyncAdapt_asyncpg_dbapi.ProgrammingError: <class 'asyncpg.exceptions.UndefinedColumnError'>: column "week_number" does not exist
HINT:  Perhaps you meant to reference the column "substrand.week_numbers".

The above exception was the direct cause of the following exception:

Traceback (most recent call last):
  File "C:\Users\HP\tmdl5\env\Lib\site-packages\arq\worker.py", line 594, in run_job
    result = await asyncio.wait_for(task, timeout_s)
             ^^^^^^^^^^^^^^^^^^^^^^^^^^^^^^^^^^^^^^^
  File "C:\Program Files\WindowsApps\PythonSoftwareFoundation.Python.3.13_3.13.2544.0_x64__qbz5n2kfra8p0\Lib\asyncio\tasks.py", line 507, in wait_for
    return await fut
           ^^^^^^^^^
  File "c:\Users\HP\tmdl5\outline_back\outline_processor.py", line 92, in process_outline_task
    curriculum_data = await fetch_curriculum_data(teacher_id, subject, class_name)
                      ^^^^^^^^^^^^^^^^^^^^^^^^^^^^^^^^^^^^^^^^^^^^^^^^^^^^^^^^^^^^
  File "c:\Users\HP\tmdl5\outline_back\outline_processor.py", line 207, in fetch_curriculum_data
    substrands_result = await db.execute(
                        ^^^^^^^^^^^^^^^^^
    ...<9 lines>...
    )
    ^
  File "C:\Users\HP\tmdl5\env\Lib\site-packages\sqlalchemy\ext\asyncio\session.py", line 463, in execute
    result = await greenlet_spawn(
             ^^^^^^^^^^^^^^^^^^^^^
    ...<6 lines>...
    )
    ^
  File "C:\Users\HP\tmdl5\env\Lib\site-packages\sqlalchemy\util\_concurrency_py3k.py", line 201, in greenlet_spawn
    result = context.throw(*sys.exc_info())
  File "C:\Users\HP\tmdl5\env\Lib\site-packages\sqlalchemy\orm\session.py", line 2365, in execute
    return self._execute_internal(
           ~~~~~~~~~~~~~~~~~~~~~~^
        statement,
        ^^^^^^^^^^
    ...<4 lines>...
        _add_event=_add_event,
        ^^^^^^^^^^^^^^^^^^^^^^
    )
    ^
  File "C:\Users\HP\tmdl5\env\Lib\site-packages\sqlalchemy\orm\session.py", line 2260, in _execute_internal
    result = conn.execute(
        statement, params or {}, execution_options=execution_options
    )
  File "C:\Users\HP\tmdl5\env\Lib\site-packages\sqlalchemy\engine\base.py", line 1419, in execute
    return meth(
        self,
        distilled_parameters,
        execution_options or NO_OPTIONS,
    )
  File "C:\Users\HP\tmdl5\env\Lib\site-packages\sqlalchemy\sql\elements.py", line 526, in _execute_on_connection
    return connection._execute_clauseelement(
           ~~~~~~~~~~~~~~~~~~~~~~~~~~~~~~~~~^
        self, distilled_params, execution_options
        ^^^^^^^^^^^^^^^^^^^^^^^^^^^^^^^^^^^^^^^^^
    )
    ^
  File "C:\Users\HP\tmdl5\env\Lib\site-packages\sqlalchemy\engine\base.py", line 1641, in _execute_clauseelement
    ret = self._execute_context(
        dialect,
    ...<8 lines>...
        cache_hit=cache_hit,
    )
  File "C:\Users\HP\tmdl5\env\Lib\site-packages\sqlalchemy\engine\base.py", line 1846, in _execute_context
    return self._exec_single_context(
           ~~~~~~~~~~~~~~~~~~~~~~~~~^
        dialect, context, statement, parameters
        ^^^^^^^^^^^^^^^^^^^^^^^^^^^^^^^^^^^^^^^
    )
    ^
  File "C:\Users\HP\tmdl5\env\Lib\site-packages\sqlalchemy\engine\base.py", line 1986, in _exec_single_context
    self._handle_dbapi_exception(
    ~~~~~~~~~~~~~~~~~~~~~~~~~~~~^
        e, str_statement, effective_parameters, cursor, context
        ^^^^^^^^^^^^^^^^^^^^^^^^^^^^^^^^^^^^^^^^^^^^^^^^^^^^^^^
    )
    ^
  File "C:\Users\HP\tmdl5\env\Lib\site-packages\sqlalchemy\engine\base.py", line 2355, in _handle_dbapi_exception
    raise sqlalchemy_exception.with_traceback(exc_info[2]) from e
  File "C:\Users\HP\tmdl5\env\Lib\site-packages\sqlalchemy\engine\base.py", line 1967, in _exec_single_context
    self.dialect.do_execute(
    ~~~~~~~~~~~~~~~~~~~~~~~^
        cursor, str_statement, effective_parameters, context
        ^^^^^^^^^^^^^^^^^^^^^^^^^^^^^^^^^^^^^^^^^^^^^^^^^^^^
    )
    ^
  File "C:\Users\HP\tmdl5\env\Lib\site-packages\sqlalchemy\engine\default.py", line 951, in do_execute
    cursor.execute(statement, parameters)
    ~~~~~~~~~~~~~~^^^^^^^^^^^^^^^^^^^^^^^
  File "C:\Users\HP\tmdl5\env\Lib\site-packages\sqlalchemy\dialects\postgresql\asyncpg.py", line 580, in execute
    self._adapt_connection.await_(
    ~~~~~~~~~~~~~~~~~~~~~~~~~~~~~^
        self._prepare_and_execute(operation, parameters)
        ^^^^^^^^^^^^^^^^^^^^^^^^^^^^^^^^^^^^^^^^^^^^^^^^
    )
    ^
  File "C:\Users\HP\tmdl5\env\Lib\site-packages\sqlalchemy\util\_concurrency_py3k.py", line 132, in await_only
    return current.parent.switch(awaitable)  # type: ignore[no-any-return,attr-defined] # noqa: E501
           ~~~~~~~~~~~~~~~~~~~~~^^^^^^^^^^^
  File "C:\Users\HP\tmdl5\env\Lib\site-packages\sqlalchemy\util\_concurrency_py3k.py", line 196, in greenlet_spawn
    value = await result
            ^^^^^^^^^^^^
  File "C:\Users\HP\tmdl5\env\Lib\site-packages\sqlalchemy\dialects\postgresql\asyncpg.py", line 558, in _prepare_and_execute
    self._handle_exception(error)
    ~~~~~~~~~~~~~~~~~~~~~~^^^^^^^
  File "C:\Users\HP\tmdl5\env\Lib\site-packages\sqlalchemy\dialects\postgresql\asyncpg.py", line 508, in _handle_exception
    self._adapt_connection._handle_exception(error)
    ~~~~~~~~~~~~~~~~~~~~~~~~~~~~~~~~~~~~~~~~^^^^^^^
  File "C:\Users\HP\tmdl5\env\Lib\site-packages\sqlalchemy\dialects\postgresql\asyncpg.py", line 792, in _handle_exception
    raise translated_error from error
sqlalchemy.exc.ProgrammingError: (sqlalchemy.dialects.postgresql.asyncpg.ProgrammingError) <class 'asyncpg.exceptions.UndefinedColumnError'>: column "week_number" does not exist
HINT:  Perhaps you meant to reference the column "substrand.week_numbers".
[SQL: 
                SELECT id, substrand_name, subject, class_name,
                       week_number, session_ids, session_details
                FROM substrand
                WHERE teacher_id = $1
                  AND subject = $2
                  AND class_name = $3
            ]
[parameters: ('7bed2b69-8000-4b36-8e91-7fe0b70c9d82', 'Mathematics', 'Class 8')]
(Background on this error at: https://sqlalche.me/e/20/f405)
2025-12-10 13:42:45,566 - __main__ - INFO - ======================================================================
2025-12-10 13:42:45,567 - __main__ - INFO - Starting Outline Generation Worker
2025-12-10 13:42:45,568 - __main__ - INFO - ======================================================================
2025-12-10 13:42:45,568 - __main__ - INFO - Queue: outline_queue
2025-12-10 13:42:45,568 - __main__ - INFO - Redis: localhost:6379
2025-12-10 13:42:45,568 - __main__ - INFO - Database: 6
2025-12-10 13:42:45,569 - __main__ - INFO - ======================================================================
2025-12-10 13:42:45,585 - arq.worker - INFO - Starting worker for 1 functions: process_outline_task
2025-12-10 13:42:45,588 - arq.worker - INFO - redis_version=8.0.3 mem_usage=1.57M clients_connected=11 db_keys=3
2025-12-10 13:45:49,057 - outline_back.outline_processor - INFO - Starting outline generation for Mathematics - Class 8
2025-12-10 13:45:56,094 - sqlalchemy.engine.Engine - INFO - select pg_catalog.version()
2025-12-10 13:45:56,095 - sqlalchemy.engine.Engine - INFO - [raw sql] ()
2025-12-10 13:45:56,100 - sqlalchemy.engine.Engine - INFO - select current_schema()
2025-12-10 13:45:56,100 - sqlalchemy.engine.Engine - INFO - [raw sql] ()
2025-12-10 13:45:56,105 - sqlalchemy.engine.Engine - INFO - show standard_conforming_strings
2025-12-10 13:45:56,106 - sqlalchemy.engine.Engine - INFO - [raw sql] ()
2025-12-10 13:45:56,109 - sqlalchemy.engine.Engine - INFO - BEGIN (implicit)
2025-12-10 13:45:56,110 - sqlalchemy.engine.Engine - INFO - 
                SELECT id, strand_name, subject, class_name, 
                       week_number, session_ids, session_details
                FROM strand
                WHERE teacher_id = $1
                  AND subject = $2
                  AND class_name = $3
            
2025-12-10 13:45:56,111 - sqlalchemy.engine.Engine - INFO - [generated in 0.00063s] ('7bed2b69-8000-4b36-8e91-7fe0b70c9d82', 'Mathematics', 'Class 8')
2025-12-10 13:45:56,124 - sqlalchemy.engine.Engine - INFO - 
                SELECT id, substrand_name, subject, class_name,
                       week_numbers, session_ids, session_details
                FROM substrand
                WHERE teacher_id = $1
                  AND subject = $2
                  AND class_name = $3
            
2025-12-10 13:45:56,125 - sqlalchemy.engine.Engine - INFO - [generated in 0.00062s] ('7bed2b69-8000-4b36-8e91-7fe0b70c9d82', 'Mathematics', 'Class 8')
2025-12-10 13:45:56,128 - sqlalchemy.engine.Engine - INFO - 
                SELECT id, strand_name, substrand_name, content_standard_code,
                       content_standard_text, subject, class_name,
                       week_number, session_ids, session_details
                FROM contentstandard
                WHERE teacher_id = $1
                  AND subject = $2
                  AND class_name = $3
            
2025-12-10 13:45:56,129 - sqlalchemy.engine.Engine - INFO - [generated in 0.00063s] ('7bed2b69-8000-4b36-8e91-7fe0b70c9d82', 'Mathematics', 'Class 8')
2025-12-10 13:45:56,145 - sqlalchemy.engine.Engine - INFO - ROLLBACK
2025-12-10 13:45:56,317 - arq.worker - ERROR -   7.26s ! f470d3bf981242dfa8e8bb99ca59723f:process_outline_task failed, ProgrammingError: (sqlalchemy.dialects.postgresql.asyncpg.ProgrammingError) <class 'asyncpg.exceptions.UndefinedColumnError'>: column "strand_name" does not exist
[SQL: 
                SELECT id, strand_name, substrand_name, content_standard_code,
                       content_standard_text, subject, class_name,
                       week_number, session_ids, session_details
                FROM contentstandard
                WHERE teacher_id = $1
                  AND subject = $2
                  AND class_name = $3
            ]
[parameters: ('7bed2b69-8000-4b36-8e91-7fe0b70c9d82', 'Mathematics', 'Class 8')]
(Background on this error at: https://sqlalche.me/e/20/f405)
Traceback (most recent call last):
  File "C:\Users\HP\tmdl5\env\Lib\site-packages\sqlalchemy\dialects\postgresql\asyncpg.py", line 521, in _prepare_and_execute
    prepared_stmt, attributes = await adapt_connection._prepare(
                                ^^^^^^^^^^^^^^^^^^^^^^^^^^^^^^^^
        operation, self._invalidate_schema_cache_asof
        ^^^^^^^^^^^^^^^^^^^^^^^^^^^^^^^^^^^^^^^^^^^^^
    )
    ^
  File "C:\Users\HP\tmdl5\env\Lib\site-packages\sqlalchemy\dialects\postgresql\asyncpg.py", line 768, in _prepare
    prepared_stmt = await self._connection.prepare(
                    ^^^^^^^^^^^^^^^^^^^^^^^^^^^^^^^
        operation, name=self._prepared_statement_name_func()
        ^^^^^^^^^^^^^^^^^^^^^^^^^^^^^^^^^^^^^^^^^^^^^^^^^^^^
    )
    ^
  File "C:\Users\HP\tmdl5\env\Lib\site-packages\asyncpg\connection.py", line 635, in prepare
    return await self._prepare(
           ^^^^^^^^^^^^^^^^^^^^
    ...<5 lines>...
    )
    ^
  File "C:\Users\HP\tmdl5\env\Lib\site-packages\asyncpg\connection.py", line 653, in _prepare
    stmt = await self._get_statement(
           ^^^^^^^^^^^^^^^^^^^^^^^^^^
    ...<5 lines>...
    )
    ^
  File "C:\Users\HP\tmdl5\env\Lib\site-packages\asyncpg\connection.py", line 432, in _get_statement
    statement = await self._protocol.prepare(
                ^^^^^^^^^^^^^^^^^^^^^^^^^^^^^
    ...<5 lines>...
    )
    ^
  File "asyncpg\\protocol\\protocol.pyx", line 165, in prepare
asyncpg.exceptions.UndefinedColumnError: column "strand_name" does not exist

The above exception was the direct cause of the following exception:

Traceback (most recent call last):
  File "C:\Users\HP\tmdl5\env\Lib\site-packages\sqlalchemy\engine\base.py", line 1967, in _exec_single_context
    self.dialect.do_execute(
    ~~~~~~~~~~~~~~~~~~~~~~~^
        cursor, str_statement, effective_parameters, context
        ^^^^^^^^^^^^^^^^^^^^^^^^^^^^^^^^^^^^^^^^^^^^^^^^^^^^
    )
    ^
  File "C:\Users\HP\tmdl5\env\Lib\site-packages\sqlalchemy\engine\default.py", line 951, in do_execute
    cursor.execute(statement, parameters)
    ~~~~~~~~~~~~~~^^^^^^^^^^^^^^^^^^^^^^^
  File "C:\Users\HP\tmdl5\env\Lib\site-packages\sqlalchemy\dialects\postgresql\asyncpg.py", line 580, in execute
    self._adapt_connection.await_(
    ~~~~~~~~~~~~~~~~~~~~~~~~~~~~~^
        self._prepare_and_execute(operation, parameters)
        ^^^^^^^^^^^^^^^^^^^^^^^^^^^^^^^^^^^^^^^^^^^^^^^^
    )
    ^
  File "C:\Users\HP\tmdl5\env\Lib\site-packages\sqlalchemy\util\_concurrency_py3k.py", line 132, in await_only
    return current.parent.switch(awaitable)  # type: ignore[no-any-return,attr-defined] # noqa: E501
           ~~~~~~~~~~~~~~~~~~~~~^^^^^^^^^^^
  File "C:\Users\HP\tmdl5\env\Lib\site-packages\sqlalchemy\util\_concurrency_py3k.py", line 196, in greenlet_spawn
    value = await result
            ^^^^^^^^^^^^
  File "C:\Users\HP\tmdl5\env\Lib\site-packages\sqlalchemy\dialects\postgresql\asyncpg.py", line 558, in _prepare_and_execute
    self._handle_exception(error)
    ~~~~~~~~~~~~~~~~~~~~~~^^^^^^^
  File "C:\Users\HP\tmdl5\env\Lib\site-packages\sqlalchemy\dialects\postgresql\asyncpg.py", line 508, in _handle_exception
    self._adapt_connection._handle_exception(error)
    ~~~~~~~~~~~~~~~~~~~~~~~~~~~~~~~~~~~~~~~~^^^^^^^
  File "C:\Users\HP\tmdl5\env\Lib\site-packages\sqlalchemy\dialects\postgresql\asyncpg.py", line 792, in _handle_exception
    raise translated_error from error
sqlalchemy.dialects.postgresql.asyncpg.AsyncAdapt_asyncpg_dbapi.ProgrammingError: <class 'asyncpg.exceptions.UndefinedColumnError'>: column "strand_name" does not exist

The above exception was the direct cause of the following exception:

Traceback (most recent call last):
  File "C:\Users\HP\tmdl5\env\Lib\site-packages\arq\worker.py", line 594, in run_job
    result = await asyncio.wait_for(task, timeout_s)
             ^^^^^^^^^^^^^^^^^^^^^^^^^^^^^^^^^^^^^^^
  File "C:\Program Files\WindowsApps\PythonSoftwareFoundation.Python.3.13_3.13.2544.0_x64__qbz5n2kfra8p0\Lib\asyncio\tasks.py", line 507, in wait_for
    return await fut
           ^^^^^^^^^
  File "c:\Users\HP\tmdl5\outline_back\outline_processor.py", line 92, in process_outline_task
    curriculum_data = await fetch_curriculum_data(teacher_id, subject, class_name)
                      ^^^^^^^^^^^^^^^^^^^^^^^^^^^^^^^^^^^^^^^^^^^^^^^^^^^^^^^^^^^^
  File "c:\Users\HP\tmdl5\outline_back\outline_processor.py", line 221, in fetch_curriculum_data
    standards_result = await db.execute(
                       ^^^^^^^^^^^^^^^^^
    ...<10 lines>...
    )
    ^
  File "C:\Users\HP\tmdl5\env\Lib\site-packages\sqlalchemy\ext\asyncio\session.py", line 463, in execute
    result = await greenlet_spawn(
             ^^^^^^^^^^^^^^^^^^^^^
    ...<6 lines>...
    )
    ^
  File "C:\Users\HP\tmdl5\env\Lib\site-packages\sqlalchemy\util\_concurrency_py3k.py", line 201, in greenlet_spawn
    result = context.throw(*sys.exc_info())
  File "C:\Users\HP\tmdl5\env\Lib\site-packages\sqlalchemy\orm\session.py", line 2365, in execute
    return self._execute_internal(
           ~~~~~~~~~~~~~~~~~~~~~~^
        statement,
        ^^^^^^^^^^
    ...<4 lines>...
        _add_event=_add_event,
        ^^^^^^^^^^^^^^^^^^^^^^
    )
    ^
  File "C:\Users\HP\tmdl5\env\Lib\site-packages\sqlalchemy\orm\session.py", line 2260, in _execute_internal
    result = conn.execute(
        statement, params or {}, execution_options=execution_options
    )
  File "C:\Users\HP\tmdl5\env\Lib\site-packages\sqlalchemy\engine\base.py", line 1419, in execute
    return meth(
        self,
        distilled_parameters,
        execution_options or NO_OPTIONS,
    )
  File "C:\Users\HP\tmdl5\env\Lib\site-packages\sqlalchemy\sql\elements.py", line 526, in _execute_on_connection
    return connection._execute_clauseelement(
           ~~~~~~~~~~~~~~~~~~~~~~~~~~~~~~~~~^
        self, distilled_params, execution_options
        ^^^^^^^^^^^^^^^^^^^^^^^^^^^^^^^^^^^^^^^^^
    )
    ^
  File "C:\Users\HP\tmdl5\env\Lib\site-packages\sqlalchemy\engine\base.py", line 1641, in _execute_clauseelement
    ret = self._execute_context(
        dialect,
    ...<8 lines>...
        cache_hit=cache_hit,
    )
  File "C:\Users\HP\tmdl5\env\Lib\site-packages\sqlalchemy\engine\base.py", line 1846, in _execute_context
    return self._exec_single_context(
           ~~~~~~~~~~~~~~~~~~~~~~~~~^
        dialect, context, statement, parameters
        ^^^^^^^^^^^^^^^^^^^^^^^^^^^^^^^^^^^^^^^
    )
    ^
  File "C:\Users\HP\tmdl5\env\Lib\site-packages\sqlalchemy\engine\base.py", line 1986, in _exec_single_context
    self._handle_dbapi_exception(
    ~~~~~~~~~~~~~~~~~~~~~~~~~~~~^
        e, str_statement, effective_parameters, cursor, context
        ^^^^^^^^^^^^^^^^^^^^^^^^^^^^^^^^^^^^^^^^^^^^^^^^^^^^^^^
    )
    ^
  File "C:\Users\HP\tmdl5\env\Lib\site-packages\sqlalchemy\engine\base.py", line 2355, in _handle_dbapi_exception
    raise sqlalchemy_exception.with_traceback(exc_info[2]) from e
  File "C:\Users\HP\tmdl5\env\Lib\site-packages\sqlalchemy\engine\base.py", line 1967, in _exec_single_context
    self.dialect.do_execute(
    ~~~~~~~~~~~~~~~~~~~~~~~^
        cursor, str_statement, effective_parameters, context
        ^^^^^^^^^^^^^^^^^^^^^^^^^^^^^^^^^^^^^^^^^^^^^^^^^^^^
    )
    ^
  File "C:\Users\HP\tmdl5\env\Lib\site-packages\sqlalchemy\engine\default.py", line 951, in do_execute
    cursor.execute(statement, parameters)
    ~~~~~~~~~~~~~~^^^^^^^^^^^^^^^^^^^^^^^
  File "C:\Users\HP\tmdl5\env\Lib\site-packages\sqlalchemy\dialects\postgresql\asyncpg.py", line 580, in execute
    self._adapt_connection.await_(
    ~~~~~~~~~~~~~~~~~~~~~~~~~~~~~^
        self._prepare_and_execute(operation, parameters)
        ^^^^^^^^^^^^^^^^^^^^^^^^^^^^^^^^^^^^^^^^^^^^^^^^
    )
    ^
  File "C:\Users\HP\tmdl5\env\Lib\site-packages\sqlalchemy\util\_concurrency_py3k.py", line 132, in await_only
    return current.parent.switch(awaitable)  # type: ignore[no-any-return,attr-defined] # noqa: E501
           ~~~~~~~~~~~~~~~~~~~~~^^^^^^^^^^^
  File "C:\Users\HP\tmdl5\env\Lib\site-packages\sqlalchemy\util\_concurrency_py3k.py", line 196, in greenlet_spawn
    value = await result
            ^^^^^^^^^^^^
  File "C:\Users\HP\tmdl5\env\Lib\site-packages\sqlalchemy\dialects\postgresql\asyncpg.py", line 558, in _prepare_and_execute
    self._handle_exception(error)
    ~~~~~~~~~~~~~~~~~~~~~~^^^^^^^
  File "C:\Users\HP\tmdl5\env\Lib\site-packages\sqlalchemy\dialects\postgresql\asyncpg.py", line 508, in _handle_exception
    self._adapt_connection._handle_exception(error)
    ~~~~~~~~~~~~~~~~~~~~~~~~~~~~~~~~~~~~~~~~^^^^^^^
  File "C:\Users\HP\tmdl5\env\Lib\site-packages\sqlalchemy\dialects\postgresql\asyncpg.py", line 792, in _handle_exception
    raise translated_error from error
sqlalchemy.exc.ProgrammingError: (sqlalchemy.dialects.postgresql.asyncpg.ProgrammingError) <class 'asyncpg.exceptions.UndefinedColumnError'>: column "strand_name" does not exist
[SQL: 
                SELECT id, strand_name, substrand_name, content_standard_code,
                       content_standard_text, subject, class_name,
                       week_number, session_ids, session_details
                FROM contentstandard
                WHERE teacher_id = $1
                  AND subject = $2
                  AND class_name = $3
            ]
[parameters: ('7bed2b69-8000-4b36-8e91-7fe0b70c9d82', 'Mathematics', 'Class 8')]
(Background on this error at: https://sqlalche.me/e/20/f405)
2025-12-10 13:50:00,215 - __main__ - INFO - ======================================================================
2025-12-10 13:50:00,217 - __main__ - INFO - Starting Outline Generation Worker
2025-12-10 13:50:00,217 - __main__ - INFO - ======================================================================
2025-12-10 13:50:00,217 - __main__ - INFO - Queue: outline_queue
2025-12-10 13:50:00,217 - __main__ - INFO - Redis: localhost:6379
2025-12-10 13:50:00,217 - __main__ - INFO - Database: 6
2025-12-10 13:50:00,218 - __main__ - INFO - ======================================================================
2025-12-10 13:50:00,241 - arq.worker - INFO - Starting worker for 1 functions: process_outline_task
2025-12-10 13:50:00,244 - arq.worker - INFO - redis_version=8.0.3 mem_usage=1.57M clients_connected=13 db_keys=4
2025-12-10 14:05:28,945 - __main__ - INFO - ======================================================================
2025-12-10 14:05:28,946 - __main__ - INFO - Starting Outline Generation Worker
2025-12-10 14:05:28,946 - __main__ - INFO - ======================================================================
2025-12-10 14:05:28,946 - __main__ - INFO - Queue: outline_queue
2025-12-10 14:05:28,947 - __main__ - INFO - Redis: localhost:6379
2025-12-10 14:05:28,947 - __main__ - INFO - Database: 6
2025-12-10 14:05:28,947 - __main__ - INFO - ======================================================================
2025-12-10 14:05:28,978 - arq.worker - INFO - Starting worker for 1 functions: process_outline_task
2025-12-10 14:05:28,981 - arq.worker - INFO - redis_version=8.0.3 mem_usage=1.57M clients_connected=11 db_keys=4
2025-12-10 14:08:18,065 - outline_back.outline_processor - INFO - Starting outline generation for Mathematics - Class 8
2025-12-10 14:08:19,409 - sqlalchemy.engine.Engine - INFO - select pg_catalog.version()
2025-12-10 14:08:19,410 - sqlalchemy.engine.Engine - INFO - [raw sql] ()
2025-12-10 14:08:19,416 - sqlalchemy.engine.Engine - INFO - select current_schema()
2025-12-10 14:08:19,416 - sqlalchemy.engine.Engine - INFO - [raw sql] ()
2025-12-10 14:08:19,422 - sqlalchemy.engine.Engine - INFO - show standard_conforming_strings
2025-12-10 14:08:19,423 - sqlalchemy.engine.Engine - INFO - [raw sql] ()
2025-12-10 14:08:19,428 - sqlalchemy.engine.Engine - INFO - BEGIN (implicit)
2025-12-10 14:08:19,430 - sqlalchemy.engine.Engine - INFO - 
                SELECT id, strand_name, subject, class_name, 
                       week_numbers, session_ids, session_details
                FROM strand
                WHERE teacher_id = $1
                  AND subject = $2
                  AND class_name = $3
            
2025-12-10 14:08:19,430 - sqlalchemy.engine.Engine - INFO - [generated in 0.00087s] ('7bed2b69-8000-4b36-8e91-7fe0b70c9d82', 'Mathematics', 'Class 8')
2025-12-10 14:08:19,439 - sqlalchemy.engine.Engine - INFO - ROLLBACK
2025-12-10 14:08:19,546 - arq.worker - ERROR -   1.49s ! 54ea952e884848b19cb4c97307aae12b:process_outline_task failed, ProgrammingError: (sqlalchemy.dialects.postgresql.asyncpg.ProgrammingError) <class 'asyncpg.exceptions.UndefinedColumnError'>: column "week_numbers" does not exist
HINT:  Perhaps you meant to reference the column "strand.week_number".
[SQL: 
                SELECT id, strand_name, subject, class_name, 
                       week_numbers, session_ids, session_details
                FROM strand
                WHERE teacher_id = $1
                  AND subject = $2
                  AND class_name = $3
            ]
[parameters: ('7bed2b69-8000-4b36-8e91-7fe0b70c9d82', 'Mathematics', 'Class 8')]
(Background on this error at: https://sqlalche.me/e/20/f405)
Traceback (most recent call last):
  File "C:\Users\HP\tmdl5\env\Lib\site-packages\sqlalchemy\dialects\postgresql\asyncpg.py", line 521, in _prepare_and_execute
    prepared_stmt, attributes = await adapt_connection._prepare(
                                ^^^^^^^^^^^^^^^^^^^^^^^^^^^^^^^^
        operation, self._invalidate_schema_cache_asof
        ^^^^^^^^^^^^^^^^^^^^^^^^^^^^^^^^^^^^^^^^^^^^^
    )
    ^
  File "C:\Users\HP\tmdl5\env\Lib\site-packages\sqlalchemy\dialects\postgresql\asyncpg.py", line 768, in _prepare
    prepared_stmt = await self._connection.prepare(
                    ^^^^^^^^^^^^^^^^^^^^^^^^^^^^^^^
        operation, name=self._prepared_statement_name_func()
        ^^^^^^^^^^^^^^^^^^^^^^^^^^^^^^^^^^^^^^^^^^^^^^^^^^^^
    )
    ^
  File "C:\Users\HP\tmdl5\env\Lib\site-packages\asyncpg\connection.py", line 635, in prepare
    return await self._prepare(
           ^^^^^^^^^^^^^^^^^^^^
    ...<5 lines>...
    )
    ^
  File "C:\Users\HP\tmdl5\env\Lib\site-packages\asyncpg\connection.py", line 653, in _prepare
    stmt = await self._get_statement(
           ^^^^^^^^^^^^^^^^^^^^^^^^^^
    ...<5 lines>...
    )
    ^
  File "C:\Users\HP\tmdl5\env\Lib\site-packages\asyncpg\connection.py", line 432, in _get_statement
    statement = await self._protocol.prepare(
                ^^^^^^^^^^^^^^^^^^^^^^^^^^^^^
    ...<5 lines>...
    )
    ^
  File "asyncpg\\protocol\\protocol.pyx", line 165, in prepare
asyncpg.exceptions.UndefinedColumnError: column "week_numbers" does not exist
HINT:  Perhaps you meant to reference the column "strand.week_number".

The above exception was the direct cause of the following exception:

Traceback (most recent call last):
  File "C:\Users\HP\tmdl5\env\Lib\site-packages\sqlalchemy\engine\base.py", line 1967, in _exec_single_context
    self.dialect.do_execute(
    ~~~~~~~~~~~~~~~~~~~~~~~^
        cursor, str_statement, effective_parameters, context
        ^^^^^^^^^^^^^^^^^^^^^^^^^^^^^^^^^^^^^^^^^^^^^^^^^^^^
    )
    ^
  File "C:\Users\HP\tmdl5\env\Lib\site-packages\sqlalchemy\engine\default.py", line 951, in do_execute
    cursor.execute(statement, parameters)
    ~~~~~~~~~~~~~~^^^^^^^^^^^^^^^^^^^^^^^
  File "C:\Users\HP\tmdl5\env\Lib\site-packages\sqlalchemy\dialects\postgresql\asyncpg.py", line 580, in execute
    self._adapt_connection.await_(
    ~~~~~~~~~~~~~~~~~~~~~~~~~~~~~^
        self._prepare_and_execute(operation, parameters)
        ^^^^^^^^^^^^^^^^^^^^^^^^^^^^^^^^^^^^^^^^^^^^^^^^
    )
    ^
  File "C:\Users\HP\tmdl5\env\Lib\site-packages\sqlalchemy\util\_concurrency_py3k.py", line 132, in await_only
    return current.parent.switch(awaitable)  # type: ignore[no-any-return,attr-defined] # noqa: E501
           ~~~~~~~~~~~~~~~~~~~~~^^^^^^^^^^^
  File "C:\Users\HP\tmdl5\env\Lib\site-packages\sqlalchemy\util\_concurrency_py3k.py", line 196, in greenlet_spawn
    value = await result
            ^^^^^^^^^^^^
  File "C:\Users\HP\tmdl5\env\Lib\site-packages\sqlalchemy\dialects\postgresql\asyncpg.py", line 558, in _prepare_and_execute
    self._handle_exception(error)
    ~~~~~~~~~~~~~~~~~~~~~~^^^^^^^
  File "C:\Users\HP\tmdl5\env\Lib\site-packages\sqlalchemy\dialects\postgresql\asyncpg.py", line 508, in _handle_exception
    self._adapt_connection._handle_exception(error)
    ~~~~~~~~~~~~~~~~~~~~~~~~~~~~~~~~~~~~~~~~^^^^^^^
  File "C:\Users\HP\tmdl5\env\Lib\site-packages\sqlalchemy\dialects\postgresql\asyncpg.py", line 792, in _handle_exception
    raise translated_error from error
sqlalchemy.dialects.postgresql.asyncpg.AsyncAdapt_asyncpg_dbapi.ProgrammingError: <class 'asyncpg.exceptions.UndefinedColumnError'>: column "week_numbers" does not exist
HINT:  Perhaps you meant to reference the column "strand.week_number".

The above exception was the direct cause of the following exception:

Traceback (most recent call last):
  File "C:\Users\HP\tmdl5\env\Lib\site-packages\arq\worker.py", line 594, in run_job
    result = await asyncio.wait_for(task, timeout_s)
             ^^^^^^^^^^^^^^^^^^^^^^^^^^^^^^^^^^^^^^^
  File "C:\Program Files\WindowsApps\PythonSoftwareFoundation.Python.3.13_3.13.2544.0_x64__qbz5n2kfra8p0\Lib\asyncio\tasks.py", line 507, in wait_for
    return await fut
           ^^^^^^^^^
  File "c:\Users\HP\tmdl5\outline_back\outline_processor.py", line 92, in process_outline_task
    curriculum_data = await fetch_curriculum_data(teacher_id, subject, class_name)
                      ^^^^^^^^^^^^^^^^^^^^^^^^^^^^^^^^^^^^^^^^^^^^^^^^^^^^^^^^^^^^
  File "c:\Users\HP\tmdl5\outline_back\outline_processor.py", line 193, in fetch_curriculum_data
    strands_result = await db.execute(
                     ^^^^^^^^^^^^^^^^^
    ...<9 lines>...
    )
    ^
  File "C:\Users\HP\tmdl5\env\Lib\site-packages\sqlalchemy\ext\asyncio\session.py", line 463, in execute
    result = await greenlet_spawn(
             ^^^^^^^^^^^^^^^^^^^^^
    ...<6 lines>...
    )
    ^
  File "C:\Users\HP\tmdl5\env\Lib\site-packages\sqlalchemy\util\_concurrency_py3k.py", line 201, in greenlet_spawn
    result = context.throw(*sys.exc_info())
  File "C:\Users\HP\tmdl5\env\Lib\site-packages\sqlalchemy\orm\session.py", line 2365, in execute
    return self._execute_internal(
           ~~~~~~~~~~~~~~~~~~~~~~^
        statement,
        ^^^^^^^^^^
    ...<4 lines>...
        _add_event=_add_event,
        ^^^^^^^^^^^^^^^^^^^^^^
    )
    ^
  File "C:\Users\HP\tmdl5\env\Lib\site-packages\sqlalchemy\orm\session.py", line 2260, in _execute_internal
    result = conn.execute(
        statement, params or {}, execution_options=execution_options
    )
  File "C:\Users\HP\tmdl5\env\Lib\site-packages\sqlalchemy\engine\base.py", line 1419, in execute
    return meth(
        self,
        distilled_parameters,
        execution_options or NO_OPTIONS,
    )
  File "C:\Users\HP\tmdl5\env\Lib\site-packages\sqlalchemy\sql\elements.py", line 526, in _execute_on_connection
    return connection._execute_clauseelement(
           ~~~~~~~~~~~~~~~~~~~~~~~~~~~~~~~~~^
        self, distilled_params, execution_options
        ^^^^^^^^^^^^^^^^^^^^^^^^^^^^^^^^^^^^^^^^^
    )
    ^
  File "C:\Users\HP\tmdl5\env\Lib\site-packages\sqlalchemy\engine\base.py", line 1641, in _execute_clauseelement
    ret = self._execute_context(
        dialect,
    ...<8 lines>...
        cache_hit=cache_hit,
    )
  File "C:\Users\HP\tmdl5\env\Lib\site-packages\sqlalchemy\engine\base.py", line 1846, in _execute_context
    return self._exec_single_context(
           ~~~~~~~~~~~~~~~~~~~~~~~~~^
        dialect, context, statement, parameters
        ^^^^^^^^^^^^^^^^^^^^^^^^^^^^^^^^^^^^^^^
    )
    ^
  File "C:\Users\HP\tmdl5\env\Lib\site-packages\sqlalchemy\engine\base.py", line 1986, in _exec_single_context
    self._handle_dbapi_exception(
    ~~~~~~~~~~~~~~~~~~~~~~~~~~~~^
        e, str_statement, effective_parameters, cursor, context
        ^^^^^^^^^^^^^^^^^^^^^^^^^^^^^^^^^^^^^^^^^^^^^^^^^^^^^^^
    )
    ^
  File "C:\Users\HP\tmdl5\env\Lib\site-packages\sqlalchemy\engine\base.py", line 2355, in _handle_dbapi_exception
    raise sqlalchemy_exception.with_traceback(exc_info[2]) from e
  File "C:\Users\HP\tmdl5\env\Lib\site-packages\sqlalchemy\engine\base.py", line 1967, in _exec_single_context
    self.dialect.do_execute(
    ~~~~~~~~~~~~~~~~~~~~~~~^
        cursor, str_statement, effective_parameters, context
        ^^^^^^^^^^^^^^^^^^^^^^^^^^^^^^^^^^^^^^^^^^^^^^^^^^^^
    )
    ^
  File "C:\Users\HP\tmdl5\env\Lib\site-packages\sqlalchemy\engine\default.py", line 951, in do_execute
    cursor.execute(statement, parameters)
    ~~~~~~~~~~~~~~^^^^^^^^^^^^^^^^^^^^^^^
  File "C:\Users\HP\tmdl5\env\Lib\site-packages\sqlalchemy\dialects\postgresql\asyncpg.py", line 580, in execute
    self._adapt_connection.await_(
    ~~~~~~~~~~~~~~~~~~~~~~~~~~~~~^
        self._prepare_and_execute(operation, parameters)
        ^^^^^^^^^^^^^^^^^^^^^^^^^^^^^^^^^^^^^^^^^^^^^^^^
    )
    ^
  File "C:\Users\HP\tmdl5\env\Lib\site-packages\sqlalchemy\util\_concurrency_py3k.py", line 132, in await_only
    return current.parent.switch(awaitable)  # type: ignore[no-any-return,attr-defined] # noqa: E501
           ~~~~~~~~~~~~~~~~~~~~~^^^^^^^^^^^
  File "C:\Users\HP\tmdl5\env\Lib\site-packages\sqlalchemy\util\_concurrency_py3k.py", line 196, in greenlet_spawn
    value = await result
            ^^^^^^^^^^^^
  File "C:\Users\HP\tmdl5\env\Lib\site-packages\sqlalchemy\dialects\postgresql\asyncpg.py", line 558, in _prepare_and_execute
    self._handle_exception(error)
    ~~~~~~~~~~~~~~~~~~~~~~^^^^^^^
  File "C:\Users\HP\tmdl5\env\Lib\site-packages\sqlalchemy\dialects\postgresql\asyncpg.py", line 508, in _handle_exception
    self._adapt_connection._handle_exception(error)
    ~~~~~~~~~~~~~~~~~~~~~~~~~~~~~~~~~~~~~~~~^^^^^^^
  File "C:\Users\HP\tmdl5\env\Lib\site-packages\sqlalchemy\dialects\postgresql\asyncpg.py", line 792, in _handle_exception
    raise translated_error from error
sqlalchemy.exc.ProgrammingError: (sqlalchemy.dialects.postgresql.asyncpg.ProgrammingError) <class 'asyncpg.exceptions.UndefinedColumnError'>: column "week_numbers" does not exist
HINT:  Perhaps you meant to reference the column "strand.week_number".
[SQL: 
                SELECT id, strand_name, subject, class_name, 
                       week_numbers, session_ids, session_details
                FROM strand
                WHERE teacher_id = $1
                  AND subject = $2
                  AND class_name = $3
            ]
[parameters: ('7bed2b69-8000-4b36-8e91-7fe0b70c9d82', 'Mathematics', 'Class 8')]
(Background on this error at: https://sqlalche.me/e/20/f405)
2025-12-10 14:14:08,901 - __main__ - INFO - ======================================================================
2025-12-10 14:14:08,902 - __main__ - INFO - Starting Outline Generation Worker
2025-12-10 14:14:08,903 - __main__ - INFO - ======================================================================
2025-12-10 14:14:08,903 - __main__ - INFO - Queue: outline_queue
2025-12-10 14:14:08,903 - __main__ - INFO - Redis: localhost:6379
2025-12-10 14:14:08,903 - __main__ - INFO - Database: 6
2025-12-10 14:14:08,903 - __main__ - INFO - ======================================================================
2025-12-10 14:14:08,937 - arq.worker - INFO - Starting worker for 1 functions: process_outline_task
2025-12-10 14:14:08,940 - arq.worker - INFO - redis_version=8.0.3 mem_usage=1.58M clients_connected=13 db_keys=5
2025-12-10 14:16:51,003 - outline_back.outline_processor - INFO - Starting outline generation for Mathematics - Class 8
2025-12-10 14:16:53,166 - sqlalchemy.engine.Engine - INFO - select pg_catalog.version()
2025-12-10 14:16:53,167 - sqlalchemy.engine.Engine - INFO - [raw sql] ()
2025-12-10 14:16:53,228 - sqlalchemy.engine.Engine - INFO - select current_schema()
2025-12-10 14:16:53,228 - sqlalchemy.engine.Engine - INFO - [raw sql] ()
2025-12-10 14:16:53,240 - sqlalchemy.engine.Engine - INFO - show standard_conforming_strings
2025-12-10 14:16:53,241 - sqlalchemy.engine.Engine - INFO - [raw sql] ()
2025-12-10 14:16:53,249 - sqlalchemy.engine.Engine - INFO - BEGIN (implicit)
2025-12-10 14:16:53,251 - sqlalchemy.engine.Engine - INFO - 
                SELECT id, strand_name, subject, class_name, 
                       week_number, session_ids, session_details
                FROM strand
                WHERE teacher_id = $1
                  AND subject = $2
                  AND class_name = $3
            
2025-12-10 14:16:53,252 - sqlalchemy.engine.Engine - INFO - [generated in 0.00117s] ('7bed2b69-8000-4b36-8e91-7fe0b70c9d82', 'Mathematics', 'Class 8')
2025-12-10 14:16:53,262 - sqlalchemy.engine.Engine - INFO - 
                SELECT id, substrand_name, subject, class_name,
                       week_numbers, session_ids, session_details
                FROM substrand
                WHERE teacher_id = $1
                  AND subject = $2
                  AND class_name = $3
            
2025-12-10 14:16:53,263 - sqlalchemy.engine.Engine - INFO - [generated in 0.00112s] ('7bed2b69-8000-4b36-8e91-7fe0b70c9d82', 'Mathematics', 'Class 8')
2025-12-10 14:16:53,274 - sqlalchemy.engine.Engine - INFO - 
                SELECT id, content_standard_code,
                       content_standard, subject, class_name,
                       session_ids, session_details
                FROM contentstandard
                WHERE teacher_id = $1
                  AND subject = $2
                  AND class_name = $3
            
2025-12-10 14:16:53,275 - sqlalchemy.engine.Engine - INFO - [generated in 0.00123s] ('7bed2b69-8000-4b36-8e91-7fe0b70c9d82', 'Mathematics', 'Class 8')
2025-12-10 14:16:53,283 - sqlalchemy.engine.Engine - INFO - 
                SELECT id, indicator_code, indicator_text, subject, class_name,
                       session_ids, session_details
                FROM indicator
                WHERE teacher_id = $1
                  AND subject = $2
                  AND class_name = $3
            
2025-12-10 14:16:53,286 - sqlalchemy.engine.Engine - INFO - [generated in 0.00232s] ('7bed2b69-8000-4b36-8e91-7fe0b70c9d82', 'Mathematics', 'Class 8')
2025-12-10 14:16:53,294 - sqlalchemy.engine.Engine - INFO - ROLLBACK
2025-12-10 14:16:53,316 - arq.worker - ERROR -   2.33s ! 8fd00d6d249846b083dfbc091d02030b:process_outline_task failed, KeyError: 'strand_name'
Traceback (most recent call last):
  File "C:\Users\HP\tmdl5\env\Lib\site-packages\arq\worker.py", line 594, in run_job
    result = await asyncio.wait_for(task, timeout_s)
             ^^^^^^^^^^^^^^^^^^^^^^^^^^^^^^^^^^^^^^^
  File "C:\Program Files\WindowsApps\PythonSoftwareFoundation.Python.3.13_3.13.2544.0_x64__qbz5n2kfra8p0\Lib\asyncio\tasks.py", line 507, in wait_for
    return await fut
           ^^^^^^^^^
  File "c:\Users\HP\tmdl5\outline_back\outline_processor.py", line 106, in process_outline_task
    prompt = build_outline_prompt(
        curriculum_data=curriculum_data,
    ...<5 lines>...
        term=term
    )
  File "c:\Users\HP\tmdl5\outline_back\outline_processor.py", line 287, in build_outline_prompt
    strand_substrands = [s for s in substrands if s['strand_name'] == strand['strand_name']]
                                                  ~^^^^^^^^^^^^^^^
KeyError: 'strand_name'
2025-12-10 14:25:52,014 - __main__ - INFO - ======================================================================
2025-12-10 14:25:52,017 - __main__ - INFO - Starting Outline Generation Worker
2025-12-10 14:25:52,017 - __main__ - INFO - ======================================================================
2025-12-10 14:25:52,018 - __main__ - INFO - Queue: outline_queue
2025-12-10 14:25:52,018 - __main__ - INFO - Redis: localhost:6379
2025-12-10 14:25:52,018 - __main__ - INFO - Database: 6
2025-12-10 14:25:52,018 - __main__ - INFO - ======================================================================
2025-12-10 14:25:52,041 - arq.worker - INFO - Starting worker for 1 functions: process_outline_task
2025-12-10 14:25:52,045 - arq.worker - INFO - redis_version=8.0.3 mem_usage=1.58M clients_connected=12 db_keys=8
2025-12-10 14:25:52,078 - outline_back.outline_processor - INFO - Starting outline generation for Mathematics - Class 8
2025-12-10 14:25:52,913 - sqlalchemy.engine.Engine - INFO - select pg_catalog.version()
2025-12-10 14:25:52,913 - sqlalchemy.engine.Engine - INFO - [raw sql] ()
2025-12-10 14:25:52,920 - sqlalchemy.engine.Engine - INFO - select current_schema()
2025-12-10 14:25:52,920 - sqlalchemy.engine.Engine - INFO - [raw sql] ()
2025-12-10 14:25:52,926 - sqlalchemy.engine.Engine - INFO - show standard_conforming_strings
2025-12-10 14:25:52,927 - sqlalchemy.engine.Engine - INFO - [raw sql] ()
2025-12-10 14:25:52,934 - sqlalchemy.engine.Engine - INFO - BEGIN (implicit)
2025-12-10 14:25:52,935 - sqlalchemy.engine.Engine - INFO - 
                SELECT id, strand_name, subject, class_name, 
                       week_number, session_ids, session_details
                FROM strand
                WHERE teacher_id = $1
                  AND subject = $2
                  AND class_name = $3
            
2025-12-10 14:25:52,936 - sqlalchemy.engine.Engine - INFO - [generated in 0.00081s] ('7bed2b69-8000-4b36-8e91-7fe0b70c9d82', 'Mathematics', 'Class 8')
2025-12-10 14:25:52,951 - sqlalchemy.engine.Engine - INFO - 
                SELECT s.id, s.substrand_name, s.subject, s.class_name,
                       s.week_numbers, s.session_ids, s.session_details,
                       st.strand_name
                FROM substrand s
                JOIN strand st ON s.strand_id = st.id
                WHERE s.teacher_id = $1
                  AND s.subject = $2
                  AND s.class_name = $3
            
2025-12-10 14:25:52,953 - sqlalchemy.engine.Engine - INFO - [generated in 0.00168s] ('7bed2b69-8000-4b36-8e91-7fe0b70c9d82', 'Mathematics', 'Class 8')
2025-12-10 14:25:52,962 - sqlalchemy.engine.Engine - INFO - 
                SELECT cs.id, cs.content_standard_code,
                       cs.content_standard, cs.subject, cs.class_name,
                       cs.session_ids, cs.session_details,
                       st.strand_name, s.substrand_name
                FROM contentstandard cs
                JOIN substrand s ON cs.substrand_id = s.id
                JOIN strand st ON s.strand_id = st.id
                WHERE cs.teacher_id = $1
                  AND cs.subject = $2
                  AND cs.class_name = $3
            
2025-12-10 14:25:52,963 - sqlalchemy.engine.Engine - INFO - [generated in 0.00087s] ('7bed2b69-8000-4b36-8e91-7fe0b70c9d82', 'Mathematics', 'Class 8')
2025-12-10 14:25:52,971 - sqlalchemy.engine.Engine - INFO - 
                SELECT i.id, i.indicator_code, i.indicator_text, i.subject, i.class_name,
                       i.session_ids, i.session_details,
                       cs.content_standard_code, s.substrand_name, st.strand_name
                FROM indicator i
                JOIN contentstandard cs ON i.content_standard_id = cs.id
                JOIN substrand s ON cs.substrand_id = s.id
                JOIN strand st ON s.strand_id = st.id
                WHERE i.teacher_id = $1
                  AND i.subject = $2
                  AND i.class_name = $3
            
2025-12-10 14:25:52,972 - sqlalchemy.engine.Engine - INFO - [generated in 0.00112s] ('7bed2b69-8000-4b36-8e91-7fe0b70c9d82', 'Mathematics', 'Class 8')
2025-12-10 14:25:52,983 - sqlalchemy.engine.Engine - INFO - ROLLBACK
2025-12-10 14:26:16,929 - arq.worker - ERROR -  24.86s ! 51050583f14c4cd3a8775eb1906a3a7e:process_outline_task failed, InvalidArgument: 400 API key not valid. Please pass a valid API key. [reason: "API_KEY_INVALID"
domain: "googleapis.com"
metadata {
  key: "service"
  value: "generativelanguage.googleapis.com"
}
, locale: "en-US"
message: "API key not valid. Please pass a valid API key."
]
Traceback (most recent call last):
  File "C:\Users\HP\tmdl5\env\Lib\site-packages\arq\worker.py", line 594, in run_job
    result = await asyncio.wait_for(task, timeout_s)
             ^^^^^^^^^^^^^^^^^^^^^^^^^^^^^^^^^^^^^^^
  File "C:\Program Files\WindowsApps\PythonSoftwareFoundation.Python.3.13_3.13.2544.0_x64__qbz5n2kfra8p0\Lib\asyncio\tasks.py", line 507, in wait_for
    return await fut
           ^^^^^^^^^
  File "c:\Users\HP\tmdl5\outline_back\outline_processor.py", line 128, in process_outline_task
    outline_content = await call_ai_for_outline(prompt)
                      ^^^^^^^^^^^^^^^^^^^^^^^^^^^^^^^^^
  File "c:\Users\HP\tmdl5\outline_back\outline_processor.py", line 399, in call_ai_for_outline
    response = model.generate_content(
        prompt,
    ...<5 lines>...
        )
    )
  File "C:\Users\HP\tmdl5\env\Lib\site-packages\google\generativeai\generative_models.py", line 331, in generate_content
    response = self._client.generate_content(
        request,
        **request_options,
    )
  File "C:\Users\HP\tmdl5\env\Lib\site-packages\google\ai\generativelanguage_v1beta\services\generative_service\client.py", line 835, in generate_content
    response = rpc(
        request,
    ...<2 lines>...
        metadata=metadata,
    )
  File "C:\Users\HP\tmdl5\env\Lib\site-packages\google\api_core\gapic_v1\method.py", line 131, in __call__
    return wrapped_func(*args, **kwargs)
  File "C:\Users\HP\tmdl5\env\Lib\site-packages\google\api_core\retry\retry_unary.py", line 294, in retry_wrapped_func
    return retry_target(
        target,
    ...<3 lines>...
        on_error=on_error,
    )
  File "C:\Users\HP\tmdl5\env\Lib\site-packages\google\api_core\retry\retry_unary.py", line 156, in retry_target
    next_sleep = _retry_error_helper(
        exc,
    ...<6 lines>...
        timeout,
    )
  File "C:\Users\HP\tmdl5\env\Lib\site-packages\google\api_core\retry\retry_base.py", line 214, in _retry_error_helper
    raise final_exc from source_exc
  File "C:\Users\HP\tmdl5\env\Lib\site-packages\google\api_core\retry\retry_unary.py", line 147, in retry_target
    result = target()
  File "C:\Users\HP\tmdl5\env\Lib\site-packages\google\api_core\timeout.py", line 130, in func_with_timeout
    return func(*args, **kwargs)
  File "C:\Users\HP\tmdl5\env\Lib\site-packages\google\api_core\grpc_helpers.py", line 78, in error_remapped_callable
    raise exceptions.from_grpc_error(exc) from exc
google.api_core.exceptions.InvalidArgument: 400 API key not valid. Please pass a valid API key. [reason: "API_KEY_INVALID"
domain: "googleapis.com"
metadata {
  key: "service"
  value: "generativelanguage.googleapis.com"
}
, locale: "en-US"
message: "API key not valid. Please pass a valid API key."
]
2025-12-10 14:26:16,938 - arq.jobs - WARNING - error serializing result of 51050583f14c4cd3a8775eb1906a3a7e:process_outline_task
Traceback (most recent call last):
  File "C:\Users\HP\tmdl5\env\Lib\site-packages\arq\jobs.py", line 261, in serialize_result
    return serializer(data)
TypeError: cannot pickle '_thread.RLock' object
2025-12-10 17:54:15,297 - arq.worker - INFO - recording health: Dec-10 17:54:14 j_complete=0 j_failed=1 j_retried=0 j_ongoing=0 queued=0
2025-12-10 18:10:41,189 - __main__ - INFO - ======================================================================
2025-12-10 18:10:41,194 - __main__ - INFO - Starting Outline Generation Worker
2025-12-10 18:10:41,196 - __main__ - INFO - ======================================================================
2025-12-10 18:10:41,197 - __main__ - INFO - Queue: outline_queue
2025-12-10 18:10:41,198 - __main__ - INFO - Redis: localhost:6379
2025-12-10 18:10:41,199 - __main__ - INFO - Database: 6
2025-12-10 18:10:41,200 - __main__ - INFO - ======================================================================
2025-12-10 18:10:41,295 - arq.worker - INFO - Starting worker for 1 functions: process_outline_task
2025-12-10 18:10:41,307 - arq.worker - INFO - redis_version=8.0.3 mem_usage=1.22M clients_connected=2 db_keys=0
2025-12-10 18:22:46,055 - __main__ - INFO - ======================================================================
2025-12-10 18:22:46,056 - __main__ - INFO - Starting Outline Generation Worker
2025-12-10 18:22:46,057 - __main__ - INFO - ======================================================================
2025-12-10 18:22:46,057 - __main__ - INFO - Queue: outline_queue
2025-12-10 18:22:46,057 - __main__ - INFO - Redis: localhost:6379
2025-12-10 18:22:46,057 - __main__ - INFO - Database: 6
2025-12-10 18:22:46,058 - __main__ - INFO - ======================================================================
2025-12-10 18:22:46,083 - arq.worker - INFO - Starting worker for 1 functions: process_outline_task
2025-12-10 18:22:46,086 - arq.worker - INFO - redis_version=8.0.3 mem_usage=1.24M clients_connected=1 db_keys=1
2025-12-10 18:37:10,397 - __main__ - INFO - ======================================================================
2025-12-10 18:37:10,398 - __main__ - INFO - Starting Outline Generation Worker
2025-12-10 18:37:10,399 - __main__ - INFO - ======================================================================
2025-12-10 18:37:10,399 - __main__ - INFO - Queue: outline_queue
2025-12-10 18:37:10,399 - __main__ - INFO - Redis: localhost:6379
2025-12-10 18:37:10,399 - __main__ - INFO - Database: 6
2025-12-10 18:37:10,400 - __main__ - INFO - ======================================================================
2025-12-10 18:37:10,417 - arq.worker - INFO - Starting worker for 1 functions: process_outline_task
2025-12-10 18:37:10,420 - arq.worker - INFO - redis_version=8.0.3 mem_usage=1.53M clients_connected=3 db_keys=1
2025-12-10 18:43:10,316 - __main__ - INFO - ======================================================================
2025-12-10 18:43:10,317 - __main__ - INFO - Starting Outline Generation Worker
2025-12-10 18:43:10,317 - __main__ - INFO - ======================================================================
2025-12-10 18:43:10,317 - __main__ - INFO - Queue: outline_queue
2025-12-10 18:43:10,317 - __main__ - INFO - Redis: localhost:6379
2025-12-10 18:43:10,317 - __main__ - INFO - Database: 6
2025-12-10 18:43:10,318 - __main__ - INFO - ======================================================================
2025-12-10 18:43:10,343 - arq.worker - INFO - Starting worker for 1 functions: process_outline_task
2025-12-10 18:43:10,346 - arq.worker - INFO - redis_version=8.0.3 mem_usage=1.54M clients_connected=3 db_keys=1
2025-12-10 18:43:10,346 - __main__ - INFO - 🚀 Outline worker starting up...
2025-12-10 18:56:00,376 - __main__ - INFO - ======================================================================
2025-12-10 18:56:00,377 - __main__ - INFO - Starting Outline Generation Worker
2025-12-10 18:56:00,378 - __main__ - INFO - ======================================================================
2025-12-10 18:56:00,378 - __main__ - INFO - Queue: outline_queue
2025-12-10 18:56:00,378 - __main__ - INFO - Redis: localhost:6379
2025-12-10 18:56:00,378 - __main__ - INFO - Database: 6
2025-12-10 18:56:00,378 - __main__ - INFO - ======================================================================
2025-12-10 18:56:00,406 - arq.worker - INFO - Starting worker for 1 functions: process_outline_task
2025-12-10 18:56:00,409 - arq.worker - INFO - redis_version=8.0.3 mem_usage=1.54M clients_connected=3 db_keys=1
2025-12-10 18:56:00,409 - __main__ - INFO - 🚀 Outline worker starting up...
2025-12-10 19:01:41,373 - arq.worker - INFO -   5.33s → 65a78984fcb54e57af71a2c03ae0ad28:process_outline_task('7bed2b69-8000-4b36-8e91-7fe0b70c9d82', 'Mathematics', 'Class 8', 'university',…)
2025-12-10 19:01:41,386 - outline_back.outline_processor - INFO - Starting outline generation for Mathematics - Class 8
2025-12-10 19:01:42,804 - sqlalchemy.engine.Engine - INFO - select pg_catalog.version()
2025-12-10 19:01:42,805 - sqlalchemy.engine.Engine - INFO - [raw sql] ()
2025-12-10 19:01:42,815 - sqlalchemy.engine.Engine - INFO - select current_schema()
2025-12-10 19:01:42,815 - sqlalchemy.engine.Engine - INFO - [raw sql] ()
2025-12-10 19:01:42,824 - sqlalchemy.engine.Engine - INFO - show standard_conforming_strings
2025-12-10 19:01:42,824 - sqlalchemy.engine.Engine - INFO - [raw sql] ()
2025-12-10 19:01:42,830 - sqlalchemy.engine.Engine - INFO - BEGIN (implicit)
2025-12-10 19:01:42,831 - sqlalchemy.engine.Engine - INFO - 
                SELECT id, strand_name, subject, class_name, 
                       week_number, session_ids, session_details
                FROM strand
                WHERE teacher_id = $1
                  AND subject = $2
                  AND class_name = $3
            
2025-12-10 19:01:42,833 - sqlalchemy.engine.Engine - INFO - [generated in 0.00182s] ('7bed2b69-8000-4b36-8e91-7fe0b70c9d82', 'Mathematics', 'Class 8')
2025-12-10 19:01:42,842 - sqlalchemy.engine.Engine - INFO - 
                SELECT s.id, s.substrand_name, s.subject, s.class_name,
                       s.week_numbers, s.session_ids, s.session_details,
                       st.strand_name
                FROM substrand s
                JOIN strand st ON s.strand_id = st.id
                WHERE s.teacher_id = $1
                  AND s.subject = $2
                  AND s.class_name = $3
            
2025-12-10 19:01:42,845 - sqlalchemy.engine.Engine - INFO - [generated in 0.00256s] ('7bed2b69-8000-4b36-8e91-7fe0b70c9d82', 'Mathematics', 'Class 8')
2025-12-10 19:01:42,856 - sqlalchemy.engine.Engine - INFO - 
                SELECT cs.id, cs.content_standard_code,
                       cs.content_standard, cs.subject, cs.class_name,
                       cs.session_ids, cs.session_details,
                       st.strand_name, s.substrand_name
                FROM contentstandard cs
                JOIN substrand s ON cs.substrand_id = s.id
                JOIN strand st ON s.strand_id = st.id
                WHERE cs.teacher_id = $1
                  AND cs.subject = $2
                  AND cs.class_name = $3
            
2025-12-10 19:01:42,866 - sqlalchemy.engine.Engine - INFO - [generated in 0.00944s] ('7bed2b69-8000-4b36-8e91-7fe0b70c9d82', 'Mathematics', 'Class 8')
2025-12-10 19:01:42,872 - sqlalchemy.engine.Engine - INFO - 
                SELECT i.id, i.indicator_code, i.indicator_text, i.subject, i.class_name,
                       i.session_ids, i.session_details,
                       cs.content_standard_code, s.substrand_name, st.strand_name
                FROM indicator i
                JOIN contentstandard cs ON i.content_standard_id = cs.id
                JOIN substrand s ON cs.substrand_id = s.id
                JOIN strand st ON s.strand_id = st.id
                WHERE i.teacher_id = $1
                  AND i.subject = $2
                  AND i.class_name = $3
            
2025-12-10 19:01:42,875 - sqlalchemy.engine.Engine - INFO - [generated in 0.00293s] ('7bed2b69-8000-4b36-8e91-7fe0b70c9d82', 'Mathematics', 'Class 8')
2025-12-10 19:01:42,883 - sqlalchemy.engine.Engine - INFO - ROLLBACK
2025-12-10 19:01:49,534 - outline_back.outline_processor - ERROR - ❌ Outline generation failed: AI API request failed with status 404
2025-12-10 19:01:49,535 - arq.worker - ERROR -   8.17s ! 65a78984fcb54e57af71a2c03ae0ad28:process_outline_task failed, Exception: AI API request failed with status 404
Traceback (most recent call last):
  File "C:\Users\HP\tmdl5\env\Lib\site-packages\arq\worker.py", line 594, in run_job
    result = await asyncio.wait_for(task, timeout_s)
             ^^^^^^^^^^^^^^^^^^^^^^^^^^^^^^^^^^^^^^^
  File "C:\Program Files\WindowsApps\PythonSoftwareFoundation.Python.3.13_3.13.2544.0_x64__qbz5n2kfra8p0\Lib\asyncio\tasks.py", line 507, in wait_for
    return await fut
           ^^^^^^^^^
  File "c:\Users\HP\tmdl5\outline_back\outline_processor.py", line 129, in process_outline_task
    outline_content = await call_ai_for_outline(prompt)
                      ^^^^^^^^^^^^^^^^^^^^^^^^^^^^^^^^^
  File "c:\Users\HP\tmdl5\outline_back\outline_processor.py", line 517, in call_ai_for_outline
    raise Exception(f"AI API request failed with status {response.status}")
Exception: AI API request failed with status 404
2025-12-10 19:08:34,801 - __main__ - INFO - ======================================================================
2025-12-10 19:08:34,802 - __main__ - INFO - Starting Outline Generation Worker
2025-12-10 19:08:34,803 - __main__ - INFO - ======================================================================
2025-12-10 19:08:34,803 - __main__ - INFO - Queue: outline_queue
2025-12-10 19:08:34,803 - __main__ - INFO - Redis: localhost:6379
2025-12-10 19:08:34,803 - __main__ - INFO - Database: 6
2025-12-10 19:08:34,803 - __main__ - INFO - ======================================================================
2025-12-10 19:08:34,832 - arq.worker - INFO - Starting worker for 1 functions: process_outline_task
2025-12-10 19:08:34,834 - arq.worker - INFO - redis_version=8.0.3 mem_usage=1.55M clients_connected=5 db_keys=2
2025-12-10 19:08:34,834 - __main__ - INFO - 🚀 Outline worker starting up...
2025-12-10 19:15:02,484 - arq.worker - INFO -   5.48s → 897a9d2d478c44728b37366e658e4afc:process_outline_task('7bed2b69-8000-4b36-8e91-7fe0b70c9d82', 'Mathematics', 'Class 8', 'university',…)
2025-12-10 19:15:02,528 - outline_back.outline_processor - INFO - Starting outline generation for Mathematics - Class 8
2025-12-10 19:15:04,273 - sqlalchemy.engine.Engine - INFO - select pg_catalog.version()
2025-12-10 19:15:04,273 - sqlalchemy.engine.Engine - INFO - [raw sql] ()
2025-12-10 19:15:04,279 - sqlalchemy.engine.Engine - INFO - select current_schema()
2025-12-10 19:15:04,279 - sqlalchemy.engine.Engine - INFO - [raw sql] ()
2025-12-10 19:15:04,284 - sqlalchemy.engine.Engine - INFO - show standard_conforming_strings
2025-12-10 19:15:04,285 - sqlalchemy.engine.Engine - INFO - [raw sql] ()
2025-12-10 19:15:04,289 - sqlalchemy.engine.Engine - INFO - BEGIN (implicit)
2025-12-10 19:15:04,290 - sqlalchemy.engine.Engine - INFO - 
                SELECT id, strand_name, subject, class_name, 
                       week_number, session_ids, session_details
                FROM strand
                WHERE teacher_id = $1
                  AND subject = $2
                  AND class_name = $3
            
2025-12-10 19:15:04,291 - sqlalchemy.engine.Engine - INFO - [generated in 0.00100s] ('7bed2b69-8000-4b36-8e91-7fe0b70c9d82', 'Mathematics', 'Class 8')
2025-12-10 19:15:04,298 - sqlalchemy.engine.Engine - INFO - 
                SELECT s.id, s.substrand_name, s.subject, s.class_name,
                       s.week_numbers, s.session_ids, s.session_details,
                       st.strand_name
                FROM substrand s
                JOIN strand st ON s.strand_id = st.id
                WHERE s.teacher_id = $1
                  AND s.subject = $2
                  AND s.class_name = $3
            
2025-12-10 19:15:04,300 - sqlalchemy.engine.Engine - INFO - [generated in 0.00126s] ('7bed2b69-8000-4b36-8e91-7fe0b70c9d82', 'Mathematics', 'Class 8')
2025-12-10 19:15:04,306 - sqlalchemy.engine.Engine - INFO - 
                SELECT cs.id, cs.content_standard_code,
                       cs.content_standard, cs.subject, cs.class_name,
                       cs.session_ids, cs.session_details,
                       st.strand_name, s.substrand_name
                FROM contentstandard cs
                JOIN substrand s ON cs.substrand_id = s.id
                JOIN strand st ON s.strand_id = st.id
                WHERE cs.teacher_id = $1
                  AND cs.subject = $2
                  AND cs.class_name = $3
            
2025-12-10 19:15:04,308 - sqlalchemy.engine.Engine - INFO - [generated in 0.00245s] ('7bed2b69-8000-4b36-8e91-7fe0b70c9d82', 'Mathematics', 'Class 8')
2025-12-10 19:15:04,314 - sqlalchemy.engine.Engine - INFO - 
                SELECT i.id, i.indicator_code, i.indicator_text, i.subject, i.class_name,
                       i.session_ids, i.session_details,
                       cs.content_standard_code, s.substrand_name, st.strand_name
                FROM indicator i
                JOIN contentstandard cs ON i.content_standard_id = cs.id
                JOIN substrand s ON cs.substrand_id = s.id
                JOIN strand st ON s.strand_id = st.id
                WHERE i.teacher_id = $1
                  AND i.subject = $2
                  AND i.class_name = $3
            
2025-12-10 19:15:04,316 - sqlalchemy.engine.Engine - INFO - [generated in 0.00176s] ('7bed2b69-8000-4b36-8e91-7fe0b70c9d82', 'Mathematics', 'Class 8')
2025-12-10 19:15:04,321 - sqlalchemy.engine.Engine - INFO - ROLLBACK
2025-12-10 19:15:45,760 - sqlalchemy.engine.Engine - INFO - BEGIN (implicit)
2025-12-10 19:15:45,765 - sqlalchemy.engine.Engine - INFO - DELETE FROM outline WHERE outline.teacher_id = $1::UUID AND outline.subject = $2::VARCHAR AND outline.class_name = $3::VARCHAR
2025-12-10 19:15:45,766 - sqlalchemy.engine.Engine - INFO - [generated in 0.00102s] (UUID('7bed2b69-8000-4b36-8e91-7fe0b70c9d82'), 'Mathematics', 'Class 8')
2025-12-10 19:15:45,782 - sqlalchemy.engine.Engine - INFO - INSERT INTO outline (teacher_id, subject, class_name, outline_content, education_system, academic_level, semester_name, term, created_at, updated_at, is_active) VALUES ($1::UUID, $2::VARCHAR, $3::VARCHAR, $4::VARCHAR, $5::VARCHAR, $6::VARCHAR, $7::VARCHAR, $8::VARCHAR, $9::TIMESTAMP WITHOUT TIME ZONE, $10::TIMESTAMP WITHOUT TIME ZONE, $11::BOOLEAN) RETURNING outline.id
2025-12-10 19:15:45,783 - sqlalchemy.engine.Engine - INFO - [generated in 0.00149s] (UUID('7bed2b69-8000-4b36-8e91-7fe0b70c9d82'), 'Mathematics', 'Class 8', '{\n  "course_information": {\n    "subject": "Mathematics",\n    "class": "Class 8",\n    "education_system": "university",\n    "academic_level": "u ... (18524 characters truncated) ...  advanced readings, or suggest participation in mathematical competitions/research projects. Provide opportunities for peer tutoring."\n    ]\n  }\n}', 'university', 'university', 'First Term 2024/2025', None, datetime.datetime(2025, 12, 10, 18, 15, 45, 778152), datetime.datetime(2025, 12, 10, 18, 15, 45, 778158), True)
2025-12-10 19:15:45,796 - sqlalchemy.engine.Engine - INFO - COMMIT
2025-12-10 19:15:45,807 - sqlalchemy.engine.Engine - INFO - BEGIN (implicit)
2025-12-10 19:15:45,814 - sqlalchemy.engine.Engine - INFO - SELECT outline.id, outline.teacher_id, outline.subject, outline.class_name, outline.outline_content, outline.education_system, outline.academic_level, outline.semester_name, outline.term, outline.created_at, outline.updated_at, outline.is_active 
FROM outline 
WHERE outline.id = $1::INTEGER
2025-12-10 19:15:45,816 - sqlalchemy.engine.Engine - INFO - [generated in 0.00169s] (1,)
2025-12-10 19:15:45,827 - sqlalchemy.engine.Engine - INFO - SELECT outline.id, outline.teacher_id, outline.subject, outline.class_name, outline.outline_content, outline.education_system, outline.academic_level, outline.semester_name, outline.term, outline.created_at, outline.updated_at, outline.is_active 
FROM outline 
WHERE outline.teacher_id = $1::UUID AND outline.subject = $2::VARCHAR AND outline.class_name = $3::VARCHAR
2025-12-10 19:15:45,828 - sqlalchemy.engine.Engine - INFO - [generated in 0.00187s] (UUID('7bed2b69-8000-4b36-8e91-7fe0b70c9d82'), 'Mathematics', 'Class 8')
2025-12-10 19:15:45,836 - sqlalchemy.engine.Engine - INFO - ROLLBACK
2025-12-10 19:15:45,839 - outline_back.outline_processor - INFO - ✅ Outline generated successfully for Mathematics - Class 8
2025-12-10 19:15:45,840 - arq.worker - INFO -  43.37s ← 897a9d2d478c44728b37366e658e4afc:process_outline_task ● {'status': 'success', 'message': 'Outline generated for Mathematics - Class 8',…
2025-12-10 20:08:35,283 - arq.worker - INFO - recording health: Dec-10 20:08:35 j_complete=1 j_failed=0 j_retried=0 j_ongoing=0 queued=0
2025-12-13 16:39:16,339 - __main__ - INFO - ======================================================================
2025-12-13 16:39:16,351 - __main__ - INFO - Starting Outline Generation Worker
2025-12-13 16:39:16,430 - __main__ - INFO - ======================================================================
2025-12-13 16:39:16,523 - __main__ - INFO - Queue: outline_queue
2025-12-13 16:39:16,598 - __main__ - INFO - Redis: localhost:6379
2025-12-13 16:39:16,639 - __main__ - INFO - Database: 6
2025-12-13 16:39:16,640 - __main__ - INFO - ======================================================================
2025-12-13 16:39:16,676 - arq.worker - INFO - Starting worker for 1 functions: process_outline_task
2025-12-13 16:39:16,682 - arq.worker - INFO - redis_version=8.0.3 mem_usage=1.53M clients_connected=2 db_keys=0
2025-12-13 16:39:16,683 - __main__ - INFO - 🚀 Outline worker starting up...
2025-12-13 16:51:21,071 - arq.worker - INFO -   6.91s → bb75afd60bbd4a788d2af1d8ca9293a7:process_outline_task('7bed2b69-8000-4b36-8e91-7fe0b70c9d82', 'Mathematics', 'Class 8', 'university',…) delayed=1.91s
2025-12-13 16:51:21,230 - outline_back.outline_processor - INFO - Starting outline generation for Mathematics - Class 8
2025-12-13 16:51:29,520 - sqlalchemy.engine.Engine - INFO - select pg_catalog.version()
2025-12-13 16:51:29,520 - sqlalchemy.engine.Engine - INFO - [raw sql] ()
2025-12-13 16:51:29,526 - sqlalchemy.engine.Engine - INFO - select current_schema()
2025-12-13 16:51:29,527 - sqlalchemy.engine.Engine - INFO - [raw sql] ()
2025-12-13 16:51:29,532 - sqlalchemy.engine.Engine - INFO - show standard_conforming_strings
2025-12-13 16:51:29,533 - sqlalchemy.engine.Engine - INFO - [raw sql] ()
2025-12-13 16:51:29,538 - sqlalchemy.engine.Engine - INFO - BEGIN (implicit)
2025-12-13 16:51:29,539 - sqlalchemy.engine.Engine - INFO - 
                SELECT id, strand_name, subject, class_name, 
                       week_number, session_ids, session_details
                FROM strand
                WHERE teacher_id = $1
                  AND subject = $2
                  AND class_name = $3
            
2025-12-13 16:51:29,540 - sqlalchemy.engine.Engine - INFO - [generated in 0.00076s] ('7bed2b69-8000-4b36-8e91-7fe0b70c9d82', 'Mathematics', 'Class 8')
2025-12-13 16:51:29,550 - sqlalchemy.engine.Engine - INFO - 
                SELECT s.id, s.substrand_name, s.subject, s.class_name,
                       s.week_numbers, s.session_ids, s.session_details,
                       st.strand_name
                FROM substrand s
                JOIN strand st ON s.strand_id = st.id
                WHERE s.teacher_id = $1
                  AND s.subject = $2
                  AND s.class_name = $3
            
2025-12-13 16:51:29,550 - sqlalchemy.engine.Engine - INFO - [generated in 0.00075s] ('7bed2b69-8000-4b36-8e91-7fe0b70c9d82', 'Mathematics', 'Class 8')
2025-12-13 16:51:29,559 - sqlalchemy.engine.Engine - INFO - 
                SELECT cs.id, cs.content_standard_code,
                       cs.content_standard, cs.subject, cs.class_name,
                       cs.session_ids, cs.session_details,
                       st.strand_name, s.substrand_name
                FROM contentstandard cs
                JOIN substrand s ON cs.substrand_id = s.id
                JOIN strand st ON s.strand_id = st.id
                WHERE cs.teacher_id = $1
                  AND cs.subject = $2
                  AND cs.class_name = $3
            
2025-12-13 16:51:29,560 - sqlalchemy.engine.Engine - INFO - [generated in 0.00083s] ('7bed2b69-8000-4b36-8e91-7fe0b70c9d82', 'Mathematics', 'Class 8')
2025-12-13 16:51:29,565 - sqlalchemy.engine.Engine - INFO - 
                SELECT i.id, i.indicator_code, i.indicator_text, i.subject, i.class_name,
                       i.session_ids, i.session_details,
                       cs.content_standard_code, s.substrand_name, st.strand_name
                FROM indicator i
                JOIN contentstandard cs ON i.content_standard_id = cs.id
                JOIN substrand s ON cs.substrand_id = s.id
                JOIN strand st ON s.strand_id = st.id
                WHERE i.teacher_id = $1
                  AND i.subject = $2
                  AND i.class_name = $3
            
2025-12-13 16:51:29,567 - sqlalchemy.engine.Engine - INFO - [generated in 0.00144s] ('7bed2b69-8000-4b36-8e91-7fe0b70c9d82', 'Mathematics', 'Class 8')
2025-12-13 16:51:29,575 - sqlalchemy.engine.Engine - INFO - ROLLBACK
2025-12-13 16:52:04,025 - outline_back.outline_processor - ERROR - ❌ Outline generation failed: AI returned invalid JSON: Expecting value: line 1 column 1 (char 0)
2025-12-13 16:52:04,025 - arq.worker - ERROR -  43.08s ! bb75afd60bbd4a788d2af1d8ca9293a7:process_outline_task failed, Exception: AI returned invalid JSON: Expecting value: line 1 column 1 (char 0)
Traceback (most recent call last):
  File "c:\Users\HP\tmdl5\outline_back\outline_processor.py", line 609, in store_outline_in_db
    outline_data = json_lib.loads(outline_content)
  File "C:\Program Files\WindowsApps\PythonSoftwareFoundation.Python.3.13_3.13.2544.0_x64__qbz5n2kfra8p0\Lib\json\__init__.py", line 346, in loads
    return _default_decoder.decode(s)
           ~~~~~~~~~~~~~~~~~~~~~~~^^^
  File "C:\Program Files\WindowsApps\PythonSoftwareFoundation.Python.3.13_3.13.2544.0_x64__qbz5n2kfra8p0\Lib\json\decoder.py", line 345, in decode
    obj, end = self.raw_decode(s, idx=_w(s, 0).end())
               ~~~~~~~~~~~~~~~^^^^^^^^^^^^^^^^^^^^^^^
  File "C:\Program Files\WindowsApps\PythonSoftwareFoundation.Python.3.13_3.13.2544.0_x64__qbz5n2kfra8p0\Lib\json\decoder.py", line 363, in raw_decode
    raise JSONDecodeError("Expecting value", s, err.value) from None
json.decoder.JSONDecodeError: Expecting value: line 1 column 1 (char 0)

During handling of the above exception, another exception occurred:

Traceback (most recent call last):
  File "C:\Users\HP\tmdl5\env\Lib\site-packages\arq\worker.py", line 594, in run_job
    result = await asyncio.wait_for(task, timeout_s)
             ^^^^^^^^^^^^^^^^^^^^^^^^^^^^^^^^^^^^^^^
  File "C:\Program Files\WindowsApps\PythonSoftwareFoundation.Python.3.13_3.13.2544.0_x64__qbz5n2kfra8p0\Lib\asyncio\tasks.py", line 507, in wait_for
    return await fut
           ^^^^^^^^^
  File "c:\Users\HP\tmdl5\outline_back\outline_processor.py", line 142, in process_outline_task
    await store_outline_in_db(
    ...<8 lines>...
    )
  File "c:\Users\HP\tmdl5\outline_back\outline_processor.py", line 615, in store_outline_in_db
    raise Exception(f"AI returned invalid JSON: {e}")
Exception: AI returned invalid JSON: Expecting value: line 1 column 1 (char 0)
2025-12-13 17:03:10,434 - __main__ - INFO - ======================================================================
2025-12-13 17:03:10,434 - __main__ - INFO - Starting Outline Generation Worker
2025-12-13 17:03:10,435 - __main__ - INFO - ======================================================================
2025-12-13 17:03:10,435 - __main__ - INFO - Queue: outline_queue
2025-12-13 17:03:10,435 - __main__ - INFO - Redis: localhost:6379
2025-12-13 17:03:10,435 - __main__ - INFO - Database: 6
2025-12-13 17:03:10,435 - __main__ - INFO - ======================================================================
2025-12-13 17:03:10,465 - arq.worker - INFO - Starting worker for 1 functions: process_outline_task
2025-12-13 17:03:10,468 - arq.worker - INFO - redis_version=8.0.3 mem_usage=1.54M clients_connected=5 db_keys=2
2025-12-13 17:03:10,468 - __main__ - INFO - 🚀 Outline worker starting up...
2025-12-13 17:05:39,370 - arq.worker - INFO -   5.05s → 8a110e3491254944aa228ac21776c7cb:process_outline_task('7bed2b69-8000-4b36-8e91-7fe0b70c9d82', 'Mathematics', 'Class 8', 'university',…)
2025-12-13 17:05:39,378 - outline_back.outline_processor - INFO - Starting outline generation for Mathematics - Class 8
2025-12-13 17:05:40,920 - sqlalchemy.engine.Engine - INFO - select pg_catalog.version()
2025-12-13 17:05:40,920 - sqlalchemy.engine.Engine - INFO - [raw sql] ()
2025-12-13 17:05:40,926 - sqlalchemy.engine.Engine - INFO - select current_schema()
2025-12-13 17:05:40,926 - sqlalchemy.engine.Engine - INFO - [raw sql] ()
2025-12-13 17:05:40,934 - sqlalchemy.engine.Engine - INFO - show standard_conforming_strings
2025-12-13 17:05:40,935 - sqlalchemy.engine.Engine - INFO - [raw sql] ()
2025-12-13 17:05:40,943 - sqlalchemy.engine.Engine - INFO - BEGIN (implicit)
2025-12-13 17:05:40,945 - sqlalchemy.engine.Engine - INFO - 
                SELECT id, strand_name, subject, class_name, 
                       week_number, session_ids, session_details
                FROM strand
                WHERE teacher_id = $1
                  AND subject = $2
                  AND class_name = $3
            
2025-12-13 17:05:40,946 - sqlalchemy.engine.Engine - INFO - [generated in 0.00096s] ('7bed2b69-8000-4b36-8e91-7fe0b70c9d82', 'Mathematics', 'Class 8')
2025-12-13 17:05:40,957 - sqlalchemy.engine.Engine - INFO - 
                SELECT s.id, s.substrand_name, s.subject, s.class_name,
                       s.week_numbers, s.session_ids, s.session_details,
                       st.strand_name
                FROM substrand s
                JOIN strand st ON s.strand_id = st.id
                WHERE s.teacher_id = $1
                  AND s.subject = $2
                  AND s.class_name = $3
            
2025-12-13 17:05:40,958 - sqlalchemy.engine.Engine - INFO - [generated in 0.00163s] ('7bed2b69-8000-4b36-8e91-7fe0b70c9d82', 'Mathematics', 'Class 8')
2025-12-13 17:05:40,965 - sqlalchemy.engine.Engine - INFO - 
                SELECT cs.id, cs.content_standard_code,
                       cs.content_standard, cs.subject, cs.class_name,
                       cs.session_ids, cs.session_details,
                       st.strand_name, s.substrand_name
                FROM contentstandard cs
                JOIN substrand s ON cs.substrand_id = s.id
                JOIN strand st ON s.strand_id = st.id
                WHERE cs.teacher_id = $1
                  AND cs.subject = $2
                  AND cs.class_name = $3
            
2025-12-13 17:05:40,965 - sqlalchemy.engine.Engine - INFO - [generated in 0.00086s] ('7bed2b69-8000-4b36-8e91-7fe0b70c9d82', 'Mathematics', 'Class 8')
2025-12-13 17:05:40,974 - sqlalchemy.engine.Engine - INFO - 
                SELECT i.id, i.indicator_code, i.indicator_text, i.subject, i.class_name,
                       i.session_ids, i.session_details,
                       cs.content_standard_code, s.substrand_name, st.strand_name
                FROM indicator i
                JOIN contentstandard cs ON i.content_standard_id = cs.id
                JOIN substrand s ON cs.substrand_id = s.id
                JOIN strand st ON s.strand_id = st.id
                WHERE i.teacher_id = $1
                  AND i.subject = $2
                  AND i.class_name = $3
            
2025-12-13 17:05:40,976 - sqlalchemy.engine.Engine - INFO - [generated in 0.00169s] ('7bed2b69-8000-4b36-8e91-7fe0b70c9d82', 'Mathematics', 'Class 8')
2025-12-13 17:05:40,985 - sqlalchemy.engine.Engine - INFO - ROLLBACK
2025-12-13 17:06:04,693 - sqlalchemy.engine.Engine - INFO - BEGIN (implicit)
2025-12-13 17:06:04,696 - sqlalchemy.engine.Engine - INFO - DELETE FROM course_outlines WHERE course_outlines.teacher_id = $1::UUID AND course_outlines.subject_name = $2::VARCHAR AND course_outlines.class_name = $3::VARCHAR
2025-12-13 17:06:04,696 - sqlalchemy.engine.Engine - INFO - [generated in 0.00069s] (UUID('7bed2b69-8000-4b36-8e91-7fe0b70c9d82'), 'Mathematics', 'Class 8')
2025-12-13 17:06:04,709 - sqlalchemy.engine.Engine - INFO - INSERT INTO course_outlines (id, teacher_id, created_at, updated_at, terminology_type, terminology_role, school_info_headers, lecture_info, course_objectives, course_description, learning_outcomes, course_delivery, course_content, policies, subject_name, class_name, academic_year, semester, status, version, last_auto_save) VALUES ($1::UUID, $2::UUID, $3::TIMESTAMP WITHOUT TIME ZONE, $4::TIMESTAMP WITHOUT TIME ZONE, $5::VARCHAR, $6::VARCHAR, $7::JSONB, $8::JSONB, $9::JSONB, $10::VARCHAR, $11::JSONB, $12::VARCHAR, $13::JSONB, $14::JSONB, $15::VARCHAR, $16::VARCHAR, $17::VARCHAR, $18::VARCHAR, $19::VARCHAR, $20::INTEGER, $21::TIMESTAMP WITHOUT TIME ZONE)
2025-12-13 17:06:04,710 - sqlalchemy.engine.Engine - INFO - [generated in 0.00166s] (UUID('737737b3-1864-4b01-bd6f-9ad1e34b85af'), UUID('7bed2b69-8000-4b36-8e91-7fe0b70c9d82'), datetime.datetime(2025, 12, 13, 16, 6, 4, 703346), datetime.datetime(2025, 12, 13, 16, 6, 4, 703360), 'Course', 'Lecturer', '["University of Excellence", "Department of Mathematics", "Bachelor of Science in Mathematics"]', '{"left": [{"label": "Course Code", "value": "MATH 101"}, {"label": "Course Title", "value": "Mathematics"}, {"label": "Course Lecturer", "value": "Dr ... (165 characters truncated) ... Mon/Wed 10:00-11:00 AM, Tue 2:00-3:00 PM"}, {"label": "Room", "value": "Math Building, Room 305"}, {"label": "Phone", "value": "+1 (555) 123-4567"}]}', '["To develop a strong foundation in algebraic manipulation and equation solving techniques essential for higher mathematics.", "To understand the fun ... (331 characters truncated) ... to solve practical problems, including optimization scenarios.", "To foster critical thinking and problem-solving skills in a mathematical context."]', 'This foundational university-level Mathematics course provides students with essential algebraic and pre-calculus skills, followed by a comprehensive ... (1107 characters truncated) ... se is designed to equip students with the analytical tools necessary for success in science, engineering, economics, and further mathematics courses.', '["By the end of this course, students will be able to manipulate and simplify algebraic expressions, including polynomials, and factor quadratic expr ... (1479 characters truncated) ... xtrema, concavity, and inflection points of functions.", "Students will apply differentiation techniques to solve real-world optimization problems."]', "This course will employ a blended learning approach combining traditional lectures with interactive problem-solving sessions and technology-enhanced  ... (755 characters truncated) ... m examinations, and a comprehensive final examination. Active participation in class discussions and problem-solving activities is highly encouraged.", '[{"topic": "Week 1: Algebraic Expressions and Exponent Rules (CS1.1.1.1)", "activity": "Lecture on simplifying polynomials; in-class practice with ex ... (3507 characters truncated) ...  "activity": "Lecture and problem-solving session on real-world optimization problems; comprehensive review for the Final Examination.", "week": 16}]', '["**Attendance Policy:** Regular attendance is expected. Students are responsible for all material covered in class, regardless of attendance. Excess ... (1202 characters truncated) ...  course materials will be posted on the course LMS. Students are responsible for regularly checking the LMS and their university email for updates."]', 'Mathematics', 'Class 8', 'First Term 2024/2025', None, 'draft', 1, None)
2025-12-13 17:06:04,726 - sqlalchemy.engine.Engine - INFO - COMMIT
2025-12-13 17:06:04,742 - sqlalchemy.engine.Engine - INFO - BEGIN (implicit)
2025-12-13 17:06:04,747 - sqlalchemy.engine.Engine - INFO - SELECT course_outlines.id, course_outlines.teacher_id, course_outlines.created_at, course_outlines.updated_at, course_outlines.terminology_type, course_outlines.terminology_role, course_outlines.school_info_headers, course_outlines.lecture_info, course_outlines.course_objectives, course_outlines.course_description, course_outlines.learning_outcomes, course_outlines.course_delivery, course_outlines.course_content, course_outlines.policies, course_outlines.subject_name, course_outlines.class_name, course_outlines.academic_year, course_outlines.semester, course_outlines.status, course_outlines.version, course_outlines.last_auto_save 
FROM course_outlines 
WHERE course_outlines.id = $1::UUID
2025-12-13 17:06:04,748 - sqlalchemy.engine.Engine - INFO - [generated in 0.00142s] (UUID('737737b3-1864-4b01-bd6f-9ad1e34b85af'),)
2025-12-13 17:06:04,764 - sqlalchemy.engine.Engine - INFO - SELECT course_outlines.id, course_outlines.teacher_id, course_outlines.created_at, course_outlines.updated_at, course_outlines.terminology_type, course_outlines.terminology_role, course_outlines.school_info_headers, course_outlines.lecture_info, course_outlines.course_objectives, course_outlines.course_description, course_outlines.learning_outcomes, course_outlines.course_delivery, course_outlines.course_content, course_outlines.policies, course_outlines.subject_name, course_outlines.class_name, course_outlines.academic_year, course_outlines.semester, course_outlines.status, course_outlines.version, course_outlines.last_auto_save 
FROM course_outlines 
WHERE course_outlines.teacher_id = $1::UUID AND course_outlines.subject_name = $2::VARCHAR AND course_outlines.class_name = $3::VARCHAR
2025-12-13 17:06:04,765 - sqlalchemy.engine.Engine - INFO - [generated in 0.00128s] (UUID('7bed2b69-8000-4b36-8e91-7fe0b70c9d82'), 'Mathematics', 'Class 8')
2025-12-13 17:06:04,774 - sqlalchemy.engine.Engine - INFO - ROLLBACK
2025-12-13 17:06:04,778 - outline_back.outline_processor - INFO - ✅ Outline generated successfully for Mathematics - Class 8
2025-12-13 17:06:04,778 - arq.worker - INFO -  25.41s ← 8a110e3491254944aa228ac21776c7cb:process_outline_task ● {'status': 'success', 'message': 'Outline generated for Mathematics - Class 8',…
2025-12-13 18:03:10,993 - arq.worker - INFO - recording health: Dec-13 18:03:10 j_complete=1 j_failed=0 j_retried=0 j_ongoing=0 queued=0
