2025-10-04 23:56:47,937 - tmdl - INFO - Current user resolved: user@gmail.com (ID: 7bed2b69-8000-4b36-8e91-7fe0b70c9d82)
2025-10-04 23:56:47,985 - tmdl - INFO - Token decoded: user@gmail.com (Role: sch_teacher, School: None, individual ID: 791dbae6-21e7-4b48-bb82-5c378aca8886)
2025-10-04 23:56:48,026 - tmdl - INFO - Current user resolved: user@gmail.com (ID: 7bed2b69-8000-4b36-8e91-7fe0b70c9d82)
2025-10-04 23:56:48,055 - tmdl - INFO - Token decoded: user@gmail.com (Role: sch_teacher, School: None, individual ID: 791dbae6-21e7-4b48-bb82-5c378aca8886)
2025-10-04 23:56:48,064 - tmdl - INFO - Current user resolved: user@gmail.com (ID: 7bed2b69-8000-4b36-8e91-7fe0b70c9d82)
2025-10-04 23:57:17,552 - tmdl - INFO - Token decoded: user@gmail.com (Role: sch_teacher, School: None, individual ID: 791dbae6-21e7-4b48-bb82-5c378aca8886)
2025-10-04 23:57:17,560 - tmdl - INFO - Current user resolved: user@gmail.com (ID: 7bed2b69-8000-4b36-8e91-7fe0b70c9d82)
2025-10-04 23:57:18,273 - tmdl - INFO - Token decoded: user@gmail.com (Role: sch_teacher, School: None, individual ID: 791dbae6-21e7-4b48-bb82-5c378aca8886)
2025-10-04 23:57:18,284 - tmdl - INFO - Current user resolved: user@gmail.com (ID: 7bed2b69-8000-4b36-8e91-7fe0b70c9d82)
2025-10-04 23:57:28,755 - tmdl - INFO - Token decoded: user@gmail.com (Role: sch_teacher, School: None, individual ID: 791dbae6-21e7-4b48-bb82-5c378aca8886)
2025-10-04 23:57:29,224 - tmdl - INFO - Current user resolved: user@gmail.com (ID: 7bed2b69-8000-4b36-8e91-7fe0b70c9d82)
2025-10-04 23:57:29,272 - tmdl - INFO - Received request for central user info (teacher: 7bed2b69-8000-4b36-8e91-7fe0b70c9d82)
2025-10-04 23:57:29,439 - tmdl - INFO - Sending request to core service /api/me endpoint
2025-10-04 23:57:31,197 - tmdl - INFO - Token decoded: user@gmail.com (Role: sch_teacher, School: None, individual ID: 791dbae6-21e7-4b48-bb82-5c378aca8886)
2025-10-04 23:57:31,377 - tmdl - INFO - Current user resolved: user@gmail.com (ID: 7bed2b69-8000-4b36-8e91-7fe0b70c9d82)
2025-10-04 23:57:32,843 - tmdl - INFO - Successfully fetched user info from ERP
2025-10-04 23:57:33,568 - tmdl - INFO - Token decoded: user@gmail.com (Role: sch_teacher, School: None, individual ID: 791dbae6-21e7-4b48-bb82-5c378aca8886)
2025-10-04 23:57:33,581 - tmdl - INFO - Current user resolved: user@gmail.com (ID: 7bed2b69-8000-4b36-8e91-7fe0b70c9d82)
2025-10-04 23:57:33,831 - tmdl - INFO - Token decoded: user@gmail.com (Role: sch_teacher, School: None, individual ID: 791dbae6-21e7-4b48-bb82-5c378aca8886)
2025-10-04 23:57:33,853 - tmdl - INFO - Token decoded: user@gmail.com (Role: sch_teacher, School: None, individual ID: 791dbae6-21e7-4b48-bb82-5c378aca8886)
2025-10-04 23:57:33,884 - tmdl - INFO - Token decoded: user@gmail.com (Role: sch_teacher, School: None, individual ID: 791dbae6-21e7-4b48-bb82-5c378aca8886)
2025-10-04 23:57:33,902 - tmdl - INFO - Current user resolved: user@gmail.com (ID: 7bed2b69-8000-4b36-8e91-7fe0b70c9d82)
2025-10-04 23:57:33,919 - tmdl - INFO - Current user resolved: user@gmail.com (ID: 7bed2b69-8000-4b36-8e91-7fe0b70c9d82)
2025-10-04 23:57:33,930 - tmdl - INFO - Current user resolved: user@gmail.com (ID: 7bed2b69-8000-4b36-8e91-7fe0b70c9d82)
2025-10-04 23:58:33,750 - tmdl - INFO - Token decoded: user@gmail.com (Role: sch_teacher, School: None, individual ID: 791dbae6-21e7-4b48-bb82-5c378aca8886)
2025-10-04 23:58:33,772 - tmdl - INFO - Current user resolved: user@gmail.com (ID: 7bed2b69-8000-4b36-8e91-7fe0b70c9d82)
2025-10-04 23:59:01,609 - tmdl - INFO - Token decoded: user@gmail.com (Role: sch_teacher, School: None, individual ID: 791dbae6-21e7-4b48-bb82-5c378aca8886)
2025-10-04 23:59:01,659 - tmdl - INFO - Current user resolved: user@gmail.com (ID: 7bed2b69-8000-4b36-8e91-7fe0b70c9d82)
2025-10-04 23:59:02,362 - tmdl - INFO - [JOB] Calendar processing job queued for teacher 7bed2b69-8000-4b36-8e91-7fe0b70c9d82: e34a397c39fd4036941fb24fd423eeaa
2025-10-04 23:59:02,959 - tmdl - INFO - GCS file name: academic_calendar/7bed2b69-8000-4b36-8e91-7fe0b70c9d82.pdf
2025-10-04 23:59:02,998 - tmdl - INFO - Additional data length: 117
2025-10-04 23:59:03,003 - tmdl - INFO - Current working directory: C:\Users\HP\tmdl5
2025-10-04 23:59:03,012 - tmdl - INFO - File path exists: True
2025-10-04 23:59:03,020 - tmdl - INFO - File size: 786073 bytes
2025-10-04 23:59:03,024 - tmdl - INFO - Sending initial status message
2025-10-04 23:59:03,036 - tmdl - INFO - Teacher ID: 7bed2b69-8000-4b36-8e91-7fe0b70c9d82
2025-10-04 23:59:03,058 - tmdl - INFO - File path: ./uploads/academic_calendar/7bed2b69-8000-4b36-8e91-7fe0b70c9d82.pdf
2025-10-04 23:59:03,249 - tmdl - INFO - Sending WebSocket message to teacher 7bed2b69-8000-4b36-8e91-7fe0b70c9d82
2025-10-04 23:59:03,251 - tmdl - INFO - Message content: {'status': 'started', 'message': 'Processing academic calendar file...', 'teacher_id': '7bed2b69-8000-4b36-8e91-7fe0b70c9d82', 'file_path': './uploads/academic_calendar/7bed2b69-8000-4b36-8e91-7fe0b70c9d82.pdf'}
2025-10-04 23:59:03,266 - tmdl - INFO - Notification saved for teacher 7bed2b69-8000-4b36-8e91-7fe0b70c9d82: Schedule Update
2025-10-04 23:59:03,271 - tmdl - INFO - [Redis] Published to ws:teacher:7bed2b69-8000-4b36-8e91-7fe0b70c9d82: {'status': 'started', 'message': 'Processing academic calendar file...', 'teacher_id': '7bed2b69-8000-4b36-8e91-7fe0b70c9d82', 'file_path': './uploads/academic_calendar/7bed2b69-8000-4b36-8e91-7fe0b70c9d82.pdf'}
2025-10-04 23:59:03,300 - tmdl - INFO - Initial status message sent successfully, result: True
2025-10-04 23:59:03,302 - tmdl - INFO - Checking if file exists: ./uploads/academic_calendar/7bed2b69-8000-4b36-8e91-7fe0b70c9d82.pdf
2025-10-04 23:59:03,303 - tmdl - INFO - File exists: True
2025-10-04 23:59:03,304 - tmdl - INFO - Detecting file type for: ./uploads/academic_calendar/7bed2b69-8000-4b36-8e91-7fe0b70c9d82.pdf
2025-10-04 23:59:03,306 - tmdl - INFO - File path exists: True
2025-10-04 23:59:03,309 - tmdl - INFO - File size: 786073 bytes
2025-10-04 23:59:03,314 - tmdl - INFO - File extension: pdf
2025-10-04 23:59:03,315 - tmdl - INFO - Detected file type: pdf
2025-10-04 23:59:03,316 - tmdl - INFO - Supported extensions: ['pdf', 'jpg', 'jpeg', 'png', 'bmp', 'tiff', 'docx', 'xlsx', 'xls', 'txt']
2025-10-04 23:59:03,389 - tmdl - INFO - File extension: .pdf
2025-10-04 23:59:03,391 - tmdl - INFO - Sending text extraction progress message
2025-10-04 23:59:03,392 - tmdl - INFO - File type: pdf
2025-10-04 23:59:03,496 - tmdl - INFO - Sending WebSocket message to teacher 7bed2b69-8000-4b36-8e91-7fe0b70c9d82
2025-10-04 23:59:03,497 - tmdl - INFO - Message content: {'status': 'processing', 'message': 'Extracting text from pdf file...', 'teacher_id': '7bed2b69-8000-4b36-8e91-7fe0b70c9d82'}
2025-10-04 23:59:03,512 - tmdl - INFO - Notification saved for teacher 7bed2b69-8000-4b36-8e91-7fe0b70c9d82: Schedule Update
2025-10-04 23:59:03,517 - tmdl - INFO - [Redis] Published to ws:teacher:7bed2b69-8000-4b36-8e91-7fe0b70c9d82: {'status': 'processing', 'message': 'Extracting text from pdf file...', 'teacher_id': '7bed2b69-8000-4b36-8e91-7fe0b70c9d82'}
2025-10-04 23:59:03,534 - tmdl - INFO - Text extraction progress message sent successfully, result: True
2025-10-04 23:59:03,536 - tmdl - INFO - Extracting text from pdf file
2025-10-04 23:59:03,555 - tmdl - INFO - Trying pdfplumber for digital PDFs
2025-10-04 23:59:03,733 - tmdl - INFO - Processing page 1/5
2025-10-04 23:59:03,772 - tmdl - INFO - Processing page 2/5
2025-10-04 23:59:03,776 - tmdl - INFO - Processing page 3/5
2025-10-04 23:59:03,780 - tmdl - INFO - Processing page 4/5
2025-10-04 23:59:03,785 - tmdl - INFO - Processing page 5/5
2025-10-04 23:59:03,789 - tmdl - WARNING - pdfplumber extracted empty text
2025-10-04 23:59:03,794 - tmdl - INFO - Falling back to OCR extraction
2025-10-04 23:59:03,918 - tmdl - INFO - Converting PDF to images for OCR
2025-10-04 23:59:03,983 - tmdl - ERROR - Full traceback: Traceback (most recent call last):
  File "c:\Users\HP\tmdl5\ca_ground\calendar_back.py", line 225, in extract_with_ocr
    from pdf2image import convert_from_path
ModuleNotFoundError: No module named 'pdf2image'

During handling of the above exception, another exception occurred:

Traceback (most recent call last):
  File "c:\Users\HP\tmdl5\ca_ground\calendar_back.py", line 240, in extract_with_ocr
    raise ImportError("pdf2image required for PDF OCR")
ImportError: pdf2image required for PDF OCR

2025-10-04 23:59:04,346 - tmdl - INFO - Sending WebSocket message to teacher 7bed2b69-8000-4b36-8e91-7fe0b70c9d82
2025-10-04 23:59:04,348 - tmdl - INFO - Message content: {'status': 'error', 'message': 'Text extraction failed: pdf2image required for PDF OCR', 'teacher_id': '7bed2b69-8000-4b36-8e91-7fe0b70c9d82'}
2025-10-04 23:59:04,412 - tmdl - INFO - Notification saved for teacher 7bed2b69-8000-4b36-8e91-7fe0b70c9d82: Error Occurred
2025-10-04 23:59:04,418 - tmdl - INFO - [Redis] Published to ws:teacher:7bed2b69-8000-4b36-8e91-7fe0b70c9d82: {'status': 'error', 'message': 'Text extraction failed: pdf2image required for PDF OCR', 'teacher_id': '7bed2b69-8000-4b36-8e91-7fe0b70c9d82'}
2025-10-04 23:59:04,490 - tmdl - INFO - Cleaning up global sent messages, current local set size: 3
2025-10-04 23:59:04,514 - tmdl - INFO - Global set size after cleanup: 0
2025-10-05 00:01:04,416 - tmdl - INFO - Token decoded: user@gmail.com (Role: sch_teacher, School: None, individual ID: 791dbae6-21e7-4b48-bb82-5c378aca8886)
2025-10-05 00:01:04,599 - tmdl - INFO - Token decoded: user@gmail.com (Role: sch_teacher, School: None, individual ID: 791dbae6-21e7-4b48-bb82-5c378aca8886)
2025-10-05 00:01:04,675 - tmdl - INFO - Current user resolved: user@gmail.com (ID: 7bed2b69-8000-4b36-8e91-7fe0b70c9d82)
2025-10-05 00:01:04,952 - tmdl - INFO - Current user resolved: user@gmail.com (ID: 7bed2b69-8000-4b36-8e91-7fe0b70c9d82)
2025-10-05 00:01:34,694 - tmdl - INFO - Token decoded: user@gmail.com (Role: sch_teacher, School: None, individual ID: 791dbae6-21e7-4b48-bb82-5c378aca8886)
2025-10-05 00:01:35,042 - tmdl - INFO - Current user resolved: user@gmail.com (ID: 7bed2b69-8000-4b36-8e91-7fe0b70c9d82)
2025-10-05 00:02:21,911 - tmdl - INFO - Token decoded: user@gmail.com (Role: sch_teacher, School: None, individual ID: 791dbae6-21e7-4b48-bb82-5c378aca8886)
2025-10-05 00:02:21,923 - tmdl - INFO - Current user resolved: user@gmail.com (ID: 7bed2b69-8000-4b36-8e91-7fe0b70c9d82)
2025-10-05 00:02:22,698 - tmdl - INFO - [JOB] Calendar processing job queued for teacher 7bed2b69-8000-4b36-8e91-7fe0b70c9d82: 3b62721666d8476aaa2ecf34970c9905
2025-10-05 00:02:23,191 - tmdl - INFO - GCS file name: academic_calendar/7bed2b69-8000-4b36-8e91-7fe0b70c9d82.pdf
2025-10-05 00:02:23,194 - tmdl - INFO - Additional data length: 117
2025-10-05 00:02:23,207 - tmdl - INFO - Current working directory: C:\Users\HP\tmdl5
2025-10-05 00:02:23,210 - tmdl - INFO - File path exists: True
2025-10-05 00:02:23,213 - tmdl - INFO - File size: 786073 bytes
2025-10-05 00:02:23,243 - tmdl - INFO - Sending initial status message
2025-10-05 00:02:23,260 - tmdl - INFO - Teacher ID: 7bed2b69-8000-4b36-8e91-7fe0b70c9d82
2025-10-05 00:02:23,287 - tmdl - INFO - File path: ./uploads/academic_calendar/7bed2b69-8000-4b36-8e91-7fe0b70c9d82.pdf
2025-10-05 00:02:23,517 - tmdl - INFO - Sending WebSocket message to teacher 7bed2b69-8000-4b36-8e91-7fe0b70c9d82
2025-10-05 00:02:23,519 - tmdl - INFO - Message content: {'status': 'started', 'message': 'Processing academic calendar file...', 'teacher_id': '7bed2b69-8000-4b36-8e91-7fe0b70c9d82', 'file_path': './uploads/academic_calendar/7bed2b69-8000-4b36-8e91-7fe0b70c9d82.pdf'}
2025-10-05 00:02:24,698 - tmdl - INFO - Notification saved for teacher 7bed2b69-8000-4b36-8e91-7fe0b70c9d82: Schedule Update
2025-10-05 00:02:24,702 - tmdl - INFO - [Redis] Published to ws:teacher:7bed2b69-8000-4b36-8e91-7fe0b70c9d82: {'status': 'started', 'message': 'Processing academic calendar file...', 'teacher_id': '7bed2b69-8000-4b36-8e91-7fe0b70c9d82', 'file_path': './uploads/academic_calendar/7bed2b69-8000-4b36-8e91-7fe0b70c9d82.pdf'}
2025-10-05 00:02:24,717 - tmdl - INFO - Initial status message sent successfully, result: True
2025-10-05 00:02:24,718 - tmdl - INFO - Checking if file exists: ./uploads/academic_calendar/7bed2b69-8000-4b36-8e91-7fe0b70c9d82.pdf
2025-10-05 00:02:24,719 - tmdl - INFO - File exists: True
2025-10-05 00:02:24,721 - tmdl - INFO - Detecting file type for: ./uploads/academic_calendar/7bed2b69-8000-4b36-8e91-7fe0b70c9d82.pdf
2025-10-05 00:02:24,722 - tmdl - INFO - File path exists: True
2025-10-05 00:02:24,723 - tmdl - INFO - File size: 786073 bytes
2025-10-05 00:02:24,725 - tmdl - INFO - File extension: pdf
2025-10-05 00:02:24,726 - tmdl - INFO - Detected file type: pdf
2025-10-05 00:02:24,727 - tmdl - INFO - Supported extensions: ['pdf', 'jpg', 'jpeg', 'png', 'bmp', 'tiff', 'docx', 'xlsx', 'xls', 'txt']
2025-10-05 00:02:24,751 - tmdl - INFO - File extension: .pdf
2025-10-05 00:02:24,752 - tmdl - INFO - Sending text extraction progress message
2025-10-05 00:02:24,753 - tmdl - INFO - File type: pdf
2025-10-05 00:02:24,888 - tmdl - INFO - Sending WebSocket message to teacher 7bed2b69-8000-4b36-8e91-7fe0b70c9d82
2025-10-05 00:02:24,889 - tmdl - INFO - Message content: {'status': 'processing', 'message': 'Extracting text from pdf file...', 'teacher_id': '7bed2b69-8000-4b36-8e91-7fe0b70c9d82'}
2025-10-05 00:02:25,212 - tmdl - INFO - Notification saved for teacher 7bed2b69-8000-4b36-8e91-7fe0b70c9d82: Schedule Update
2025-10-05 00:02:25,218 - tmdl - INFO - [Redis] Published to ws:teacher:7bed2b69-8000-4b36-8e91-7fe0b70c9d82: {'status': 'processing', 'message': 'Extracting text from pdf file...', 'teacher_id': '7bed2b69-8000-4b36-8e91-7fe0b70c9d82'}
2025-10-05 00:02:25,237 - tmdl - INFO - Text extraction progress message sent successfully, result: True
2025-10-05 00:02:25,239 - tmdl - INFO - Extracting text from pdf file
2025-10-05 00:02:25,273 - tmdl - INFO - Trying pdfplumber for digital PDFs
2025-10-05 00:02:25,362 - tmdl - INFO - Processing page 1/5
2025-10-05 00:02:25,368 - tmdl - INFO - Processing page 2/5
2025-10-05 00:02:25,372 - tmdl - INFO - Processing page 3/5
2025-10-05 00:02:25,375 - tmdl - INFO - Processing page 4/5
2025-10-05 00:02:25,380 - tmdl - INFO - Processing page 5/5
2025-10-05 00:02:25,384 - tmdl - WARNING - pdfplumber extracted empty text
2025-10-05 00:02:25,386 - tmdl - INFO - Falling back to OCR extraction
2025-10-05 00:02:25,400 - tmdl - INFO - Converting PDF to images for OCR
2025-10-05 00:02:25,790 - tmdl - ERROR - Full traceback: Traceback (most recent call last):
  File "C:\Users\HP\tmdl5\env\Lib\site-packages\pdf2image\pdf2image.py", line 581, in pdfinfo_from_path
    proc = Popen(command, env=env, stdout=PIPE, stderr=PIPE)
  File "C:\Program Files\WindowsApps\PythonSoftwareFoundation.Python.3.13_3.13.2032.0_x64__qbz5n2kfra8p0\Lib\subprocess.py", line 1039, in __init__
    self._execute_child(args, executable, preexec_fn, close_fds,
    ~~~~~~~~~~~~~~~~~~~^^^^^^^^^^^^^^^^^^^^^^^^^^^^^^^^^^^^^^^^^
                        pass_fds, cwd, env,
                        ^^^^^^^^^^^^^^^^^^^
    ...<5 lines>...
                        gid, gids, uid, umask,
                        ^^^^^^^^^^^^^^^^^^^^^^
                        start_new_session, process_group)
                        ^^^^^^^^^^^^^^^^^^^^^^^^^^^^^^^^^
  File "C:\Program Files\WindowsApps\PythonSoftwareFoundation.Python.3.13_3.13.2032.0_x64__qbz5n2kfra8p0\Lib\subprocess.py", line 1554, in _execute_child
    hp, ht, pid, tid = _winapi.CreateProcess(executable, args,
                       ~~~~~~~~~~~~~~~~~~~~~^^^^^^^^^^^^^^^^^^
                             # no special security
                             ^^^^^^^^^^^^^^^^^^^^^
    ...<4 lines>...
                             cwd,
                             ^^^^
                             startupinfo)
                             ^^^^^^^^^^^^
FileNotFoundError: [WinError 2] The system cannot find the file specified

During handling of the above exception, another exception occurred:

Traceback (most recent call last):
  File "c:\Users\HP\tmdl5\ca_ground\calendar_back.py", line 226, in extract_with_ocr
    images = convert_from_path(file_path)
  File "C:\Users\HP\tmdl5\env\Lib\site-packages\pdf2image\pdf2image.py", line 127, in convert_from_path
    page_count = pdfinfo_from_path(
                 ~~~~~~~~~~~~~~~~~^
        pdf_path, userpw, ownerpw, poppler_path=poppler_path
        ^^^^^^^^^^^^^^^^^^^^^^^^^^^^^^^^^^^^^^^^^^^^^^^^^^^^
    )["Pages"]
    ^
  File "C:\Users\HP\tmdl5\env\Lib\site-packages\pdf2image\pdf2image.py", line 607, in pdfinfo_from_path
    raise PDFInfoNotInstalledError(
        "Unable to get page count. Is poppler installed and in PATH?"
    )
pdf2image.exceptions.PDFInfoNotInstalledError: Unable to get page count. Is poppler installed and in PATH?

2025-10-05 00:02:26,132 - tmdl - INFO - Sending WebSocket message to teacher 7bed2b69-8000-4b36-8e91-7fe0b70c9d82
2025-10-05 00:02:26,133 - tmdl - INFO - Message content: {'status': 'error', 'message': 'Text extraction failed: Unable to get page count. Is poppler installed and in PATH?', 'teacher_id': '7bed2b69-8000-4b36-8e91-7fe0b70c9d82'}
2025-10-05 00:02:26,158 - tmdl - INFO - Notification saved for teacher 7bed2b69-8000-4b36-8e91-7fe0b70c9d82: Error Occurred
2025-10-05 00:02:26,162 - tmdl - INFO - [Redis] Published to ws:teacher:7bed2b69-8000-4b36-8e91-7fe0b70c9d82: {'status': 'error', 'message': 'Text extraction failed: Unable to get page count. Is poppler installed and in PATH?', 'teacher_id': '7bed2b69-8000-4b36-8e91-7fe0b70c9d82'}
2025-10-05 00:02:26,191 - tmdl - INFO - Cleaning up global sent messages, current local set size: 3
2025-10-05 00:02:26,210 - tmdl - INFO - Global set size after cleanup: 0
2025-10-05 00:02:33,772 - tmdl - INFO - Token decoded: user@gmail.com (Role: sch_teacher, School: None, individual ID: 791dbae6-21e7-4b48-bb82-5c378aca8886)
2025-10-05 00:02:33,802 - tmdl - INFO - Current user resolved: user@gmail.com (ID: 7bed2b69-8000-4b36-8e91-7fe0b70c9d82)
2025-10-05 00:03:34,662 - tmdl - INFO - Token decoded: user@gmail.com (Role: sch_teacher, School: None, individual ID: 791dbae6-21e7-4b48-bb82-5c378aca8886)
2025-10-05 00:03:34,674 - tmdl - INFO - Current user resolved: user@gmail.com (ID: 7bed2b69-8000-4b36-8e91-7fe0b70c9d82)
2025-10-05 00:05:36,676 - tmdl - INFO - Token decoded: user@gmail.com (Role: sch_teacher, School: None, individual ID: 791dbae6-21e7-4b48-bb82-5c378aca8886)
2025-10-05 00:05:37,043 - tmdl - INFO - Current user resolved: user@gmail.com (ID: 7bed2b69-8000-4b36-8e91-7fe0b70c9d82)
2025-10-05 00:06:33,769 - tmdl - INFO - Token decoded: user@gmail.com (Role: sch_teacher, School: None, individual ID: 791dbae6-21e7-4b48-bb82-5c378aca8886)
2025-10-05 00:06:34,066 - tmdl - INFO - Current user resolved: user@gmail.com (ID: 7bed2b69-8000-4b36-8e91-7fe0b70c9d82)
2025-10-05 00:06:43,428 - tmdl - INFO - Token decoded: user@gmail.com (Role: sch_teacher, School: None, individual ID: 791dbae6-21e7-4b48-bb82-5c378aca8886)
2025-10-05 00:06:43,466 - tmdl - INFO - Current user resolved: user@gmail.com (ID: 7bed2b69-8000-4b36-8e91-7fe0b70c9d82)
2025-10-05 00:06:44,141 - tmdl - INFO - [JOB] Calendar processing job queued for teacher 7bed2b69-8000-4b36-8e91-7fe0b70c9d82: c11e1c635ca141d78ed8f551001b0be7
2025-10-05 00:06:44,606 - tmdl - INFO - GCS file name: academic_calendar/7bed2b69-8000-4b36-8e91-7fe0b70c9d82.pdf
2025-10-05 00:06:44,614 - tmdl - INFO - Additional data length: 117
2025-10-05 00:06:44,616 - tmdl - INFO - Current working directory: C:\Users\HP\tmdl5
2025-10-05 00:06:44,621 - tmdl - INFO - File path exists: True
2025-10-05 00:06:44,624 - tmdl - INFO - File size: 786073 bytes
2025-10-05 00:06:44,625 - tmdl - INFO - Sending initial status message
2025-10-05 00:06:44,626 - tmdl - INFO - Teacher ID: 7bed2b69-8000-4b36-8e91-7fe0b70c9d82
2025-10-05 00:06:44,628 - tmdl - INFO - File path: ./uploads/academic_calendar/7bed2b69-8000-4b36-8e91-7fe0b70c9d82.pdf
2025-10-05 00:06:44,910 - tmdl - INFO - Sending WebSocket message to teacher 7bed2b69-8000-4b36-8e91-7fe0b70c9d82
2025-10-05 00:06:44,911 - tmdl - INFO - Message content: {'status': 'started', 'message': 'Processing academic calendar file...', 'teacher_id': '7bed2b69-8000-4b36-8e91-7fe0b70c9d82', 'file_path': './uploads/academic_calendar/7bed2b69-8000-4b36-8e91-7fe0b70c9d82.pdf'}
2025-10-05 00:06:45,306 - tmdl - INFO - Notification saved for teacher 7bed2b69-8000-4b36-8e91-7fe0b70c9d82: Schedule Update
2025-10-05 00:06:45,310 - tmdl - INFO - [Redis] Published to ws:teacher:7bed2b69-8000-4b36-8e91-7fe0b70c9d82: {'status': 'started', 'message': 'Processing academic calendar file...', 'teacher_id': '7bed2b69-8000-4b36-8e91-7fe0b70c9d82', 'file_path': './uploads/academic_calendar/7bed2b69-8000-4b36-8e91-7fe0b70c9d82.pdf'}
2025-10-05 00:06:45,336 - tmdl - INFO - Initial status message sent successfully, result: True
2025-10-05 00:06:45,337 - tmdl - INFO - Checking if file exists: ./uploads/academic_calendar/7bed2b69-8000-4b36-8e91-7fe0b70c9d82.pdf
2025-10-05 00:06:45,339 - tmdl - INFO - File exists: True
2025-10-05 00:06:45,341 - tmdl - INFO - Detecting file type for: ./uploads/academic_calendar/7bed2b69-8000-4b36-8e91-7fe0b70c9d82.pdf
2025-10-05 00:06:45,343 - tmdl - INFO - File path exists: True
2025-10-05 00:06:45,344 - tmdl - INFO - File size: 786073 bytes
2025-10-05 00:06:45,349 - tmdl - INFO - File extension: pdf
2025-10-05 00:06:45,351 - tmdl - INFO - Detected file type: pdf
2025-10-05 00:06:45,352 - tmdl - INFO - Supported extensions: ['pdf', 'jpg', 'jpeg', 'png', 'bmp', 'tiff', 'docx', 'xlsx', 'xls', 'txt']
2025-10-05 00:06:45,363 - tmdl - INFO - File extension: .pdf
2025-10-05 00:06:45,363 - tmdl - INFO - Sending text extraction progress message
2025-10-05 00:06:45,364 - tmdl - INFO - File type: pdf
2025-10-05 00:06:45,449 - tmdl - INFO - Sending WebSocket message to teacher 7bed2b69-8000-4b36-8e91-7fe0b70c9d82
2025-10-05 00:06:45,451 - tmdl - INFO - Message content: {'status': 'processing', 'message': 'Extracting text from pdf file...', 'teacher_id': '7bed2b69-8000-4b36-8e91-7fe0b70c9d82'}
2025-10-05 00:06:45,705 - tmdl - INFO - Notification saved for teacher 7bed2b69-8000-4b36-8e91-7fe0b70c9d82: Schedule Update
2025-10-05 00:06:45,709 - tmdl - INFO - [Redis] Published to ws:teacher:7bed2b69-8000-4b36-8e91-7fe0b70c9d82: {'status': 'processing', 'message': 'Extracting text from pdf file...', 'teacher_id': '7bed2b69-8000-4b36-8e91-7fe0b70c9d82'}
2025-10-05 00:06:45,737 - tmdl - INFO - Text extraction progress message sent successfully, result: True
2025-10-05 00:06:45,738 - tmdl - INFO - Extracting text from pdf file
2025-10-05 00:06:45,751 - tmdl - INFO - Trying pdfplumber for digital PDFs
2025-10-05 00:06:45,944 - tmdl - INFO - Processing page 1/5
2025-10-05 00:06:45,947 - tmdl - INFO - Processing page 2/5
2025-10-05 00:06:45,953 - tmdl - INFO - Processing page 3/5
2025-10-05 00:06:45,958 - tmdl - INFO - Processing page 4/5
2025-10-05 00:06:45,963 - tmdl - INFO - Processing page 5/5
2025-10-05 00:06:45,967 - tmdl - WARNING - pdfplumber extracted empty text
2025-10-05 00:06:45,970 - tmdl - INFO - Falling back to OCR extraction
2025-10-05 00:06:45,994 - tmdl - INFO - Converting PDF to images for OCR
2025-10-05 00:06:46,046 - tmdl - ERROR - Full traceback: Traceback (most recent call last):
  File "C:\Users\HP\tmdl5\env\Lib\site-packages\pdf2image\pdf2image.py", line 581, in pdfinfo_from_path
    proc = Popen(command, env=env, stdout=PIPE, stderr=PIPE)
  File "C:\Program Files\WindowsApps\PythonSoftwareFoundation.Python.3.13_3.13.2032.0_x64__qbz5n2kfra8p0\Lib\subprocess.py", line 1039, in __init__
    self._execute_child(args, executable, preexec_fn, close_fds,
    ~~~~~~~~~~~~~~~~~~~^^^^^^^^^^^^^^^^^^^^^^^^^^^^^^^^^^^^^^^^^
                        pass_fds, cwd, env,
                        ^^^^^^^^^^^^^^^^^^^
    ...<5 lines>...
                        gid, gids, uid, umask,
                        ^^^^^^^^^^^^^^^^^^^^^^
                        start_new_session, process_group)
                        ^^^^^^^^^^^^^^^^^^^^^^^^^^^^^^^^^
  File "C:\Program Files\WindowsApps\PythonSoftwareFoundation.Python.3.13_3.13.2032.0_x64__qbz5n2kfra8p0\Lib\subprocess.py", line 1554, in _execute_child
    hp, ht, pid, tid = _winapi.CreateProcess(executable, args,
                       ~~~~~~~~~~~~~~~~~~~~~^^^^^^^^^^^^^^^^^^
                             # no special security
                             ^^^^^^^^^^^^^^^^^^^^^
    ...<4 lines>...
                             cwd,
                             ^^^^
                             startupinfo)
                             ^^^^^^^^^^^^
FileNotFoundError: [WinError 2] The system cannot find the file specified

During handling of the above exception, another exception occurred:

Traceback (most recent call last):
  File "c:\Users\HP\tmdl5\ca_ground\calendar_back.py", line 226, in extract_with_ocr
    raise ImportError("pytesseract or PIL not installed")
                     ^^^^^^^^^^^^^^^^^^^^^^^^^^^^
  File "C:\Users\HP\tmdl5\env\Lib\site-packages\pdf2image\pdf2image.py", line 127, in convert_from_path
    page_count = pdfinfo_from_path(
                 ~~~~~~~~~~~~~~~~~^
        pdf_path, userpw, ownerpw, poppler_path=poppler_path
        ^^^^^^^^^^^^^^^^^^^^^^^^^^^^^^^^^^^^^^^^^^^^^^^^^^^^
    )["Pages"]
    ^
  File "C:\Users\HP\tmdl5\env\Lib\site-packages\pdf2image\pdf2image.py", line 607, in pdfinfo_from_path
    raise PDFInfoNotInstalledError(
        "Unable to get page count. Is poppler installed and in PATH?"
    )
pdf2image.exceptions.PDFInfoNotInstalledError: Unable to get page count. Is poppler installed and in PATH?

2025-10-05 00:06:46,422 - tmdl - INFO - Sending WebSocket message to teacher 7bed2b69-8000-4b36-8e91-7fe0b70c9d82
2025-10-05 00:06:46,422 - tmdl - INFO - Message content: {'status': 'error', 'message': 'Text extraction failed: Unable to get page count. Is poppler installed and in PATH?', 'teacher_id': '7bed2b69-8000-4b36-8e91-7fe0b70c9d82'}
2025-10-05 00:06:46,438 - tmdl - INFO - Notification saved for teacher 7bed2b69-8000-4b36-8e91-7fe0b70c9d82: Error Occurred
2025-10-05 00:06:46,443 - tmdl - INFO - [Redis] Published to ws:teacher:7bed2b69-8000-4b36-8e91-7fe0b70c9d82: {'status': 'error', 'message': 'Text extraction failed: Unable to get page count. Is poppler installed and in PATH?', 'teacher_id': '7bed2b69-8000-4b36-8e91-7fe0b70c9d82'}
2025-10-05 00:06:46,469 - tmdl - INFO - Cleaning up global sent messages, current local set size: 3
2025-10-05 00:06:46,488 - tmdl - INFO - Global set size after cleanup: 0
2025-10-05 00:07:34,618 - tmdl - INFO - Token decoded: user@gmail.com (Role: sch_teacher, School: None, individual ID: 791dbae6-21e7-4b48-bb82-5c378aca8886)
2025-10-05 00:07:34,632 - tmdl - INFO - Current user resolved: user@gmail.com (ID: 7bed2b69-8000-4b36-8e91-7fe0b70c9d82)
2025-10-05 00:08:36,677 - tmdl - INFO - Token decoded: user@gmail.com (Role: sch_teacher, School: None, individual ID: 791dbae6-21e7-4b48-bb82-5c378aca8886)
2025-10-05 00:08:36,706 - tmdl - INFO - Current user resolved: user@gmail.com (ID: 7bed2b69-8000-4b36-8e91-7fe0b70c9d82)
2025-10-05 00:09:36,628 - tmdl - INFO - Token decoded: user@gmail.com (Role: sch_teacher, School: None, individual ID: 791dbae6-21e7-4b48-bb82-5c378aca8886)
2025-10-05 00:09:36,639 - tmdl - INFO - Current user resolved: user@gmail.com (ID: 7bed2b69-8000-4b36-8e91-7fe0b70c9d82)
2025-10-05 00:10:36,631 - tmdl - INFO - Token decoded: user@gmail.com (Role: sch_teacher, School: None, individual ID: 791dbae6-21e7-4b48-bb82-5c378aca8886)
2025-10-05 00:10:36,641 - tmdl - INFO - Current user resolved: user@gmail.com (ID: 7bed2b69-8000-4b36-8e91-7fe0b70c9d82)
2025-10-05 00:11:36,644 - tmdl - INFO - Token decoded: user@gmail.com (Role: sch_teacher, School: None, individual ID: 791dbae6-21e7-4b48-bb82-5c378aca8886)
2025-10-05 00:11:36,672 - tmdl - INFO - Current user resolved: user@gmail.com (ID: 7bed2b69-8000-4b36-8e91-7fe0b70c9d82)
2025-10-05 00:12:36,667 - tmdl - INFO - Token decoded: user@gmail.com (Role: sch_teacher, School: None, individual ID: 791dbae6-21e7-4b48-bb82-5c378aca8886)
2025-10-05 00:12:36,680 - tmdl - INFO - Current user resolved: user@gmail.com (ID: 7bed2b69-8000-4b36-8e91-7fe0b70c9d82)
2025-10-05 00:13:36,646 - tmdl - INFO - Token decoded: user@gmail.com (Role: sch_teacher, School: None, individual ID: 791dbae6-21e7-4b48-bb82-5c378aca8886)
2025-10-05 00:13:36,655 - tmdl - INFO - Current user resolved: user@gmail.com (ID: 7bed2b69-8000-4b36-8e91-7fe0b70c9d82)
2025-10-05 00:14:36,648 - tmdl - INFO - Token decoded: user@gmail.com (Role: sch_teacher, School: None, individual ID: 791dbae6-21e7-4b48-bb82-5c378aca8886)
2025-10-05 00:14:36,659 - tmdl - INFO - Current user resolved: user@gmail.com (ID: 7bed2b69-8000-4b36-8e91-7fe0b70c9d82)
2025-10-05 00:15:36,766 - tmdl - INFO - Token decoded: user@gmail.com (Role: sch_teacher, School: None, individual ID: 791dbae6-21e7-4b48-bb82-5c378aca8886)
2025-10-05 00:15:36,784 - tmdl - INFO - Current user resolved: user@gmail.com (ID: 7bed2b69-8000-4b36-8e91-7fe0b70c9d82)
2025-10-05 00:16:09,175 - tmdl - INFO - Shutting down academic calendar processing worker
2025-10-05 00:16:09,184 - tmdl - INFO - Context keys: ['redis']
2025-10-05 00:16:09,186 - tmdl - INFO - Closing Redis connection
2025-10-05 00:16:09,388 - tmdl - INFO - Disposing database engine
2025-10-05 00:16:09,491 - tmdl - INFO - Academic calendar processing worker shutdown
2025-10-05 00:16:36,639 - tmdl - INFO - Token decoded: user@gmail.com (Role: sch_teacher, School: None, individual ID: 791dbae6-21e7-4b48-bb82-5c378aca8886)
2025-10-05 00:16:36,908 - tmdl - INFO - Current user resolved: user@gmail.com (ID: 7bed2b69-8000-4b36-8e91-7fe0b70c9d82)
2025-10-05 00:16:50,555 - tmdl - INFO - Calendar worker configuration loaded
2025-10-05 00:16:50,555 - tmdl - INFO - Worker functions: ['process_calendar_file_task']
2025-10-05 00:16:50,556 - tmdl - INFO - Max tries: 3
2025-10-05 00:16:50,556 - tmdl - INFO - Job timeout: 300
2025-10-05 00:16:50,589 - tmdl - INFO - Starting academic calendar processing worker
2025-10-05 00:16:50,590 - tmdl - INFO - Redis settings: RedisSettings(host='localhost', port=6379, unix_socket_path=None, database=0, username=None, password=None, ssl=False, ssl_keyfile=None, ssl_certfile=None, ssl_cert_reqs='required', ssl_ca_certs=None, ssl_ca_data=None, ssl_check_hostname=False, conn_timeout=1, conn_retries=5, conn_retry_delay=1, max_connections=None, sentinel=False, sentinel_master='mymaster', retry_on_timeout=False, retry_on_error=None, retry=None)
2025-10-05 00:16:50,591 - tmdl - INFO - Database URL: postgresql+asyncpg://postgres:0264442031Qq.@localhost:5433/tmdl5
2025-10-05 00:16:50,600 - tmdl - INFO - Academic calendar processing worker started
2025-10-05 00:17:22,788 - tmdl - INFO - Token decoded: user@gmail.com (Role: sch_teacher, School: None, individual ID: 791dbae6-21e7-4b48-bb82-5c378aca8886)
2025-10-05 00:17:22,812 - tmdl - INFO - Current user resolved: user@gmail.com (ID: 7bed2b69-8000-4b36-8e91-7fe0b70c9d82)
2025-10-05 00:17:23,599 - tmdl - INFO - [JOB] Calendar processing job queued for teacher 7bed2b69-8000-4b36-8e91-7fe0b70c9d82: ab743c23789b4f03b012ea2cb284ab63
2025-10-05 00:17:24,172 - tmdl - INFO - GCS file name: academic_calendar/7bed2b69-8000-4b36-8e91-7fe0b70c9d82.pdf
2025-10-05 00:17:24,191 - tmdl - INFO - Additional data length: 117
2025-10-05 00:17:24,207 - tmdl - INFO - Current working directory: C:\Users\HP\tmdl5
2025-10-05 00:17:24,263 - tmdl - INFO - File path exists: True
2025-10-05 00:17:24,268 - tmdl - INFO - File size: 786073 bytes
2025-10-05 00:17:24,269 - tmdl - INFO - Sending initial status message
2025-10-05 00:17:24,270 - tmdl - INFO - Teacher ID: 7bed2b69-8000-4b36-8e91-7fe0b70c9d82
2025-10-05 00:17:24,272 - tmdl - INFO - File path: ./uploads/academic_calendar/7bed2b69-8000-4b36-8e91-7fe0b70c9d82.pdf
2025-10-05 00:17:24,406 - tmdl - INFO - Sending WebSocket message to teacher 7bed2b69-8000-4b36-8e91-7fe0b70c9d82
2025-10-05 00:17:24,407 - tmdl - INFO - Message content: {'status': 'started', 'message': 'Processing academic calendar file...', 'teacher_id': '7bed2b69-8000-4b36-8e91-7fe0b70c9d82', 'file_path': './uploads/academic_calendar/7bed2b69-8000-4b36-8e91-7fe0b70c9d82.pdf'}
2025-10-05 00:17:25,209 - tmdl - INFO - Notification saved for teacher 7bed2b69-8000-4b36-8e91-7fe0b70c9d82: Schedule Update
2025-10-05 00:17:25,218 - tmdl - INFO - [Redis] Published to ws:teacher:7bed2b69-8000-4b36-8e91-7fe0b70c9d82: {'status': 'started', 'message': 'Processing academic calendar file...', 'teacher_id': '7bed2b69-8000-4b36-8e91-7fe0b70c9d82', 'file_path': './uploads/academic_calendar/7bed2b69-8000-4b36-8e91-7fe0b70c9d82.pdf'}
2025-10-05 00:17:25,259 - tmdl - INFO - Initial status message sent successfully, result: True
2025-10-05 00:17:25,260 - tmdl - INFO - Checking if file exists: ./uploads/academic_calendar/7bed2b69-8000-4b36-8e91-7fe0b70c9d82.pdf
2025-10-05 00:17:25,262 - tmdl - INFO - File exists: True
2025-10-05 00:17:25,265 - tmdl - INFO - Detecting file type for: ./uploads/academic_calendar/7bed2b69-8000-4b36-8e91-7fe0b70c9d82.pdf
2025-10-05 00:17:25,266 - tmdl - INFO - File path exists: True
2025-10-05 00:17:25,267 - tmdl - INFO - File size: 786073 bytes
2025-10-05 00:17:25,269 - tmdl - INFO - File extension: pdf
2025-10-05 00:17:25,271 - tmdl - INFO - Detected file type: pdf
2025-10-05 00:17:25,272 - tmdl - INFO - Supported extensions: ['pdf', 'jpg', 'jpeg', 'png', 'bmp', 'tiff', 'docx', 'xlsx', 'xls', 'txt']
2025-10-05 00:17:25,311 - tmdl - INFO - File extension: .pdf
2025-10-05 00:17:25,318 - tmdl - INFO - Sending text extraction progress message
2025-10-05 00:17:25,324 - tmdl - INFO - File type: pdf
2025-10-05 00:17:25,405 - tmdl - INFO - Sending WebSocket message to teacher 7bed2b69-8000-4b36-8e91-7fe0b70c9d82
2025-10-05 00:17:25,406 - tmdl - INFO - Message content: {'status': 'processing', 'message': 'Extracting text from pdf file...', 'teacher_id': '7bed2b69-8000-4b36-8e91-7fe0b70c9d82'}
2025-10-05 00:17:27,190 - tmdl - INFO - Notification saved for teacher 7bed2b69-8000-4b36-8e91-7fe0b70c9d82: Schedule Update
2025-10-05 00:17:27,203 - tmdl - INFO - [Redis] Published to ws:teacher:7bed2b69-8000-4b36-8e91-7fe0b70c9d82: {'status': 'processing', 'message': 'Extracting text from pdf file...', 'teacher_id': '7bed2b69-8000-4b36-8e91-7fe0b70c9d82'}
2025-10-05 00:17:27,211 - tmdl - INFO - Text extraction progress message sent successfully, result: True
2025-10-05 00:17:27,212 - tmdl - INFO - Extracting text from pdf file
2025-10-05 00:17:27,220 - tmdl - INFO - Trying pdfplumber for digital PDFs
2025-10-05 00:17:28,703 - tmdl - INFO - Processing page 1/5
2025-10-05 00:17:28,712 - tmdl - INFO - Processing page 2/5
2025-10-05 00:17:28,716 - tmdl - INFO - Processing page 3/5
2025-10-05 00:17:28,722 - tmdl - INFO - Processing page 4/5
2025-10-05 00:17:28,769 - tmdl - INFO - Processing page 5/5
2025-10-05 00:17:28,771 - tmdl - WARNING - pdfplumber extracted empty text
2025-10-05 00:17:28,773 - tmdl - INFO - Falling back to OCR extraction
2025-10-05 00:17:28,801 - tmdl - INFO - Converting PDF to images for OCR
2025-10-05 00:17:30,889 - tmdl - ERROR - Full traceback: Traceback (most recent call last):
  File "C:\Users\HP\tmdl5\env\Lib\site-packages\pdf2image\pdf2image.py", line 581, in pdfinfo_from_path
    proc = Popen(command, env=env, stdout=PIPE, stderr=PIPE)
  File "C:\Program Files\WindowsApps\PythonSoftwareFoundation.Python.3.13_3.13.2032.0_x64__qbz5n2kfra8p0\Lib\subprocess.py", line 1039, in __init__
    self._execute_child(args, executable, preexec_fn, close_fds,
    ~~~~~~~~~~~~~~~~~~~^^^^^^^^^^^^^^^^^^^^^^^^^^^^^^^^^^^^^^^^^
                        pass_fds, cwd, env,
                        ^^^^^^^^^^^^^^^^^^^
    ...<5 lines>...
                        gid, gids, uid, umask,
                        ^^^^^^^^^^^^^^^^^^^^^^
                        start_new_session, process_group)
                        ^^^^^^^^^^^^^^^^^^^^^^^^^^^^^^^^^
  File "C:\Program Files\WindowsApps\PythonSoftwareFoundation.Python.3.13_3.13.2032.0_x64__qbz5n2kfra8p0\Lib\subprocess.py", line 1554, in _execute_child
    hp, ht, pid, tid = _winapi.CreateProcess(executable, args,
                       ~~~~~~~~~~~~~~~~~~~~~^^^^^^^^^^^^^^^^^^
                             # no special security
                             ^^^^^^^^^^^^^^^^^^^^^
    ...<4 lines>...
                             cwd,
                             ^^^^
                             startupinfo)
                             ^^^^^^^^^^^^
FileNotFoundError: [WinError 2] The system cannot find the file specified

During handling of the above exception, another exception occurred:

Traceback (most recent call last):
  File "c:\Users\HP\tmdl5\ca_ground\calendar_back.py", line 239, in extract_with_ocr
    images = convert_from_path(file_path)
  File "C:\Users\HP\tmdl5\env\Lib\site-packages\pdf2image\pdf2image.py", line 127, in convert_from_path
    page_count = pdfinfo_from_path(
                 ~~~~~~~~~~~~~~~~~^
        pdf_path, userpw, ownerpw, poppler_path=poppler_path
        ^^^^^^^^^^^^^^^^^^^^^^^^^^^^^^^^^^^^^^^^^^^^^^^^^^^^
    )["Pages"]
    ^
  File "C:\Users\HP\tmdl5\env\Lib\site-packages\pdf2image\pdf2image.py", line 607, in pdfinfo_from_path
    raise PDFInfoNotInstalledError(
        "Unable to get page count. Is poppler installed and in PATH?"
    )
pdf2image.exceptions.PDFInfoNotInstalledError: Unable to get page count. Is poppler installed and in PATH?

2025-10-05 00:17:31,619 - tmdl - INFO - Sending WebSocket message to teacher 7bed2b69-8000-4b36-8e91-7fe0b70c9d82
2025-10-05 00:17:31,620 - tmdl - INFO - Message content: {'status': 'error', 'message': 'Text extraction failed: Unable to get page count. Is poppler installed and in PATH?', 'teacher_id': '7bed2b69-8000-4b36-8e91-7fe0b70c9d82'}
2025-10-05 00:17:32,151 - tmdl - INFO - Notification saved for teacher 7bed2b69-8000-4b36-8e91-7fe0b70c9d82: Error Occurred
2025-10-05 00:17:32,175 - tmdl - INFO - [Redis] Published to ws:teacher:7bed2b69-8000-4b36-8e91-7fe0b70c9d82: {'status': 'error', 'message': 'Text extraction failed: Unable to get page count. Is poppler installed and in PATH?', 'teacher_id': '7bed2b69-8000-4b36-8e91-7fe0b70c9d82'}
2025-10-05 00:17:32,259 - tmdl - INFO - Cleaning up global sent messages, current local set size: 3
2025-10-05 00:17:32,284 - tmdl - INFO - Global set size after cleanup: 0
2025-10-05 00:17:33,745 - tmdl - INFO - Token decoded: user@gmail.com (Role: sch_teacher, School: None, individual ID: 791dbae6-21e7-4b48-bb82-5c378aca8886)
2025-10-05 00:17:33,755 - tmdl - INFO - Current user resolved: user@gmail.com (ID: 7bed2b69-8000-4b36-8e91-7fe0b70c9d82)
2025-10-05 00:17:44,435 - tmdl - INFO - Shutting down academic calendar processing worker
2025-10-05 00:17:44,436 - tmdl - INFO - Context keys: ['redis']
2025-10-05 00:17:44,437 - tmdl - INFO - Closing Redis connection
2025-10-05 00:17:44,456 - tmdl - INFO - Disposing database engine
2025-10-05 00:17:44,471 - tmdl - INFO - Academic calendar processing worker shutdown
2025-10-05 00:21:41,356 - tmdl - INFO - Calendar worker configuration loaded
2025-10-05 00:21:41,357 - tmdl - INFO - Worker functions: ['process_calendar_file_task']
2025-10-05 00:21:41,358 - tmdl - INFO - Max tries: 3
2025-10-05 00:21:41,358 - tmdl - INFO - Job timeout: 300
2025-10-05 00:21:41,405 - tmdl - INFO - Starting academic calendar processing worker
2025-10-05 00:21:41,406 - tmdl - INFO - Redis settings: RedisSettings(host='localhost', port=6379, unix_socket_path=None, database=0, username=None, password=None, ssl=False, ssl_keyfile=None, ssl_certfile=None, ssl_cert_reqs='required', ssl_ca_certs=None, ssl_ca_data=None, ssl_check_hostname=False, conn_timeout=1, conn_retries=5, conn_retry_delay=1, max_connections=None, sentinel=False, sentinel_master='mymaster', retry_on_timeout=False, retry_on_error=None, retry=None)
2025-10-05 00:21:41,407 - tmdl - INFO - Database URL: postgresql+asyncpg://postgres:0264442031Qq.@localhost:5433/tmdl5
2025-10-05 00:21:41,417 - tmdl - INFO - Academic calendar processing worker started
2025-10-05 00:23:13,521 - tmdl - INFO - Token decoded: user@gmail.com (Role: sch_teacher, School: None, individual ID: 791dbae6-21e7-4b48-bb82-5c378aca8886)
2025-10-05 00:23:13,998 - tmdl - INFO - Current user resolved: user@gmail.com (ID: 7bed2b69-8000-4b36-8e91-7fe0b70c9d82)
2025-10-05 00:23:14,912 - tmdl - INFO - [JOB] Calendar processing job queued for teacher 7bed2b69-8000-4b36-8e91-7fe0b70c9d82: f87405225d754799aa94f090ce030d75
2025-10-05 00:23:15,080 - tmdl - INFO - GCS file name: academic_calendar/7bed2b69-8000-4b36-8e91-7fe0b70c9d82.pdf
2025-10-05 00:23:15,081 - tmdl - INFO - Additional data length: 117
2025-10-05 00:23:15,083 - tmdl - INFO - Current working directory: C:\Users\HP\tmdl5
2025-10-05 00:23:15,084 - tmdl - INFO - File path exists: True
2025-10-05 00:23:15,085 - tmdl - INFO - File size: 786073 bytes
2025-10-05 00:23:15,086 - tmdl - INFO - Sending initial status message
2025-10-05 00:23:15,086 - tmdl - INFO - Teacher ID: 7bed2b69-8000-4b36-8e91-7fe0b70c9d82
2025-10-05 00:23:15,087 - tmdl - INFO - File path: ./uploads/academic_calendar/7bed2b69-8000-4b36-8e91-7fe0b70c9d82.pdf
2025-10-05 00:23:15,225 - tmdl - INFO - Sending WebSocket message to teacher 7bed2b69-8000-4b36-8e91-7fe0b70c9d82
2025-10-05 00:23:15,226 - tmdl - INFO - Message content: {'status': 'started', 'message': 'Processing academic calendar file...', 'teacher_id': '7bed2b69-8000-4b36-8e91-7fe0b70c9d82', 'file_path': './uploads/academic_calendar/7bed2b69-8000-4b36-8e91-7fe0b70c9d82.pdf'}
2025-10-05 00:23:16,465 - tmdl - INFO - Notification saved for teacher 7bed2b69-8000-4b36-8e91-7fe0b70c9d82: Schedule Update
2025-10-05 00:23:16,477 - tmdl - INFO - [Redis] Published to ws:teacher:7bed2b69-8000-4b36-8e91-7fe0b70c9d82: {'status': 'started', 'message': 'Processing academic calendar file...', 'teacher_id': '7bed2b69-8000-4b36-8e91-7fe0b70c9d82', 'file_path': './uploads/academic_calendar/7bed2b69-8000-4b36-8e91-7fe0b70c9d82.pdf'}
2025-10-05 00:23:16,568 - tmdl - INFO - Initial status message sent successfully, result: True
2025-10-05 00:23:16,573 - tmdl - INFO - Checking if file exists: ./uploads/academic_calendar/7bed2b69-8000-4b36-8e91-7fe0b70c9d82.pdf
2025-10-05 00:23:16,583 - tmdl - INFO - File exists: True
2025-10-05 00:23:16,584 - tmdl - INFO - Detecting file type for: ./uploads/academic_calendar/7bed2b69-8000-4b36-8e91-7fe0b70c9d82.pdf
2025-10-05 00:23:16,588 - tmdl - INFO - File path exists: True
2025-10-05 00:23:16,590 - tmdl - INFO - File size: 786073 bytes
2025-10-05 00:23:16,591 - tmdl - INFO - File extension: pdf
2025-10-05 00:23:16,596 - tmdl - INFO - Detected file type: pdf
2025-10-05 00:23:16,600 - tmdl - INFO - Supported extensions: ['pdf', 'jpg', 'jpeg', 'png', 'bmp', 'tiff', 'docx', 'xlsx', 'xls', 'txt']
2025-10-05 00:23:16,618 - tmdl - INFO - File extension: .pdf
2025-10-05 00:23:16,620 - tmdl - INFO - Sending text extraction progress message
2025-10-05 00:23:16,621 - tmdl - INFO - File type: pdf
2025-10-05 00:23:16,798 - tmdl - INFO - Sending WebSocket message to teacher 7bed2b69-8000-4b36-8e91-7fe0b70c9d82
2025-10-05 00:23:16,798 - tmdl - INFO - Message content: {'status': 'processing', 'message': 'Extracting text from pdf file...', 'teacher_id': '7bed2b69-8000-4b36-8e91-7fe0b70c9d82'}
2025-10-05 00:23:18,052 - tmdl - INFO - Notification saved for teacher 7bed2b69-8000-4b36-8e91-7fe0b70c9d82: Schedule Update
2025-10-05 00:23:18,060 - tmdl - INFO - [Redis] Published to ws:teacher:7bed2b69-8000-4b36-8e91-7fe0b70c9d82: {'status': 'processing', 'message': 'Extracting text from pdf file...', 'teacher_id': '7bed2b69-8000-4b36-8e91-7fe0b70c9d82'}
2025-10-05 00:23:18,081 - tmdl - INFO - Text extraction progress message sent successfully, result: True
2025-10-05 00:23:18,083 - tmdl - INFO - Extracting text from pdf file
2025-10-05 00:23:18,111 - tmdl - INFO - Trying pdfplumber for digital PDFs
2025-10-05 00:23:19,259 - tmdl - INFO - Processing page 1/5
2025-10-05 00:23:19,265 - tmdl - INFO - Processing page 2/5
2025-10-05 00:23:19,284 - tmdl - INFO - Processing page 3/5
2025-10-05 00:23:19,287 - tmdl - INFO - Processing page 4/5
2025-10-05 00:23:19,291 - tmdl - INFO - Processing page 5/5
2025-10-05 00:23:19,295 - tmdl - WARNING - pdfplumber extracted empty text
2025-10-05 00:23:19,297 - tmdl - INFO - Falling back to OCR extraction
2025-10-05 00:23:19,307 - tmdl - INFO - Converting PDF to images for OCR
2025-10-05 00:23:19,498 - tmdl - ERROR - Full traceback: Traceback (most recent call last):
  File "C:\Users\HP\tmdl5\env\Lib\site-packages\pdf2image\pdf2image.py", line 581, in pdfinfo_from_path
    proc = Popen(command, env=env, stdout=PIPE, stderr=PIPE)
  File "C:\Program Files\WindowsApps\PythonSoftwareFoundation.Python.3.13_3.13.2032.0_x64__qbz5n2kfra8p0\Lib\subprocess.py", line 1039, in __init__
    self._execute_child(args, executable, preexec_fn, close_fds,
    ~~~~~~~~~~~~~~~~~~~^^^^^^^^^^^^^^^^^^^^^^^^^^^^^^^^^^^^^^^^^
                        pass_fds, cwd, env,
                        ^^^^^^^^^^^^^^^^^^^
    ...<5 lines>...
                        gid, gids, uid, umask,
                        ^^^^^^^^^^^^^^^^^^^^^^
                        start_new_session, process_group)
                        ^^^^^^^^^^^^^^^^^^^^^^^^^^^^^^^^^
  File "C:\Program Files\WindowsApps\PythonSoftwareFoundation.Python.3.13_3.13.2032.0_x64__qbz5n2kfra8p0\Lib\subprocess.py", line 1554, in _execute_child
    hp, ht, pid, tid = _winapi.CreateProcess(executable, args,
                       ~~~~~~~~~~~~~~~~~~~~~^^^^^^^^^^^^^^^^^^
                             # no special security
                             ^^^^^^^^^^^^^^^^^^^^^
    ...<4 lines>...
                             cwd,
                             ^^^^
                             startupinfo)
                             ^^^^^^^^^^^^
FileNotFoundError: [WinError 2] The system cannot find the file specified

During handling of the above exception, another exception occurred:

Traceback (most recent call last):
  File "c:\Users\HP\tmdl5\ca_ground\calendar_back.py", line 239, in extract_with_ocr
    images = convert_from_path(file_path)
  File "C:\Users\HP\tmdl5\env\Lib\site-packages\pdf2image\pdf2image.py", line 127, in convert_from_path
    page_count = pdfinfo_from_path(
                 ~~~~~~~~~~~~~~~~~^
        pdf_path, userpw, ownerpw, poppler_path=poppler_path
        ^^^^^^^^^^^^^^^^^^^^^^^^^^^^^^^^^^^^^^^^^^^^^^^^^^^^
    )["Pages"]
    ^
  File "C:\Users\HP\tmdl5\env\Lib\site-packages\pdf2image\pdf2image.py", line 607, in pdfinfo_from_path
    raise PDFInfoNotInstalledError(
        "Unable to get page count. Is poppler installed and in PATH?"
    )
pdf2image.exceptions.PDFInfoNotInstalledError: Unable to get page count. Is poppler installed and in PATH?

2025-10-05 00:23:20,086 - tmdl - INFO - Sending WebSocket message to teacher 7bed2b69-8000-4b36-8e91-7fe0b70c9d82
2025-10-05 00:23:20,087 - tmdl - INFO - Message content: {'status': 'error', 'message': 'Text extraction failed: Unable to get page count. Is poppler installed and in PATH?', 'teacher_id': '7bed2b69-8000-4b36-8e91-7fe0b70c9d82'}
2025-10-05 00:23:20,140 - tmdl - INFO - Notification saved for teacher 7bed2b69-8000-4b36-8e91-7fe0b70c9d82: Error Occurred
2025-10-05 00:23:20,144 - tmdl - INFO - [Redis] Published to ws:teacher:7bed2b69-8000-4b36-8e91-7fe0b70c9d82: {'status': 'error', 'message': 'Text extraction failed: Unable to get page count. Is poppler installed and in PATH?', 'teacher_id': '7bed2b69-8000-4b36-8e91-7fe0b70c9d82'}
2025-10-05 00:23:20,172 - tmdl - INFO - Cleaning up global sent messages, current local set size: 3
2025-10-05 00:23:20,181 - tmdl - INFO - Global set size after cleanup: 0
2025-10-05 00:23:33,758 - tmdl - INFO - Token decoded: user@gmail.com (Role: sch_teacher, School: None, individual ID: 791dbae6-21e7-4b48-bb82-5c378aca8886)
2025-10-05 00:23:33,766 - tmdl - INFO - Current user resolved: user@gmail.com (ID: 7bed2b69-8000-4b36-8e91-7fe0b70c9d82)
2025-10-05 00:24:36,649 - tmdl - INFO - Token decoded: user@gmail.com (Role: sch_teacher, School: None, individual ID: 791dbae6-21e7-4b48-bb82-5c378aca8886)
2025-10-05 00:24:36,657 - tmdl - INFO - Current user resolved: user@gmail.com (ID: 7bed2b69-8000-4b36-8e91-7fe0b70c9d82)
2025-10-05 00:25:36,644 - tmdl - INFO - Token decoded: user@gmail.com (Role: sch_teacher, School: None, individual ID: 791dbae6-21e7-4b48-bb82-5c378aca8886)
2025-10-05 00:25:36,657 - tmdl - INFO - Current user resolved: user@gmail.com (ID: 7bed2b69-8000-4b36-8e91-7fe0b70c9d82)
2025-10-05 00:26:31,346 - tmdl - INFO - Shutting down academic calendar processing worker
2025-10-05 00:26:31,347 - tmdl - INFO - Context keys: ['redis']
2025-10-05 00:26:31,348 - tmdl - INFO - Closing Redis connection
2025-10-05 00:26:31,366 - tmdl - INFO - Disposing database engine
2025-10-05 00:26:31,382 - tmdl - INFO - Academic calendar processing worker shutdown
2025-10-05 00:26:36,638 - tmdl - INFO - Token decoded: user@gmail.com (Role: sch_teacher, School: None, individual ID: 791dbae6-21e7-4b48-bb82-5c378aca8886)
2025-10-05 00:26:36,650 - tmdl - INFO - Current user resolved: user@gmail.com (ID: 7bed2b69-8000-4b36-8e91-7fe0b70c9d82)
2025-10-05 00:27:36,635 - tmdl - INFO - Token decoded: user@gmail.com (Role: sch_teacher, School: None, individual ID: 791dbae6-21e7-4b48-bb82-5c378aca8886)
2025-10-05 00:27:36,986 - tmdl - INFO - Current user resolved: user@gmail.com (ID: 7bed2b69-8000-4b36-8e91-7fe0b70c9d82)
2025-10-05 00:28:36,660 - tmdl - INFO - Token decoded: user@gmail.com (Role: sch_teacher, School: None, individual ID: 791dbae6-21e7-4b48-bb82-5c378aca8886)
2025-10-05 00:28:36,966 - tmdl - INFO - Current user resolved: user@gmail.com (ID: 7bed2b69-8000-4b36-8e91-7fe0b70c9d82)
2025-10-05 00:29:36,656 - tmdl - INFO - Token decoded: user@gmail.com (Role: sch_teacher, School: None, individual ID: 791dbae6-21e7-4b48-bb82-5c378aca8886)
2025-10-05 00:29:36,664 - tmdl - INFO - Current user resolved: user@gmail.com (ID: 7bed2b69-8000-4b36-8e91-7fe0b70c9d82)
2025-10-05 00:30:36,674 - tmdl - INFO - Token decoded: user@gmail.com (Role: sch_teacher, School: None, individual ID: 791dbae6-21e7-4b48-bb82-5c378aca8886)
2025-10-05 00:30:36,680 - tmdl - INFO - Current user resolved: user@gmail.com (ID: 7bed2b69-8000-4b36-8e91-7fe0b70c9d82)
2025-10-05 00:31:33,741 - tmdl - INFO - Token decoded: user@gmail.com (Role: sch_teacher, School: None, individual ID: 791dbae6-21e7-4b48-bb82-5c378aca8886)
2025-10-05 00:31:33,747 - tmdl - INFO - Current user resolved: user@gmail.com (ID: 7bed2b69-8000-4b36-8e91-7fe0b70c9d82)
2025-10-05 00:31:48,658 - tmdl - INFO - Token decoded: user@gmail.com (Role: sch_teacher, School: None, individual ID: 791dbae6-21e7-4b48-bb82-5c378aca8886)
2025-10-05 00:31:48,674 - tmdl - INFO - Current user resolved: user@gmail.com (ID: 7bed2b69-8000-4b36-8e91-7fe0b70c9d82)
2025-10-05 00:31:49,473 - tmdl - INFO - [JOB] Calendar processing job queued for teacher 7bed2b69-8000-4b36-8e91-7fe0b70c9d82: 7b1298ae54754b4d9d5ee91d047898d4
2025-10-05 00:32:33,772 - tmdl - INFO - Token decoded: user@gmail.com (Role: sch_teacher, School: None, individual ID: 791dbae6-21e7-4b48-bb82-5c378aca8886)
2025-10-05 00:32:33,791 - tmdl - INFO - Current user resolved: user@gmail.com (ID: 7bed2b69-8000-4b36-8e91-7fe0b70c9d82)
2025-10-05 00:33:32,314 - tmdl - INFO - Token decoded: user@gmail.com (Role: sch_teacher, School: None, individual ID: 791dbae6-21e7-4b48-bb82-5c378aca8886)
2025-10-05 00:33:32,329 - tmdl - INFO - Current user resolved: user@gmail.com (ID: 7bed2b69-8000-4b36-8e91-7fe0b70c9d82)
2025-10-05 00:33:32,769 - tmdl - INFO - [JOB] Calendar processing job queued for teacher 7bed2b69-8000-4b36-8e91-7fe0b70c9d82: a8bab649d4c24290acbd43692029cdfc
2025-10-05 00:33:33,766 - tmdl - INFO - Token decoded: user@gmail.com (Role: sch_teacher, School: None, individual ID: 791dbae6-21e7-4b48-bb82-5c378aca8886)
2025-10-05 00:33:33,773 - tmdl - INFO - Current user resolved: user@gmail.com (ID: 7bed2b69-8000-4b36-8e91-7fe0b70c9d82)
2025-10-05 00:34:08,370 - tmdl - INFO - Calendar worker configuration loaded
2025-10-05 00:34:08,370 - tmdl - INFO - Worker functions: ['process_calendar_file_task']
2025-10-05 00:34:08,371 - tmdl - INFO - Max tries: 3
2025-10-05 00:34:08,371 - tmdl - INFO - Job timeout: 300
2025-10-05 00:34:08,403 - tmdl - INFO - Starting academic calendar processing worker
2025-10-05 00:34:08,404 - tmdl - INFO - Redis settings: RedisSettings(host='localhost', port=6379, unix_socket_path=None, database=0, username=None, password=None, ssl=False, ssl_keyfile=None, ssl_certfile=None, ssl_cert_reqs='required', ssl_ca_certs=None, ssl_ca_data=None, ssl_check_hostname=False, conn_timeout=1, conn_retries=5, conn_retry_delay=1, max_connections=None, sentinel=False, sentinel_master='mymaster', retry_on_timeout=False, retry_on_error=None, retry=None)
2025-10-05 00:34:08,405 - tmdl - INFO - Database URL: postgresql+asyncpg://postgres:0264442031Qq.@localhost:5433/tmdl5
2025-10-05 00:34:08,413 - tmdl - INFO - Academic calendar processing worker started
2025-10-05 00:34:08,467 - tmdl - INFO - GCS file name: academic_calendar/7bed2b69-8000-4b36-8e91-7fe0b70c9d82.pdf
2025-10-05 00:34:08,468 - tmdl - INFO - Additional data length: 117
2025-10-05 00:34:08,470 - tmdl - INFO - Current working directory: C:\Users\HP\tmdl5
2025-10-05 00:34:08,472 - tmdl - INFO - File path exists: True
2025-10-05 00:34:08,473 - tmdl - INFO - File size: 786073 bytes
2025-10-05 00:34:08,475 - tmdl - INFO - Sending initial status message
2025-10-05 00:34:08,476 - tmdl - INFO - Teacher ID: 7bed2b69-8000-4b36-8e91-7fe0b70c9d82
2025-10-05 00:34:08,477 - tmdl - INFO - File path: ./uploads/academic_calendar/7bed2b69-8000-4b36-8e91-7fe0b70c9d82.pdf
2025-10-05 00:34:08,700 - tmdl - INFO - Sending WebSocket message to teacher 7bed2b69-8000-4b36-8e91-7fe0b70c9d82
2025-10-05 00:34:08,701 - tmdl - INFO - Message content: {'status': 'started', 'message': 'Processing academic calendar file...', 'teacher_id': '7bed2b69-8000-4b36-8e91-7fe0b70c9d82', 'file_path': './uploads/academic_calendar/7bed2b69-8000-4b36-8e91-7fe0b70c9d82.pdf'}
2025-10-05 00:34:08,742 - tmdl - INFO - GCS file name: academic_calendar/7bed2b69-8000-4b36-8e91-7fe0b70c9d82.pdf
2025-10-05 00:34:08,744 - tmdl - INFO - Additional data length: 117
2025-10-05 00:34:08,745 - tmdl - INFO - Current working directory: C:\Users\HP\tmdl5
2025-10-05 00:34:08,746 - tmdl - INFO - File path exists: True
2025-10-05 00:34:08,750 - tmdl - INFO - File size: 786073 bytes
2025-10-05 00:34:08,751 - tmdl - INFO - Sending initial status message
2025-10-05 00:34:08,752 - tmdl - INFO - Teacher ID: 7bed2b69-8000-4b36-8e91-7fe0b70c9d82
2025-10-05 00:34:08,752 - tmdl - INFO - File path: ./uploads/academic_calendar/7bed2b69-8000-4b36-8e91-7fe0b70c9d82.pdf
2025-10-05 00:34:08,862 - tmdl - INFO - Sending WebSocket message to teacher 7bed2b69-8000-4b36-8e91-7fe0b70c9d82
2025-10-05 00:34:08,863 - tmdl - INFO - Message content: {'status': 'started', 'message': 'Processing academic calendar file...', 'teacher_id': '7bed2b69-8000-4b36-8e91-7fe0b70c9d82', 'file_path': './uploads/academic_calendar/7bed2b69-8000-4b36-8e91-7fe0b70c9d82.pdf'}
2025-10-05 00:34:09,606 - tmdl - INFO - Notification saved for teacher 7bed2b69-8000-4b36-8e91-7fe0b70c9d82: Schedule Update
2025-10-05 00:34:09,612 - tmdl - INFO - Notification saved for teacher 7bed2b69-8000-4b36-8e91-7fe0b70c9d82: Schedule Update
2025-10-05 00:34:09,648 - tmdl - INFO - [Redis] Published to ws:teacher:7bed2b69-8000-4b36-8e91-7fe0b70c9d82: {'status': 'started', 'message': 'Processing academic calendar file...', 'teacher_id': '7bed2b69-8000-4b36-8e91-7fe0b70c9d82', 'file_path': './uploads/academic_calendar/7bed2b69-8000-4b36-8e91-7fe0b70c9d82.pdf'}
2025-10-05 00:34:09,679 - tmdl - INFO - Initial status message sent successfully, result: True
2025-10-05 00:34:09,681 - tmdl - INFO - Checking if file exists: ./uploads/academic_calendar/7bed2b69-8000-4b36-8e91-7fe0b70c9d82.pdf
2025-10-05 00:34:09,683 - tmdl - INFO - File exists: True
2025-10-05 00:34:09,683 - tmdl - INFO - Detecting file type for: ./uploads/academic_calendar/7bed2b69-8000-4b36-8e91-7fe0b70c9d82.pdf
2025-10-05 00:34:09,685 - tmdl - INFO - File path exists: True
2025-10-05 00:34:09,686 - tmdl - INFO - File size: 786073 bytes
2025-10-05 00:34:09,687 - tmdl - INFO - File extension: pdf
2025-10-05 00:34:09,688 - tmdl - INFO - Detected file type: pdf
2025-10-05 00:34:09,689 - tmdl - INFO - Supported extensions: ['pdf', 'jpg', 'jpeg', 'png', 'bmp', 'tiff', 'docx', 'xlsx', 'xls', 'txt']
2025-10-05 00:34:09,698 - tmdl - INFO - File extension: .pdf
2025-10-05 00:34:09,701 - tmdl - INFO - Sending text extraction progress message
2025-10-05 00:34:09,704 - tmdl - INFO - File type: pdf
2025-10-05 00:34:09,842 - tmdl - INFO - Sending WebSocket message to teacher 7bed2b69-8000-4b36-8e91-7fe0b70c9d82
2025-10-05 00:34:09,843 - tmdl - INFO - Message content: {'status': 'processing', 'message': 'Extracting text from pdf file...', 'teacher_id': '7bed2b69-8000-4b36-8e91-7fe0b70c9d82'}
2025-10-05 00:34:09,863 - tmdl - INFO - [Redis] Published to ws:teacher:7bed2b69-8000-4b36-8e91-7fe0b70c9d82: {'status': 'started', 'message': 'Processing academic calendar file...', 'teacher_id': '7bed2b69-8000-4b36-8e91-7fe0b70c9d82', 'file_path': './uploads/academic_calendar/7bed2b69-8000-4b36-8e91-7fe0b70c9d82.pdf'}
2025-10-05 00:34:09,877 - tmdl - INFO - Initial status message sent successfully, result: True
2025-10-05 00:34:09,878 - tmdl - INFO - Checking if file exists: ./uploads/academic_calendar/7bed2b69-8000-4b36-8e91-7fe0b70c9d82.pdf
2025-10-05 00:34:09,879 - tmdl - INFO - File exists: True
2025-10-05 00:34:09,882 - tmdl - INFO - Detecting file type for: ./uploads/academic_calendar/7bed2b69-8000-4b36-8e91-7fe0b70c9d82.pdf
2025-10-05 00:34:09,884 - tmdl - INFO - File path exists: True
2025-10-05 00:34:09,885 - tmdl - INFO - File size: 786073 bytes
2025-10-05 00:34:09,886 - tmdl - INFO - File extension: pdf
2025-10-05 00:34:09,887 - tmdl - INFO - Detected file type: pdf
2025-10-05 00:34:09,887 - tmdl - INFO - Supported extensions: ['pdf', 'jpg', 'jpeg', 'png', 'bmp', 'tiff', 'docx', 'xlsx', 'xls', 'txt']
2025-10-05 00:34:09,895 - tmdl - INFO - File extension: .pdf
2025-10-05 00:34:09,895 - tmdl - INFO - Sending text extraction progress message
2025-10-05 00:34:09,897 - tmdl - INFO - File type: pdf
2025-10-05 00:34:09,986 - tmdl - INFO - Sending WebSocket message to teacher 7bed2b69-8000-4b36-8e91-7fe0b70c9d82
2025-10-05 00:34:09,987 - tmdl - INFO - Message content: {'status': 'processing', 'message': 'Extracting text from pdf file...', 'teacher_id': '7bed2b69-8000-4b36-8e91-7fe0b70c9d82'}
2025-10-05 00:34:09,992 - tmdl - INFO - Notification saved for teacher 7bed2b69-8000-4b36-8e91-7fe0b70c9d82: Schedule Update
2025-10-05 00:34:10,002 - tmdl - INFO - [Redis] Published to ws:teacher:7bed2b69-8000-4b36-8e91-7fe0b70c9d82: {'status': 'processing', 'message': 'Extracting text from pdf file...', 'teacher_id': '7bed2b69-8000-4b36-8e91-7fe0b70c9d82'}
2025-10-05 00:34:10,009 - tmdl - INFO - Text extraction progress message sent successfully, result: True
2025-10-05 00:34:10,010 - tmdl - INFO - Extracting text from pdf file
2025-10-05 00:34:10,022 - tmdl - INFO - Trying pdfplumber for digital PDFs
2025-10-05 00:34:10,132 - tmdl - INFO - Processing page 1/5
2025-10-05 00:34:10,138 - tmdl - INFO - Processing page 2/5
2025-10-05 00:34:10,143 - tmdl - INFO - Processing page 3/5
2025-10-05 00:34:10,149 - tmdl - INFO - Processing page 4/5
2025-10-05 00:34:10,156 - tmdl - INFO - Processing page 5/5
2025-10-05 00:34:10,160 - tmdl - WARNING - pdfplumber extracted empty text
2025-10-05 00:34:10,163 - tmdl - INFO - Falling back to OCR extraction
2025-10-05 00:34:10,175 - tmdl - INFO - Converting PDF to images for OCR
2025-10-05 00:34:15,686 - tmdl - INFO - Converted PDF to 5 images
2025-10-05 00:34:15,688 - tmdl - INFO - Processing image 1/5
2025-10-05 00:34:22,060 - tmdl - INFO - Processing image 2/5
2025-10-05 00:34:24,028 - tmdl - INFO - Processing image 3/5
2025-10-05 00:34:29,707 - tmdl - INFO - Processing image 4/5
2025-10-05 00:34:32,936 - tmdl - INFO - Processing image 5/5
2025-10-05 00:34:33,774 - tmdl - INFO - Token decoded: user@gmail.com (Role: sch_teacher, School: None, individual ID: 791dbae6-21e7-4b48-bb82-5c378aca8886)
2025-10-05 00:34:33,779 - tmdl - INFO - Current user resolved: user@gmail.com (ID: 7bed2b69-8000-4b36-8e91-7fe0b70c9d82)
2025-10-05 00:34:35,257 - tmdl - INFO - First 200 characters of extracted text: Page 1:
2024/2025 ACADEMIC CALENDAR FOR BASIC AND SENIOR HIGH SCHOOLS (PRE-TERTIARY
SCHOOLS)

Management of the Ghana Education Service (GES) wishes to inform Heads of Basic and Senior High
Schools of
2025-10-05 00:34:35,259 - tmdl - INFO - Sending AI processing progress message
2025-10-05 00:34:35,260 - tmdl - INFO - Extracted text length: 3209
2025-10-05 00:34:35,375 - tmdl - INFO - Sending WebSocket message to teacher 7bed2b69-8000-4b36-8e91-7fe0b70c9d82
2025-10-05 00:34:35,377 - tmdl - INFO - Message content: {'status': 'processing', 'message': 'Processing extracted text with AI...', 'teacher_id': '7bed2b69-8000-4b36-8e91-7fe0b70c9d82', 'extracted_text_length': 3209}
2025-10-05 00:34:35,401 - tmdl - INFO - Notification saved for teacher 7bed2b69-8000-4b36-8e91-7fe0b70c9d82: Schedule Update
2025-10-05 00:34:35,407 - tmdl - INFO - [Redis] Published to ws:teacher:7bed2b69-8000-4b36-8e91-7fe0b70c9d82: {'status': 'processing', 'message': 'Processing extracted text with AI...', 'teacher_id': '7bed2b69-8000-4b36-8e91-7fe0b70c9d82', 'extracted_text_length': 3209}
2025-10-05 00:34:35,433 - tmdl - INFO - AI processing progress message sent successfully, result: True
2025-10-05 00:34:35,434 - tmdl - INFO - Sending extracted text to AI for processing
2025-10-05 00:34:35,434 - tmdl - INFO - GEMINI_API_KEY available: True
2025-10-05 00:34:35,435 - tmdl - INFO - GCS_BUCKET_NAME: teacher_module_acatable_bucket
2025-10-05 00:34:35,436 - tmdl - INFO - GCS file name: academic_calendar/7bed2b69-8000-4b36-8e91-7fe0b70c9d82.pdf
2025-10-05 00:34:35,437 - tmdl - INFO - Additional data length: 117
2025-10-05 00:34:48,735 - tmdl - INFO - AI result received: <class 'dict'>
2025-10-05 00:34:48,736 - tmdl - INFO - AI result keys: ['semester_name', 'semester_start_date', 'semester_end_date', 'mid_semester_break_start_date', 'mid_semester_break_end_date', 'midsem_exams_date', 'revision_start_date', 'calendar_events']
2025-10-05 00:34:48,737 - tmdl - INFO - AI processing successful, no error in result
2025-10-05 00:34:48,738 - tmdl - INFO - AI processing successful
2025-10-05 00:34:48,739 - tmdl - INFO - AI result type: <class 'dict'>
2025-10-05 00:34:48,740 - tmdl - INFO - AI result keys: ['semester_name', 'semester_start_date', 'semester_end_date', 'mid_semester_break_start_date', 'mid_semester_break_end_date', 'midsem_exams_date', 'revision_start_date', 'calendar_events']
2025-10-05 00:34:48,741 - tmdl - INFO - AI result semester_name: First Term 2024/2025
2025-10-05 00:34:48,742 - tmdl - INFO - AI result calendar_events count: 5
2025-10-05 00:34:48,744 - tmdl - INFO - First calendar event: {'event_name': 'First Term Begins (KG/Primary and JHS)', 'event_start_date': '2024-09-10', 'event_end_date': '2024-09-10', 'is_holiday': False, 'requires_no_classes': False}
2025-10-05 00:34:48,746 - tmdl - INFO - AI result: {'semester_name': 'First Term 2024/2025', 'semester_start_date': '2024-09-10', 'semester_end_date': '2024-12-19', 'mid_semester_break_start_date': None, 'mid_semester_break_end_date': None, 'midsem_exams_date': None, 'revision_start_date': None, 'calendar_events': [{'event_name': 'First Term Begins (KG/Primary and JHS)', 'event_start_date': '2024-09-10', 'event_end_date': '2024-09-10', 'is_holiday': False, 'requires_no_classes': False}, {'event_name': 'First Term Begins (Senior High Schools)', 'event_start_date': '2024-10-30', 'event_end_date': '2024-10-30', 'is_holiday': False, 'requires_no_classes': False}, {'event_name': 'Christmas Break Begins', 'event_start_date': '2024-12-20', 'event_end_date': '2024-12-20', 'is_holiday': True, 'requires_no_classes': True}, {'event_name': 'Christmas Break Ends', 'event_start_date': '2025-01-02', 'event_end_date': '2025-01-02', 'is_holiday': True, 'requires_no_classes': True}, {'event_name': 'First Term Ends (KG/Primary and JHS)', 'event_start_date': '2024-12-19', 'event_end_date': '2024-12-19', 'is_holiday': False, 'requires_no_classes': False}]}
2025-10-05 00:34:48,748 - tmdl - INFO - Validating calendar data. Data type: <class 'dict'>
2025-10-05 00:34:48,767 - tmdl - INFO - Has root calendar fields: True
2025-10-05 00:34:48,768 - tmdl - INFO - Has calendar events: True
2025-10-05 00:34:48,822 - tmdl - INFO - Sending saving progress message
2025-10-05 00:34:48,823 - tmdl - INFO - Calendar events count: 5
2025-10-05 00:34:48,931 - tmdl - INFO - Sending WebSocket message to teacher 7bed2b69-8000-4b36-8e91-7fe0b70c9d82
2025-10-05 00:34:48,932 - tmdl - INFO - Message content: {'status': 'processing', 'message': 'Saving academic calendar with 5 events...', 'teacher_id': '7bed2b69-8000-4b36-8e91-7fe0b70c9d82', 'event_count': 5}
2025-10-05 00:34:48,954 - tmdl - INFO - Notification saved for teacher 7bed2b69-8000-4b36-8e91-7fe0b70c9d82: Schedule Update
2025-10-05 00:34:49,798 - tmdl - WARNING - Connection error on attempt 1/2: 
Traceback (most recent call last):
  File "C:\Program Files\WindowsApps\PythonSoftwareFoundation.Python.3.13_3.13.2032.0_x64__qbz5n2kfra8p0\Lib\asyncio\tasks.py", line 507, in wait_for
    return await fut
           ^^^^^^^^^
  File "C:\Users\HP\tmdl5\env\Lib\site-packages\sqlalchemy\ext\asyncio\session.py", line 1014, in commit
    await greenlet_spawn(self.sync_session.commit)
  File "C:\Users\HP\tmdl5\env\Lib\site-packages\sqlalchemy\util\_concurrency_py3k.py", line 203, in greenlet_spawn
    result = context.switch(value)
  File "C:\Users\HP\tmdl5\env\Lib\site-packages\sqlalchemy\orm\session.py", line 2032, in commit
    trans.commit(_to_root=True)
    ~~~~~~~~~~~~^^^^^^^^^^^^^^^
  File "<string>", line 2, in commit
  File "C:\Users\HP\tmdl5\env\Lib\site-packages\sqlalchemy\orm\state_changes.py", line 137, in _go
    ret_value = fn(self, *arg, **kw)
  File "C:\Users\HP\tmdl5\env\Lib\site-packages\sqlalchemy\orm\session.py", line 1313, in commit
    self._prepare_impl()
    ~~~~~~~~~~~~~~~~~~^^
  File "<string>", line 2, in _prepare_impl
  File "C:\Users\HP\tmdl5\env\Lib\site-packages\sqlalchemy\orm\state_changes.py", line 137, in _go
    ret_value = fn(self, *arg, **kw)
  File "C:\Users\HP\tmdl5\env\Lib\site-packages\sqlalchemy\orm\session.py", line 1288, in _prepare_impl
    self.session.flush()
    ~~~~~~~~~~~~~~~~~~^^
  File "C:\Users\HP\tmdl5\env\Lib\site-packages\sqlalchemy\orm\session.py", line 4345, in flush
    self._flush(objects)
    ~~~~~~~~~~~^^^^^^^^^
  File "C:\Users\HP\tmdl5\env\Lib\site-packages\sqlalchemy\orm\session.py", line 4480, in _flush
    with util.safe_reraise():
         ~~~~~~~~~~~~~~~~~^^
  File "C:\Users\HP\tmdl5\env\Lib\site-packages\sqlalchemy\util\langhelpers.py", line 224, in __exit__
    raise exc_value.with_traceback(exc_tb)
  File "C:\Users\HP\tmdl5\env\Lib\site-packages\sqlalchemy\orm\session.py", line 4441, in _flush
    flush_context.execute()
    ~~~~~~~~~~~~~~~~~~~~~^^
  File "C:\Users\HP\tmdl5\env\Lib\site-packages\sqlalchemy\orm\unitofwork.py", line 466, in execute
    rec.execute(self)
    ~~~~~~~~~~~^^^^^^
  File "C:\Users\HP\tmdl5\env\Lib\site-packages\sqlalchemy\orm\unitofwork.py", line 642, in execute
    util.preloaded.orm_persistence.save_obj(
    ~~~~~~~~~~~~~~~~~~~~~~~~~~~~~~~~~~~~~~~^
        self.mapper,
        ^^^^^^^^^^^^
        uow.states_for_mapper_hierarchy(self.mapper, False, False),
        ^^^^^^^^^^^^^^^^^^^^^^^^^^^^^^^^^^^^^^^^^^^^^^^^^^^^^^^^^^^
        uow,
        ^^^^
    )
    ^
  File "C:\Users\HP\tmdl5\env\Lib\site-packages\sqlalchemy\orm\persistence.py", line 93, in save_obj
    _emit_insert_statements(
    ~~~~~~~~~~~~~~~~~~~~~~~^
        base_mapper,
        ^^^^^^^^^^^^
    ...<3 lines>...
        insert,
        ^^^^^^^
    )
    ^
  File "C:\Users\HP\tmdl5\env\Lib\site-packages\sqlalchemy\orm\persistence.py", line 1048, in _emit_insert_statements
    result = connection.execute(
        statement, multiparams, execution_options=execution_options
    )
  File "C:\Users\HP\tmdl5\env\Lib\site-packages\sqlalchemy\engine\base.py", line 1419, in execute
    return meth(
        self,
        distilled_parameters,
        execution_options or NO_OPTIONS,
    )
  File "C:\Users\HP\tmdl5\env\Lib\site-packages\sqlalchemy\sql\elements.py", line 526, in _execute_on_connection
    return connection._execute_clauseelement(
           ~~~~~~~~~~~~~~~~~~~~~~~~~~~~~~~~~^
        self, distilled_params, execution_options
        ^^^^^^^^^^^^^^^^^^^^^^^^^^^^^^^^^^^^^^^^^
    )
    ^
  File "C:\Users\HP\tmdl5\env\Lib\site-packages\sqlalchemy\engine\base.py", line 1641, in _execute_clauseelement
    ret = self._execute_context(
        dialect,
    ...<8 lines>...
        cache_hit=cache_hit,
    )
  File "C:\Users\HP\tmdl5\env\Lib\site-packages\sqlalchemy\engine\base.py", line 1846, in _execute_context
    return self._exec_single_context(
           ~~~~~~~~~~~~~~~~~~~~~~~~~^
        dialect, context, statement, parameters
        ^^^^^^^^^^^^^^^^^^^^^^^^^^^^^^^^^^^^^^^
    )
    ^
  File "C:\Users\HP\tmdl5\env\Lib\site-packages\sqlalchemy\engine\base.py", line 1986, in _exec_single_context
    self._handle_dbapi_exception(
    ~~~~~~~~~~~~~~~~~~~~~~~~~~~~^
        e, str_statement, effective_parameters, cursor, context
        ^^^^^^^^^^^^^^^^^^^^^^^^^^^^^^^^^^^^^^^^^^^^^^^^^^^^^^^
    )
    ^
  File "C:\Users\HP\tmdl5\env\Lib\site-packages\sqlalchemy\engine\base.py", line 2358, in _handle_dbapi_exception
    raise exc_info[1].with_traceback(exc_info[2])
  File "C:\Users\HP\tmdl5\env\Lib\site-packages\sqlalchemy\engine\base.py", line 1967, in _exec_single_context
    self.dialect.do_execute(
    ~~~~~~~~~~~~~~~~~~~~~~~^
        cursor, str_statement, effective_parameters, context
        ^^^^^^^^^^^^^^^^^^^^^^^^^^^^^^^^^^^^^^^^^^^^^^^^^^^^
    )
    ^
  File "C:\Users\HP\tmdl5\env\Lib\site-packages\sqlalchemy\engine\default.py", line 951, in do_execute
    cursor.execute(statement, parameters)
    ~~~~~~~~~~~~~~^^^^^^^^^^^^^^^^^^^^^^^
  File "C:\Users\HP\tmdl5\env\Lib\site-packages\sqlalchemy\dialects\postgresql\asyncpg.py", line 580, in execute
    self._adapt_connection.await_(
    ~~~~~~~~~~~~~~~~~~~~~~~~~~~~~^
        self._prepare_and_execute(operation, parameters)
        ^^^^^^^^^^^^^^^^^^^^^^^^^^^^^^^^^^^^^^^^^^^^^^^^
    )
    ^
  File "C:\Users\HP\tmdl5\env\Lib\site-packages\sqlalchemy\util\_concurrency_py3k.py", line 132, in await_only
    return current.parent.switch(awaitable)  # type: ignore[no-any-return,attr-defined] # noqa: E501
           ~~~~~~~~~~~~~~~~~~~~~^^^^^^^^^^^
  File "C:\Users\HP\tmdl5\env\Lib\site-packages\sqlalchemy\util\_concurrency_py3k.py", line 196, in greenlet_spawn
    value = await result
            ^^^^^^^^^^^^
  File "C:\Users\HP\tmdl5\env\Lib\site-packages\sqlalchemy\dialects\postgresql\asyncpg.py", line 521, in _prepare_and_execute
    prepared_stmt, attributes = await adapt_connection._prepare(
                                ^^^^^^^^^^^^^^^^^^^^^^^^^^^^^^^^
        operation, self._invalidate_schema_cache_asof
        ^^^^^^^^^^^^^^^^^^^^^^^^^^^^^^^^^^^^^^^^^^^^^
    )
    ^
  File "C:\Users\HP\tmdl5\env\Lib\site-packages\sqlalchemy\dialects\postgresql\asyncpg.py", line 768, in _prepare
    prepared_stmt = await self._connection.prepare(
                    ^^^^^^^^^^^^^^^^^^^^^^^^^^^^^^^
        operation, name=self._prepared_statement_name_func()
        ^^^^^^^^^^^^^^^^^^^^^^^^^^^^^^^^^^^^^^^^^^^^^^^^^^^^
    )
    ^
  File "C:\Users\HP\tmdl5\env\Lib\site-packages\asyncpg\connection.py", line 635, in prepare
    return await self._prepare(
           ^^^^^^^^^^^^^^^^^^^^
    ...<5 lines>...
    )
    ^
  File "C:\Users\HP\tmdl5\env\Lib\site-packages\asyncpg\connection.py", line 653, in _prepare
    stmt = await self._get_statement(
           ^^^^^^^^^^^^^^^^^^^^^^^^^^
    ...<5 lines>...
    )
    ^
  File "C:\Users\HP\tmdl5\env\Lib\site-packages\asyncpg\connection.py", line 432, in _get_statement
    statement = await self._protocol.prepare(
                ^^^^^^^^^^^^^^^^^^^^^^^^^^^^^
    ...<5 lines>...
    )
    ^
  File "asyncpg\\protocol\\protocol.pyx", line 165, in prepare
asyncio.exceptions.CancelledError

The above exception was the direct cause of the following exception:

Traceback (most recent call last):
  File "c:\Users\HP\tmdl5\sch_ground\background.py", line 86, in save_notification
    await asyncio.wait_for(session.commit(), timeout=5.0)
  File "C:\Program Files\WindowsApps\PythonSoftwareFoundation.Python.3.13_3.13.2032.0_x64__qbz5n2kfra8p0\Lib\asyncio\tasks.py", line 506, in wait_for
    async with timeouts.timeout(timeout):
               ~~~~~~~~~~~~~~~~^^^^^^^^^
  File "C:\Program Files\WindowsApps\PythonSoftwareFoundation.Python.3.13_3.13.2032.0_x64__qbz5n2kfra8p0\Lib\asyncio\timeouts.py", line 116, in __aexit__
    raise TimeoutError from exc_val
TimeoutError

2025-10-05 00:34:49,824 - tmdl - INFO - [Redis] Published to ws:teacher:7bed2b69-8000-4b36-8e91-7fe0b70c9d82: {'status': 'processing', 'message': 'Saving academic calendar with 5 events...', 'teacher_id': '7bed2b69-8000-4b36-8e91-7fe0b70c9d82', 'event_count': 5}
2025-10-05 00:34:49,851 - tmdl - INFO - Saving progress message sent successfully, result: True
2025-10-05 00:34:50,098 - tmdl - INFO - Sending WebSocket message to teacher 7bed2b69-8000-4b36-8e91-7fe0b70c9d82
2025-10-05 00:34:50,102 - tmdl - INFO - Message content: {'status': 'error', 'message': "Database operation failed: name 'UUID' is not defined", 'teacher_id': '7bed2b69-8000-4b36-8e91-7fe0b70c9d82'}
2025-10-05 00:34:50,116 - tmdl - INFO - Notification saved for teacher 7bed2b69-8000-4b36-8e91-7fe0b70c9d82: Schedule Update
2025-10-05 00:34:50,155 - tmdl - INFO - [Redis] Published to ws:teacher:7bed2b69-8000-4b36-8e91-7fe0b70c9d82: {'status': 'processing', 'message': 'Extracting text from pdf file...', 'teacher_id': '7bed2b69-8000-4b36-8e91-7fe0b70c9d82'}
2025-10-05 00:34:50,269 - tmdl - INFO - Text extraction progress message sent successfully, result: True
2025-10-05 00:34:50,270 - tmdl - INFO - Extracting text from pdf file
2025-10-05 00:34:50,304 - tmdl - INFO - Trying pdfplumber for digital PDFs
2025-10-05 00:34:50,321 - tmdl - INFO - Processing page 1/5
2025-10-05 00:34:50,332 - tmdl - INFO - Processing page 2/5
2025-10-05 00:34:50,345 - tmdl - INFO - Processing page 3/5
2025-10-05 00:34:50,362 - tmdl - INFO - Processing page 4/5
2025-10-05 00:34:50,369 - tmdl - INFO - Processing page 5/5
2025-10-05 00:34:50,374 - tmdl - WARNING - pdfplumber extracted empty text
2025-10-05 00:34:50,378 - tmdl - INFO - Falling back to OCR extraction
2025-10-05 00:34:50,515 - tmdl - INFO - Converting PDF to images for OCR
2025-10-05 00:34:52,859 - tmdl - INFO - Converted PDF to 5 images
2025-10-05 00:34:52,861 - tmdl - INFO - Processing image 1/5
2025-10-05 00:34:57,059 - tmdl - INFO - Processing image 2/5
2025-10-05 00:34:58,598 - tmdl - INFO - Processing image 3/5
2025-10-05 00:35:01,313 - tmdl - INFO - Processing image 4/5
2025-10-05 00:35:04,464 - tmdl - INFO - Processing image 5/5
2025-10-05 00:35:06,960 - tmdl - INFO - First 200 characters of extracted text: Page 1:
2024/2025 ACADEMIC CALENDAR FOR BASIC AND SENIOR HIGH SCHOOLS (PRE-TERTIARY
SCHOOLS)

Management of the Ghana Education Service (GES) wishes to inform Heads of Basic and Senior High
Schools of
2025-10-05 00:35:06,961 - tmdl - INFO - Sending AI processing progress message
2025-10-05 00:35:06,962 - tmdl - INFO - Extracted text length: 3209
2025-10-05 00:35:07,073 - tmdl - INFO - Sending WebSocket message to teacher 7bed2b69-8000-4b36-8e91-7fe0b70c9d82
2025-10-05 00:35:07,075 - tmdl - INFO - Message content: {'status': 'processing', 'message': 'Processing extracted text with AI...', 'teacher_id': '7bed2b69-8000-4b36-8e91-7fe0b70c9d82', 'extracted_text_length': 3209}
2025-10-05 00:35:07,275 - tmdl - WARNING - Connection error on attempt 1/2: 
Traceback (most recent call last):
  File "C:\Program Files\WindowsApps\PythonSoftwareFoundation.Python.3.13_3.13.2032.0_x64__qbz5n2kfra8p0\Lib\asyncio\tasks.py", line 507, in wait_for
    return await fut
           ^^^^^^^^^
  File "C:\Users\HP\tmdl5\env\Lib\site-packages\sqlalchemy\ext\asyncio\session.py", line 1014, in commit
    await greenlet_spawn(self.sync_session.commit)
  File "C:\Users\HP\tmdl5\env\Lib\site-packages\sqlalchemy\util\_concurrency_py3k.py", line 201, in greenlet_spawn
    result = context.throw(*sys.exc_info())
  File "C:\Users\HP\tmdl5\env\Lib\site-packages\sqlalchemy\orm\session.py", line 2032, in commit
    trans.commit(_to_root=True)
    ~~~~~~~~~~~~^^^^^^^^^^^^^^^
  File "<string>", line 2, in commit
  File "C:\Users\HP\tmdl5\env\Lib\site-packages\sqlalchemy\orm\state_changes.py", line 137, in _go
    ret_value = fn(self, *arg, **kw)
  File "C:\Users\HP\tmdl5\env\Lib\site-packages\sqlalchemy\orm\session.py", line 1313, in commit
    self._prepare_impl()
    ~~~~~~~~~~~~~~~~~~^^
  File "<string>", line 2, in _prepare_impl
  File "C:\Users\HP\tmdl5\env\Lib\site-packages\sqlalchemy\orm\state_changes.py", line 137, in _go
    ret_value = fn(self, *arg, **kw)
  File "C:\Users\HP\tmdl5\env\Lib\site-packages\sqlalchemy\orm\session.py", line 1288, in _prepare_impl
    self.session.flush()
    ~~~~~~~~~~~~~~~~~~^^
  File "C:\Users\HP\tmdl5\env\Lib\site-packages\sqlalchemy\orm\session.py", line 4345, in flush
    self._flush(objects)
    ~~~~~~~~~~~^^^^^^^^^
  File "C:\Users\HP\tmdl5\env\Lib\site-packages\sqlalchemy\orm\session.py", line 4480, in _flush
    with util.safe_reraise():
         ~~~~~~~~~~~~~~~~~^^
  File "C:\Users\HP\tmdl5\env\Lib\site-packages\sqlalchemy\util\langhelpers.py", line 224, in __exit__
    raise exc_value.with_traceback(exc_tb)
  File "C:\Users\HP\tmdl5\env\Lib\site-packages\sqlalchemy\orm\session.py", line 4441, in _flush
    flush_context.execute()
    ~~~~~~~~~~~~~~~~~~~~~^^
  File "C:\Users\HP\tmdl5\env\Lib\site-packages\sqlalchemy\orm\unitofwork.py", line 466, in execute
    rec.execute(self)
    ~~~~~~~~~~~^^^^^^
  File "C:\Users\HP\tmdl5\env\Lib\site-packages\sqlalchemy\orm\unitofwork.py", line 642, in execute
    util.preloaded.orm_persistence.save_obj(
    ~~~~~~~~~~~~~~~~~~~~~~~~~~~~~~~~~~~~~~~^
        self.mapper,
        ^^^^^^^^^^^^
        uow.states_for_mapper_hierarchy(self.mapper, False, False),
        ^^^^^^^^^^^^^^^^^^^^^^^^^^^^^^^^^^^^^^^^^^^^^^^^^^^^^^^^^^^
        uow,
        ^^^^
    )
    ^
  File "C:\Users\HP\tmdl5\env\Lib\site-packages\sqlalchemy\orm\persistence.py", line 68, in save_obj
    ) in _organize_states_for_save(base_mapper, states, uowtransaction):
         ~~~~~~~~~~~~~~~~~~~~~~~~~^^^^^^^^^^^^^^^^^^^^^^^^^^^^^^^^^^^^^
  File "C:\Users\HP\tmdl5\env\Lib\site-packages\sqlalchemy\orm\persistence.py", line 223, in _organize_states_for_save
    for state, dict_, mapper, connection in _connections_for_states(
                                            ~~~~~~~~~~~~~~~~~~~~~~~^
        base_mapper, uowtransaction, states
        ^^^^^^^^^^^^^^^^^^^^^^^^^^^^^^^^^^^
    ):
    ^
  File "C:\Users\HP\tmdl5\env\Lib\site-packages\sqlalchemy\orm\persistence.py", line 1759, in _connections_for_states
    connection = uowtransaction.transaction.connection(base_mapper)
  File "<string>", line 2, in connection
  File "C:\Users\HP\tmdl5\env\Lib\site-packages\sqlalchemy\orm\state_changes.py", line 137, in _go
    ret_value = fn(self, *arg, **kw)
  File "C:\Users\HP\tmdl5\env\Lib\site-packages\sqlalchemy\orm\session.py", line 1039, in connection
    return self._connection_for_bind(bind, execution_options)
           ~~~~~~~~~~~~~~~~~~~~~~~~~^^^^^^^^^^^^^^^^^^^^^^^^^
  File "<string>", line 2, in _connection_for_bind
  File "C:\Users\HP\tmdl5\env\Lib\site-packages\sqlalchemy\orm\state_changes.py", line 137, in _go
    ret_value = fn(self, *arg, **kw)
  File "C:\Users\HP\tmdl5\env\Lib\site-packages\sqlalchemy\orm\session.py", line 1175, in _connection_for_bind
    conn = self._parent._connection_for_bind(
        bind, execution_options
    )
  File "<string>", line 2, in _connection_for_bind
  File "C:\Users\HP\tmdl5\env\Lib\site-packages\sqlalchemy\orm\state_changes.py", line 137, in _go
    ret_value = fn(self, *arg, **kw)
  File "C:\Users\HP\tmdl5\env\Lib\site-packages\sqlalchemy\orm\session.py", line 1189, in _connection_for_bind
    conn = bind.connect()
  File "C:\Users\HP\tmdl5\env\Lib\site-packages\sqlalchemy\engine\base.py", line 3277, in connect
    return self._connection_cls(self)
           ~~~~~~~~~~~~~~~~~~~~^^^^^^
  File "C:\Users\HP\tmdl5\env\Lib\site-packages\sqlalchemy\engine\base.py", line 143, in __init__
    self._dbapi_connection = engine.raw_connection()
                             ~~~~~~~~~~~~~~~~~~~~~^^
  File "C:\Users\HP\tmdl5\env\Lib\site-packages\sqlalchemy\engine\base.py", line 3301, in raw_connection
    return self.pool.connect()
           ~~~~~~~~~~~~~~~~~^^
  File "C:\Users\HP\tmdl5\env\Lib\site-packages\sqlalchemy\pool\base.py", line 447, in connect
    return _ConnectionFairy._checkout(self)
           ~~~~~~~~~~~~~~~~~~~~~~~~~~^^^^^^
  File "C:\Users\HP\tmdl5\env\Lib\site-packages\sqlalchemy\pool\base.py", line 1264, in _checkout
    fairy = _ConnectionRecord.checkout(pool)
  File "C:\Users\HP\tmdl5\env\Lib\site-packages\sqlalchemy\pool\base.py", line 716, in checkout
    with util.safe_reraise():
         ~~~~~~~~~~~~~~~~~^^
  File "C:\Users\HP\tmdl5\env\Lib\site-packages\sqlalchemy\util\langhelpers.py", line 224, in __exit__
    raise exc_value.with_traceback(exc_tb)
  File "C:\Users\HP\tmdl5\env\Lib\site-packages\sqlalchemy\pool\base.py", line 714, in checkout
    dbapi_connection = rec.get_connection()
  File "C:\Users\HP\tmdl5\env\Lib\site-packages\sqlalchemy\pool\base.py", line 836, in get_connection
    self.__connect()
    ~~~~~~~~~~~~~~^^
  File "C:\Users\HP\tmdl5\env\Lib\site-packages\sqlalchemy\pool\base.py", line 899, in __connect
    with util.safe_reraise():
         ~~~~~~~~~~~~~~~~~^^
  File "C:\Users\HP\tmdl5\env\Lib\site-packages\sqlalchemy\util\langhelpers.py", line 224, in __exit__
    raise exc_value.with_traceback(exc_tb)
  File "C:\Users\HP\tmdl5\env\Lib\site-packages\sqlalchemy\pool\base.py", line 895, in __connect
    self.dbapi_connection = connection = pool._invoke_creator(self)
                                         ~~~~~~~~~~~~~~~~~~~~^^^^^^
  File "C:\Users\HP\tmdl5\env\Lib\site-packages\sqlalchemy\engine\create.py", line 661, in connect
    return dialect.connect(*cargs, **cparams)
           ~~~~~~~~~~~~~~~^^^^^^^^^^^^^^^^^^^
  File "C:\Users\HP\tmdl5\env\Lib\site-packages\sqlalchemy\engine\default.py", line 629, in connect
    return self.loaded_dbapi.connect(*cargs, **cparams)  # type: ignore[no-any-return]  # NOQA: E501
           ~~~~~~~~~~~~~~~~~~~~~~~~~^^^^^^^^^^^^^^^^^^^
  File "C:\Users\HP\tmdl5\env\Lib\site-packages\sqlalchemy\dialects\postgresql\asyncpg.py", line 964, in connect
    await_only(creator_fn(*arg, **kw)),
    ~~~~~~~~~~^^^^^^^^^^^^^^^^^^^^^^^^
  File "C:\Users\HP\tmdl5\env\Lib\site-packages\sqlalchemy\util\_concurrency_py3k.py", line 132, in await_only
    return current.parent.switch(awaitable)  # type: ignore[no-any-return,attr-defined] # noqa: E501
           ~~~~~~~~~~~~~~~~~~~~~^^^^^^^^^^^
  File "C:\Users\HP\tmdl5\env\Lib\site-packages\sqlalchemy\util\_concurrency_py3k.py", line 196, in greenlet_spawn
    value = await result
            ^^^^^^^^^^^^
  File "C:\Users\HP\tmdl5\env\Lib\site-packages\asyncpg\connection.py", line 2421, in connect
    return await connect_utils._connect(
           ^^^^^^^^^^^^^^^^^^^^^^^^^^^^^
    ...<20 lines>...
    )
    ^
  File "C:\Users\HP\tmdl5\env\Lib\site-packages\asyncpg\connect_utils.py", line 1049, in _connect
    conn = await _connect_addr(
           ^^^^^^^^^^^^^^^^^^^^
    ...<6 lines>...
    )
    ^
  File "C:\Users\HP\tmdl5\env\Lib\site-packages\asyncpg\connect_utils.py", line 886, in _connect_addr
    return await __connect_addr(params, True, *args)
           ^^^^^^^^^^^^^^^^^^^^^^^^^^^^^^^^^^^^^^^^^
  File "C:\Users\HP\tmdl5\env\Lib\site-packages\asyncpg\connect_utils.py", line 931, in __connect_addr
    tr, pr = await connector
             ^^^^^^^^^^^^^^^
  File "C:\Users\HP\tmdl5\env\Lib\site-packages\asyncpg\connect_utils.py", line 810, in _create_ssl_connection
    do_ssl_upgrade = await pr.on_data
                     ^^^^^^^^^^^^^^^^
asyncio.exceptions.CancelledError

The above exception was the direct cause of the following exception:

Traceback (most recent call last):
  File "c:\Users\HP\tmdl5\sch_ground\background.py", line 86, in save_notification
    await asyncio.wait_for(session.commit(), timeout=5.0)
  File "C:\Program Files\WindowsApps\PythonSoftwareFoundation.Python.3.13_3.13.2032.0_x64__qbz5n2kfra8p0\Lib\asyncio\tasks.py", line 506, in wait_for
    async with timeouts.timeout(timeout):
               ~~~~~~~~~~~~~~~~^^^^^^^^^
  File "C:\Program Files\WindowsApps\PythonSoftwareFoundation.Python.3.13_3.13.2032.0_x64__qbz5n2kfra8p0\Lib\asyncio\timeouts.py", line 116, in __aexit__
    raise TimeoutError from exc_val
TimeoutError

2025-10-05 00:35:07,346 - tmdl - INFO - Notification saved for teacher 7bed2b69-8000-4b36-8e91-7fe0b70c9d82: Error Occurred
2025-10-05 00:35:07,363 - tmdl - INFO - [Redis] Published to ws:teacher:7bed2b69-8000-4b36-8e91-7fe0b70c9d82: {'status': 'error', 'message': "Database operation failed: name 'UUID' is not defined", 'teacher_id': '7bed2b69-8000-4b36-8e91-7fe0b70c9d82'}
2025-10-05 00:35:07,425 - tmdl - INFO - Cleaning up global sent messages, current local set size: 5
2025-10-05 00:35:07,434 - tmdl - INFO - Global set size after cleanup: 0
2025-10-05 00:35:07,698 - tmdl - INFO - Notification saved for teacher 7bed2b69-8000-4b36-8e91-7fe0b70c9d82: Schedule Update
2025-10-05 00:35:07,787 - tmdl - INFO - [Redis] Published to ws:teacher:7bed2b69-8000-4b36-8e91-7fe0b70c9d82: {'status': 'processing', 'message': 'Processing extracted text with AI...', 'teacher_id': '7bed2b69-8000-4b36-8e91-7fe0b70c9d82', 'extracted_text_length': 3209}
2025-10-05 00:35:08,010 - tmdl - INFO - AI processing progress message sent successfully, result: True
2025-10-05 00:35:08,011 - tmdl - INFO - Sending extracted text to AI for processing
2025-10-05 00:35:08,012 - tmdl - INFO - GEMINI_API_KEY available: True
2025-10-05 00:35:08,013 - tmdl - INFO - GCS_BUCKET_NAME: teacher_module_acatable_bucket
2025-10-05 00:35:08,014 - tmdl - INFO - GCS file name: academic_calendar/7bed2b69-8000-4b36-8e91-7fe0b70c9d82.pdf
2025-10-05 00:35:08,015 - tmdl - INFO - Additional data length: 117
2025-10-05 00:35:20,883 - tmdl - INFO - AI result received: <class 'dict'>
2025-10-05 00:35:20,884 - tmdl - INFO - AI result keys: ['semester_name', 'semester_start_date', 'semester_end_date', 'mid_semester_break_start_date', 'mid_semester_break_end_date', 'midsem_exams_date', 'revision_start_date', 'calendar_events']
2025-10-05 00:35:20,885 - tmdl - INFO - AI processing successful, no error in result
2025-10-05 00:35:20,885 - tmdl - INFO - AI processing successful
2025-10-05 00:35:20,886 - tmdl - INFO - AI result type: <class 'dict'>
2025-10-05 00:35:20,887 - tmdl - INFO - AI result keys: ['semester_name', 'semester_start_date', 'semester_end_date', 'mid_semester_break_start_date', 'mid_semester_break_end_date', 'midsem_exams_date', 'revision_start_date', 'calendar_events']
2025-10-05 00:35:20,888 - tmdl - INFO - AI result semester_name: First Term 2024/2025
2025-10-05 00:35:20,889 - tmdl - INFO - AI result calendar_events count: 5
2025-10-05 00:35:20,889 - tmdl - INFO - First calendar event: {'event_name': 'First Term Begins (KG/Primary and JHS)', 'event_start_date': '2024-09-10', 'event_end_date': '2024-09-10', 'is_holiday': False, 'requires_no_classes': False}
2025-10-05 00:35:20,890 - tmdl - INFO - AI result: {'semester_name': 'First Term 2024/2025', 'semester_start_date': '2024-09-10', 'semester_end_date': '2024-12-19', 'mid_semester_break_start_date': None, 'mid_semester_break_end_date': None, 'midsem_exams_date': None, 'revision_start_date': None, 'calendar_events': [{'event_name': 'First Term Begins (KG/Primary and JHS)', 'event_start_date': '2024-09-10', 'event_end_date': '2024-09-10', 'is_holiday': False, 'requires_no_classes': False}, {'event_name': 'First Term Begins (Senior High Schools)', 'event_start_date': '2024-10-30', 'event_end_date': '2024-10-30', 'is_holiday': False, 'requires_no_classes': False}, {'event_name': 'Christmas Break Begins', 'event_start_date': '2024-12-20', 'event_end_date': '2024-12-20', 'is_holiday': True, 'requires_no_classes': True}, {'event_name': 'Christmas Break Ends', 'event_start_date': '2025-01-02', 'event_end_date': '2025-01-02', 'is_holiday': False, 'requires_no_classes': False}, {'event_name': 'First Term Ends (KG/Primary and JHS)', 'event_start_date': '2024-12-19', 'event_end_date': '2024-12-19', 'is_holiday': False, 'requires_no_classes': False}]}
2025-10-05 00:35:20,892 - tmdl - INFO - Validating calendar data. Data type: <class 'dict'>
2025-10-05 00:35:20,908 - tmdl - INFO - Has root calendar fields: True
2025-10-05 00:35:20,909 - tmdl - INFO - Has calendar events: True
2025-10-05 00:35:21,264 - tmdl - INFO - Sending saving progress message
2025-10-05 00:35:21,266 - tmdl - INFO - Calendar events count: 5
2025-10-05 00:35:21,420 - tmdl - INFO - Sending WebSocket message to teacher 7bed2b69-8000-4b36-8e91-7fe0b70c9d82
2025-10-05 00:35:21,425 - tmdl - INFO - Message content: {'status': 'processing', 'message': 'Saving academic calendar with 5 events...', 'teacher_id': '7bed2b69-8000-4b36-8e91-7fe0b70c9d82', 'event_count': 5}
2025-10-05 00:35:21,453 - tmdl - INFO - Notification saved for teacher 7bed2b69-8000-4b36-8e91-7fe0b70c9d82: Schedule Update
2025-10-05 00:35:21,458 - tmdl - INFO - [Redis] Published to ws:teacher:7bed2b69-8000-4b36-8e91-7fe0b70c9d82: {'status': 'processing', 'message': 'Saving academic calendar with 5 events...', 'teacher_id': '7bed2b69-8000-4b36-8e91-7fe0b70c9d82', 'event_count': 5}
2025-10-05 00:35:21,471 - tmdl - INFO - Saving progress message sent successfully, result: True
2025-10-05 00:35:22,021 - tmdl - INFO - Sending WebSocket message to teacher 7bed2b69-8000-4b36-8e91-7fe0b70c9d82
2025-10-05 00:35:22,021 - tmdl - INFO - Message content: {'status': 'error', 'message': "Database operation failed: name 'UUID' is not defined", 'teacher_id': '7bed2b69-8000-4b36-8e91-7fe0b70c9d82'}
2025-10-05 00:35:22,132 - tmdl - INFO - Notification saved for teacher 7bed2b69-8000-4b36-8e91-7fe0b70c9d82: Error Occurred
2025-10-05 00:35:22,137 - tmdl - INFO - [Redis] Published to ws:teacher:7bed2b69-8000-4b36-8e91-7fe0b70c9d82: {'status': 'error', 'message': "Database operation failed: name 'UUID' is not defined", 'teacher_id': '7bed2b69-8000-4b36-8e91-7fe0b70c9d82'}
2025-10-05 00:35:22,150 - tmdl - INFO - Cleaning up global sent messages, current local set size: 5
2025-10-05 00:35:22,162 - tmdl - INFO - Global set size after cleanup: 0
2025-10-05 00:35:33,780 - tmdl - INFO - Token decoded: user@gmail.com (Role: sch_teacher, School: None, individual ID: 791dbae6-21e7-4b48-bb82-5c378aca8886)
2025-10-05 00:35:33,788 - tmdl - INFO - Current user resolved: user@gmail.com (ID: 7bed2b69-8000-4b36-8e91-7fe0b70c9d82)
2025-10-05 00:36:36,612 - tmdl - INFO - Token decoded: user@gmail.com (Role: sch_teacher, School: None, individual ID: 791dbae6-21e7-4b48-bb82-5c378aca8886)
2025-10-05 00:36:36,618 - tmdl - INFO - Current user resolved: user@gmail.com (ID: 7bed2b69-8000-4b36-8e91-7fe0b70c9d82)
2025-10-05 00:37:37,714 - tmdl - INFO - Token decoded: user@gmail.com (Role: sch_teacher, School: None, individual ID: 791dbae6-21e7-4b48-bb82-5c378aca8886)
2025-10-05 00:37:37,965 - tmdl - INFO - Current user resolved: user@gmail.com (ID: 7bed2b69-8000-4b36-8e91-7fe0b70c9d82)
2025-10-05 00:38:13,348 - tmdl - INFO - Token decoded: user@gmail.com (Role: sch_teacher, School: None, individual ID: 791dbae6-21e7-4b48-bb82-5c378aca8886)
2025-10-05 00:38:13,803 - tmdl - INFO - Current user resolved: user@gmail.com (ID: 7bed2b69-8000-4b36-8e91-7fe0b70c9d82)
2025-10-05 00:38:13,807 - tmdl - INFO - 🚀 Processing calendar upload for teacher: 7bed2b69-8000-4b36-8e91-7fe0b70c9d82
2025-10-05 00:38:13,808 - tmdl - INFO - 📁 Received file: ges-academic-calendar-2024-2025-revised.pdf, size: 786073, content_type: application/pdf
2025-10-05 00:38:13,809 - tmdl - INFO - ⚙️ Advanced settings: academic_year=2025, institution_type=school, semester_type=trimester, current_semester=1, has_multiple_cohorts=False, cohort_levels=None
2025-10-05 00:38:13,813 - tmdl - INFO - 💾 File saved as: ./uploads/academic_calendar/7bed2b69-8000-4b36-8e91-7fe0b70c9d82.pdf
2025-10-05 00:38:13,815 - tmdl - INFO - ✅ File saved locally to: ./uploads/academic_calendar/7bed2b69-8000-4b36-8e91-7fe0b70c9d82.pdf
2025-10-05 00:38:13,816 - tmdl - INFO - 📂 Generated GCS file name: academic_calendar/7bed2b69-8000-4b36-8e91-7fe0b70c9d82.pdf
2025-10-05 00:38:13,817 - tmdl - INFO - 🏷️ File content type: application/pdf
2025-10-05 00:38:14,003 - tmdl - INFO - 🔗 Generating signed URL for academic_calendar/7bed2b69-8000-4b36-8e91-7fe0b70c9d82.pdf
2025-10-05 00:38:14,004 - tmdl - INFO - 📦 Bucket: teacher_module_acatable_bucket, Content-Type: application/pdf, Expiration: 86400 seconds
2025-10-05 00:38:14,019 - tmdl - INFO - ✅ Generated signed URL for academic_calendar/7bed2b69-8000-4b36-8e91-7fe0b70c9d82.pdf with content-type application/pdf, expiring in 86400 seconds
2025-10-05 00:38:14,020 - tmdl - INFO - 📏 Signed URL length: 895 characters
2025-10-05 00:38:14,021 - tmdl - INFO - 🔗 Generated signed URL for GCS upload
2025-10-05 00:38:14,074 - tmdl - INFO - [JOB] Calendar processing job queued for teacher 7bed2b69-8000-4b36-8e91-7fe0b70c9d82: 3151002ca1ea4de994ac5a0fc7b09e76
2025-10-05 00:38:14,525 - tmdl - INFO - GCS file name: academic_calendar/7bed2b69-8000-4b36-8e91-7fe0b70c9d82.pdf
2025-10-05 00:38:14,526 - tmdl - INFO - Additional data length: 117
2025-10-05 00:38:14,532 - tmdl - INFO - Current working directory: C:\Users\HP\tmdl5
2025-10-05 00:38:14,536 - tmdl - INFO - File path exists: True
2025-10-05 00:38:14,540 - tmdl - INFO - File size: 786073 bytes
2025-10-05 00:38:14,541 - tmdl - INFO - Sending initial status message
2025-10-05 00:38:14,543 - tmdl - INFO - Teacher ID: 7bed2b69-8000-4b36-8e91-7fe0b70c9d82
2025-10-05 00:38:14,547 - tmdl - INFO - File path: ./uploads/academic_calendar/7bed2b69-8000-4b36-8e91-7fe0b70c9d82.pdf
2025-10-05 00:38:15,053 - tmdl - INFO - Sending WebSocket message to teacher 7bed2b69-8000-4b36-8e91-7fe0b70c9d82
2025-10-05 00:38:15,054 - tmdl - INFO - Message content: {'status': 'started', 'message': 'Processing academic calendar file...', 'teacher_id': '7bed2b69-8000-4b36-8e91-7fe0b70c9d82', 'file_path': './uploads/academic_calendar/7bed2b69-8000-4b36-8e91-7fe0b70c9d82.pdf'}
2025-10-05 00:38:15,741 - tmdl - INFO - Notification saved for teacher 7bed2b69-8000-4b36-8e91-7fe0b70c9d82: Schedule Update
2025-10-05 00:38:15,747 - tmdl - INFO - [Redis] Published to ws:teacher:7bed2b69-8000-4b36-8e91-7fe0b70c9d82: {'status': 'started', 'message': 'Processing academic calendar file...', 'teacher_id': '7bed2b69-8000-4b36-8e91-7fe0b70c9d82', 'file_path': './uploads/academic_calendar/7bed2b69-8000-4b36-8e91-7fe0b70c9d82.pdf'}
2025-10-05 00:38:15,769 - tmdl - INFO - Initial status message sent successfully, result: True
2025-10-05 00:38:15,771 - tmdl - INFO - Checking if file exists: ./uploads/academic_calendar/7bed2b69-8000-4b36-8e91-7fe0b70c9d82.pdf
2025-10-05 00:38:15,773 - tmdl - INFO - File exists: True
2025-10-05 00:38:15,774 - tmdl - INFO - Detecting file type for: ./uploads/academic_calendar/7bed2b69-8000-4b36-8e91-7fe0b70c9d82.pdf
2025-10-05 00:38:15,777 - tmdl - INFO - File path exists: True
2025-10-05 00:38:15,778 - tmdl - INFO - File size: 786073 bytes
2025-10-05 00:38:15,780 - tmdl - INFO - File extension: pdf
2025-10-05 00:38:15,784 - tmdl - INFO - Detected file type: pdf
2025-10-05 00:38:15,785 - tmdl - INFO - Supported extensions: ['pdf', 'jpg', 'jpeg', 'png', 'bmp', 'tiff', 'docx', 'xlsx', 'xls', 'txt']
2025-10-05 00:38:15,799 - tmdl - INFO - File extension: .pdf
2025-10-05 00:38:15,805 - tmdl - INFO - Sending text extraction progress message
2025-10-05 00:38:15,807 - tmdl - INFO - File type: pdf
2025-10-05 00:38:15,955 - tmdl - INFO - Sending WebSocket message to teacher 7bed2b69-8000-4b36-8e91-7fe0b70c9d82
2025-10-05 00:38:15,956 - tmdl - INFO - Message content: {'status': 'processing', 'message': 'Extracting text from pdf file...', 'teacher_id': '7bed2b69-8000-4b36-8e91-7fe0b70c9d82'}
2025-10-05 00:38:16,535 - tmdl - INFO - Notification saved for teacher 7bed2b69-8000-4b36-8e91-7fe0b70c9d82: Schedule Update
2025-10-05 00:38:16,541 - tmdl - INFO - [Redis] Published to ws:teacher:7bed2b69-8000-4b36-8e91-7fe0b70c9d82: {'status': 'processing', 'message': 'Extracting text from pdf file...', 'teacher_id': '7bed2b69-8000-4b36-8e91-7fe0b70c9d82'}
2025-10-05 00:38:16,641 - tmdl - INFO - Text extraction progress message sent successfully, result: True
2025-10-05 00:38:16,643 - tmdl - INFO - Extracting text from pdf file
2025-10-05 00:38:16,689 - tmdl - INFO - Trying pdfplumber for digital PDFs
2025-10-05 00:38:16,813 - tmdl - INFO - Processing page 1/5
2025-10-05 00:38:16,817 - tmdl - INFO - Processing page 2/5
2025-10-05 00:38:16,820 - tmdl - INFO - Processing page 3/5
2025-10-05 00:38:16,824 - tmdl - INFO - Processing page 4/5
2025-10-05 00:38:16,831 - tmdl - INFO - Processing page 5/5
2025-10-05 00:38:16,850 - tmdl - WARNING - pdfplumber extracted empty text
2025-10-05 00:38:16,858 - tmdl - INFO - Falling back to OCR extraction
2025-10-05 00:38:16,871 - tmdl - INFO - Converting PDF to images for OCR
2025-10-05 00:38:19,432 - tmdl - INFO - Converted PDF to 5 images
2025-10-05 00:38:19,433 - tmdl - INFO - Processing image 1/5
2025-10-05 00:38:27,071 - tmdl - INFO - Processing image 2/5
2025-10-05 00:38:28,514 - tmdl - INFO - Processing image 3/5
2025-10-05 00:38:31,589 - tmdl - INFO - Processing image 4/5
2025-10-05 00:38:33,769 - tmdl - INFO - Token decoded: user@gmail.com (Role: sch_teacher, School: None, individual ID: 791dbae6-21e7-4b48-bb82-5c378aca8886)
2025-10-05 00:38:33,779 - tmdl - INFO - Current user resolved: user@gmail.com (ID: 7bed2b69-8000-4b36-8e91-7fe0b70c9d82)
2025-10-05 00:38:34,808 - tmdl - INFO - Processing image 5/5
2025-10-05 00:38:37,380 - tmdl - INFO - First 200 characters of extracted text: Page 1:
2024/2025 ACADEMIC CALENDAR FOR BASIC AND SENIOR HIGH SCHOOLS (PRE-TERTIARY
SCHOOLS)

Management of the Ghana Education Service (GES) wishes to inform Heads of Basic and Senior High
Schools of
2025-10-05 00:38:37,382 - tmdl - INFO - Sending AI processing progress message
2025-10-05 00:38:37,384 - tmdl - INFO - Extracted text length: 3209
2025-10-05 00:38:37,516 - tmdl - INFO - Sending WebSocket message to teacher 7bed2b69-8000-4b36-8e91-7fe0b70c9d82
2025-10-05 00:38:37,564 - tmdl - INFO - Message content: {'status': 'processing', 'message': 'Processing extracted text with AI...', 'teacher_id': '7bed2b69-8000-4b36-8e91-7fe0b70c9d82', 'extracted_text_length': 3209}
2025-10-05 00:38:37,675 - tmdl - INFO - Notification saved for teacher 7bed2b69-8000-4b36-8e91-7fe0b70c9d82: Schedule Update
2025-10-05 00:38:37,705 - tmdl - INFO - [Redis] Published to ws:teacher:7bed2b69-8000-4b36-8e91-7fe0b70c9d82: {'status': 'processing', 'message': 'Processing extracted text with AI...', 'teacher_id': '7bed2b69-8000-4b36-8e91-7fe0b70c9d82', 'extracted_text_length': 3209}
2025-10-05 00:38:37,752 - tmdl - INFO - AI processing progress message sent successfully, result: True
2025-10-05 00:38:37,753 - tmdl - INFO - Sending extracted text to AI for processing
2025-10-05 00:38:37,754 - tmdl - INFO - GEMINI_API_KEY available: True
2025-10-05 00:38:37,755 - tmdl - INFO - GCS_BUCKET_NAME: teacher_module_acatable_bucket
2025-10-05 00:38:37,756 - tmdl - INFO - GCS file name: academic_calendar/7bed2b69-8000-4b36-8e91-7fe0b70c9d82.pdf
2025-10-05 00:38:37,757 - tmdl - INFO - Additional data length: 117
2025-10-05 00:38:50,232 - tmdl - INFO - AI result received: <class 'dict'>
2025-10-05 00:38:50,234 - tmdl - INFO - AI result keys: ['semester_name', 'semester_start_date', 'semester_end_date', 'mid_semester_break_start_date', 'mid_semester_break_end_date', 'midsem_exams_date', 'revision_start_date', 'calendar_events']
2025-10-05 00:38:50,237 - tmdl - INFO - AI processing successful, no error in result
2025-10-05 00:38:50,238 - tmdl - INFO - AI processing successful
2025-10-05 00:38:50,240 - tmdl - INFO - AI result type: <class 'dict'>
2025-10-05 00:38:50,243 - tmdl - INFO - AI result keys: ['semester_name', 'semester_start_date', 'semester_end_date', 'mid_semester_break_start_date', 'mid_semester_break_end_date', 'midsem_exams_date', 'revision_start_date', 'calendar_events']
2025-10-05 00:38:50,246 - tmdl - INFO - AI result semester_name: First Term 2024/2025
2025-10-05 00:38:50,248 - tmdl - INFO - AI result calendar_events count: 5
2025-10-05 00:38:50,250 - tmdl - INFO - First calendar event: {'event_name': 'First Term Begins (KG/Primary and JHS)', 'event_start_date': '2024-09-10', 'event_end_date': '2024-09-10', 'is_holiday': False, 'requires_no_classes': False}
2025-10-05 00:38:50,252 - tmdl - INFO - AI result: {'semester_name': 'First Term 2024/2025', 'semester_start_date': '2024-09-10', 'semester_end_date': '2024-12-19', 'mid_semester_break_start_date': None, 'mid_semester_break_end_date': None, 'midsem_exams_date': None, 'revision_start_date': None, 'calendar_events': [{'event_name': 'First Term Begins (KG/Primary and JHS)', 'event_start_date': '2024-09-10', 'event_end_date': '2024-09-10', 'is_holiday': False, 'requires_no_classes': False}, {'event_name': 'First Term Begins (Senior High Schools)', 'event_start_date': '2024-10-30', 'event_end_date': '2024-10-30', 'is_holiday': False, 'requires_no_classes': False}, {'event_name': 'Christmas Break Begins', 'event_start_date': '2024-12-20', 'event_end_date': '2024-12-20', 'is_holiday': True, 'requires_no_classes': True}, {'event_name': 'Christmas Break Ends', 'event_start_date': '2025-01-02', 'event_end_date': '2025-01-02', 'is_holiday': False, 'requires_no_classes': False}, {'event_name': 'First Term Ends (KG/Primary and JHS)', 'event_start_date': '2024-12-19', 'event_end_date': '2024-12-19', 'is_holiday': False, 'requires_no_classes': False}]}
2025-10-05 00:38:50,257 - tmdl - INFO - Validating calendar data. Data type: <class 'dict'>
2025-10-05 00:38:50,287 - tmdl - INFO - Has root calendar fields: True
2025-10-05 00:38:50,288 - tmdl - INFO - Has calendar events: True
2025-10-05 00:38:50,373 - tmdl - INFO - Sending saving progress message
2025-10-05 00:38:50,374 - tmdl - INFO - Calendar events count: 5
2025-10-05 00:38:50,467 - tmdl - INFO - Sending WebSocket message to teacher 7bed2b69-8000-4b36-8e91-7fe0b70c9d82
2025-10-05 00:38:50,468 - tmdl - INFO - Message content: {'status': 'processing', 'message': 'Saving academic calendar with 5 events...', 'teacher_id': '7bed2b69-8000-4b36-8e91-7fe0b70c9d82', 'event_count': 5}
2025-10-05 00:38:50,497 - tmdl - INFO - Notification saved for teacher 7bed2b69-8000-4b36-8e91-7fe0b70c9d82: Schedule Update
2025-10-05 00:38:50,502 - tmdl - INFO - [Redis] Published to ws:teacher:7bed2b69-8000-4b36-8e91-7fe0b70c9d82: {'status': 'processing', 'message': 'Saving academic calendar with 5 events...', 'teacher_id': '7bed2b69-8000-4b36-8e91-7fe0b70c9d82', 'event_count': 5}
2025-10-05 00:38:50,518 - tmdl - INFO - Saving progress message sent successfully, result: True
2025-10-05 00:38:50,669 - tmdl - INFO - Sending WebSocket message to teacher 7bed2b69-8000-4b36-8e91-7fe0b70c9d82
2025-10-05 00:38:50,670 - tmdl - INFO - Message content: {'status': 'error', 'message': "Database operation failed: name 'UUID' is not defined", 'teacher_id': '7bed2b69-8000-4b36-8e91-7fe0b70c9d82'}
2025-10-05 00:38:50,682 - tmdl - INFO - Notification saved for teacher 7bed2b69-8000-4b36-8e91-7fe0b70c9d82: Error Occurred
2025-10-05 00:38:50,686 - tmdl - INFO - [Redis] Published to ws:teacher:7bed2b69-8000-4b36-8e91-7fe0b70c9d82: {'status': 'error', 'message': "Database operation failed: name 'UUID' is not defined", 'teacher_id': '7bed2b69-8000-4b36-8e91-7fe0b70c9d82'}
2025-10-05 00:38:50,705 - tmdl - INFO - Cleaning up global sent messages, current local set size: 5
2025-10-05 00:38:50,742 - tmdl - INFO - Global set size after cleanup: 0
2025-10-05 00:39:33,732 - tmdl - INFO - Calendar worker configuration loaded
2025-10-05 00:39:33,733 - tmdl - INFO - Worker functions: ['process_calendar_file_task']
2025-10-05 00:39:33,734 - tmdl - INFO - Max tries: 3
2025-10-05 00:39:33,734 - tmdl - INFO - Job timeout: 300
2025-10-05 00:39:33,814 - tmdl - INFO - Shutting down academic calendar processing worker
2025-10-05 00:39:33,815 - tmdl - INFO - Context keys: ['redis']
2025-10-05 00:39:33,816 - tmdl - INFO - Closing Redis connection
2025-10-05 00:39:33,866 - tmdl - INFO - Disposing database engine
2025-10-05 00:39:33,914 - tmdl - INFO - Academic calendar processing worker shutdown
2025-10-05 00:39:38,550 - tmdl - INFO - Token decoded: user@gmail.com (Role: sch_teacher, School: None, individual ID: 791dbae6-21e7-4b48-bb82-5c378aca8886)
2025-10-05 00:39:38,821 - tmdl - INFO - Current user resolved: user@gmail.com (ID: 7bed2b69-8000-4b36-8e91-7fe0b70c9d82)
2025-10-05 00:40:22,616 - tmdl - INFO - Tesseract found at: C:\Program Files\Tesseract-OCR\tesseract.exe
2025-10-05 00:40:25,365 - tmdl - INFO - Calendar worker configuration loaded
2025-10-05 00:40:25,366 - tmdl - INFO - Worker functions: ['process_calendar_file_task']
2025-10-05 00:40:25,366 - tmdl - INFO - Max tries: 3
2025-10-05 00:40:25,366 - tmdl - INFO - Job timeout: 300
2025-10-05 00:40:25,956 - tmdl - INFO - Starting academic calendar processing worker
2025-10-05 00:40:25,957 - tmdl - INFO - Redis settings: RedisSettings(host='localhost', port=6379, unix_socket_path=None, database=0, username=None, password=None, ssl=False, ssl_keyfile=None, ssl_certfile=None, ssl_cert_reqs='required', ssl_ca_certs=None, ssl_ca_data=None, ssl_check_hostname=False, conn_timeout=1, conn_retries=5, conn_retry_delay=1, max_connections=None, sentinel=False, sentinel_master='mymaster', retry_on_timeout=False, retry_on_error=None, retry=None)
2025-10-05 00:40:25,959 - tmdl - INFO - Database URL: postgresql+asyncpg://postgres:0264442031Qq.@localhost:5433/tmdl5
2025-10-05 00:40:25,973 - tmdl - INFO - Academic calendar processing worker started
2025-10-05 00:40:33,769 - tmdl - INFO - Token decoded: user@gmail.com (Role: sch_teacher, School: None, individual ID: 791dbae6-21e7-4b48-bb82-5c378aca8886)
2025-10-05 00:40:34,034 - tmdl - INFO - Current user resolved: user@gmail.com (ID: 7bed2b69-8000-4b36-8e91-7fe0b70c9d82)
2025-10-05 00:40:42,055 - tmdl - INFO - Token decoded: user@gmail.com (Role: sch_teacher, School: None, individual ID: 791dbae6-21e7-4b48-bb82-5c378aca8886)
2025-10-05 00:40:42,153 - tmdl - INFO - Current user resolved: user@gmail.com (ID: 7bed2b69-8000-4b36-8e91-7fe0b70c9d82)
2025-10-05 00:40:42,155 - tmdl - INFO - 🚀 Processing calendar upload for teacher: 7bed2b69-8000-4b36-8e91-7fe0b70c9d82
2025-10-05 00:40:42,156 - tmdl - INFO - 📁 Received file: ges-academic-calendar-2024-2025-revised.pdf, size: 786073, content_type: application/pdf
2025-10-05 00:40:42,157 - tmdl - INFO - ⚙️ Advanced settings: academic_year=2025, institution_type=school, semester_type=semester, current_semester=1, has_multiple_cohorts=False, cohort_levels=None
2025-10-05 00:40:42,161 - tmdl - INFO - 💾 File saved as: ./uploads/academic_calendar/7bed2b69-8000-4b36-8e91-7fe0b70c9d82.pdf
2025-10-05 00:40:42,163 - tmdl - INFO - ✅ File saved locally to: ./uploads/academic_calendar/7bed2b69-8000-4b36-8e91-7fe0b70c9d82.pdf
2025-10-05 00:40:42,165 - tmdl - INFO - 📂 Generated GCS file name: academic_calendar/7bed2b69-8000-4b36-8e91-7fe0b70c9d82.pdf
2025-10-05 00:40:42,167 - tmdl - INFO - 🏷️ File content type: application/pdf
2025-10-05 00:40:42,284 - tmdl - INFO - 🔗 Generating signed URL for academic_calendar/7bed2b69-8000-4b36-8e91-7fe0b70c9d82.pdf
2025-10-05 00:40:42,285 - tmdl - INFO - 📦 Bucket: teacher_module_acatable_bucket, Content-Type: application/pdf, Expiration: 86400 seconds
2025-10-05 00:40:42,292 - tmdl - INFO - ✅ Generated signed URL for academic_calendar/7bed2b69-8000-4b36-8e91-7fe0b70c9d82.pdf with content-type application/pdf, expiring in 86400 seconds
2025-10-05 00:40:42,293 - tmdl - INFO - 📏 Signed URL length: 895 characters
2025-10-05 00:40:42,294 - tmdl - INFO - 🔗 Generated signed URL for GCS upload
2025-10-05 00:40:42,352 - tmdl - INFO - [JOB] Calendar processing job queued for teacher 7bed2b69-8000-4b36-8e91-7fe0b70c9d82: 3679024b3441463a93eab4afe9903e3f
2025-10-05 00:40:42,893 - tmdl - INFO - 🚀 Starting academic calendar file processing for teacher: 7bed2b69-8000-4b36-8e91-7fe0b70c9d82, file: ./uploads/academic_calendar/7bed2b69-8000-4b36-8e91-7fe0b70c9d82.pdf
2025-10-05 00:40:42,902 - tmdl - INFO - GCS file name: academic_calendar/7bed2b69-8000-4b36-8e91-7fe0b70c9d82.pdf
2025-10-05 00:40:42,906 - tmdl - INFO - Additional data length: 116
2025-10-05 00:40:42,911 - tmdl - INFO - Current working directory: C:\Users\HP\tmdl5
2025-10-05 00:40:42,913 - tmdl - INFO - File path exists: True
2025-10-05 00:40:42,917 - tmdl - INFO - File size: 786073 bytes
2025-10-05 00:40:42,925 - tmdl - INFO - Sending initial status message
2025-10-05 00:40:42,928 - tmdl - INFO - Teacher ID: 7bed2b69-8000-4b36-8e91-7fe0b70c9d82
2025-10-05 00:40:42,932 - tmdl - INFO - File path: ./uploads/academic_calendar/7bed2b69-8000-4b36-8e91-7fe0b70c9d82.pdf
2025-10-05 00:40:42,934 - tmdl - INFO - 🔍 [DEDUPLICATION] Checking message hash: 1583482125d3b9c0f68c2f17030a5c73 for key: started__Processing academic calendar file..._
2025-10-05 00:40:42,942 - tmdl - INFO - 🔍 [DEDUPLICATION] Local sent_messages set size: 0
2025-10-05 00:40:42,948 - tmdl - INFO - 🔍 [DEDUPLICATION] Global SENT_MESSAGES set size: 0
2025-10-05 00:40:42,953 - tmdl - INFO - 🔍 [DEDUPLICATION] Message content: {'status': 'started', 'message': 'Processing academic calendar file...', 'teacher_id': '7bed2b69-8000-4b36-8e91-7fe0b70c9d82', 'file_path': './uploads/academic_calendar/7bed2b69-8000-4b36-8e91-7fe0b70c9d82.pdf'}
2025-10-05 00:40:42,955 - tmdl - INFO - 🔍 [DEDUPLICATION] Message status: started
2025-10-05 00:40:42,956 - tmdl - INFO - 🔍 [DEDUPLICATION] Message type: 
2025-10-05 00:40:42,957 - tmdl - INFO - 🔍 [DEDUPLICATION] Message text: Processing academic calendar file...
2025-10-05 00:40:42,958 - tmdl - INFO - ➕ [DEDUPLICATION] Adding message hash to both local and global sent_messages: 1583482125d3b9c0f68c2f17030a5c73
2025-10-05 00:40:42,959 - tmdl - INFO - ➕ [DEDUPLICATION] Local set now contains 1 items
2025-10-05 00:40:42,960 - tmdl - INFO - ➕ [DEDUPLICATION] Global set now contains 1 items
2025-10-05 00:40:42,961 - tmdl - INFO - Sending WebSocket message to teacher 7bed2b69-8000-4b36-8e91-7fe0b70c9d82
2025-10-05 00:40:42,962 - tmdl - INFO - Message content: {'status': 'started', 'message': 'Processing academic calendar file...', 'teacher_id': '7bed2b69-8000-4b36-8e91-7fe0b70c9d82', 'file_path': './uploads/academic_calendar/7bed2b69-8000-4b36-8e91-7fe0b70c9d82.pdf'}
2025-10-05 00:40:43,755 - tmdl - INFO - Notification saved for teacher 7bed2b69-8000-4b36-8e91-7fe0b70c9d82: Schedule Update
2025-10-05 00:40:43,767 - tmdl - INFO - [Redis] Published to ws:teacher:7bed2b69-8000-4b36-8e91-7fe0b70c9d82: {'status': 'started', 'message': 'Processing academic calendar file...', 'teacher_id': '7bed2b69-8000-4b36-8e91-7fe0b70c9d82', 'file_path': './uploads/academic_calendar/7bed2b69-8000-4b36-8e91-7fe0b70c9d82.pdf'}
2025-10-05 00:40:43,774 - tmdl - INFO - ✅ [DEDUPLICATION] Sent unique WebSocket message with hash: 1583482125d3b9c0f68c2f17030a5c73
2025-10-05 00:40:43,782 - tmdl - INFO - Initial status message sent successfully, result: True
2025-10-05 00:40:43,787 - tmdl - INFO - Checking if file exists: ./uploads/academic_calendar/7bed2b69-8000-4b36-8e91-7fe0b70c9d82.pdf
2025-10-05 00:40:43,789 - tmdl - INFO - File exists: True
2025-10-05 00:40:43,790 - tmdl - INFO - Detecting file type for: ./uploads/academic_calendar/7bed2b69-8000-4b36-8e91-7fe0b70c9d82.pdf
2025-10-05 00:40:43,791 - tmdl - INFO - File path exists: True
2025-10-05 00:40:43,794 - tmdl - INFO - File size: 786073 bytes
2025-10-05 00:40:43,804 - tmdl - INFO - File extension: pdf
2025-10-05 00:40:43,808 - tmdl - INFO - Detected file type: pdf
2025-10-05 00:40:43,813 - tmdl - INFO - Supported extensions: ['pdf', 'jpg', 'jpeg', 'png', 'bmp', 'tiff', 'docx', 'xlsx', 'xls', 'txt']
2025-10-05 00:40:43,826 - tmdl - INFO - 🔍 Detected file type: pdf
2025-10-05 00:40:43,833 - tmdl - INFO - File extension: .pdf
2025-10-05 00:40:43,835 - tmdl - INFO - Sending text extraction progress message
2025-10-05 00:40:43,839 - tmdl - INFO - File type: pdf
2025-10-05 00:40:43,846 - tmdl - INFO - 🔍 [DEDUPLICATION] Checking message hash: f2c8ed8331fceda06790635ef28a8c0f for key: processing__Extracting text from pdf file..._
2025-10-05 00:40:43,860 - tmdl - INFO - 🔍 [DEDUPLICATION] Local sent_messages set size: 1
2025-10-05 00:40:43,868 - tmdl - INFO - 🔍 [DEDUPLICATION] Global SENT_MESSAGES set size: 1
2025-10-05 00:40:43,872 - tmdl - INFO - 🔍 [DEDUPLICATION] Message content: {'status': 'processing', 'message': 'Extracting text from pdf file...', 'teacher_id': '7bed2b69-8000-4b36-8e91-7fe0b70c9d82'}
2025-10-05 00:40:43,875 - tmdl - INFO - 🔍 [DEDUPLICATION] Message status: processing
2025-10-05 00:40:43,881 - tmdl - INFO - 🔍 [DEDUPLICATION] Message type: 
2025-10-05 00:40:43,882 - tmdl - INFO - 🔍 [DEDUPLICATION] Message text: Extracting text from pdf file...
2025-10-05 00:40:43,883 - tmdl - INFO - ➕ [DEDUPLICATION] Adding message hash to both local and global sent_messages: f2c8ed8331fceda06790635ef28a8c0f
2025-10-05 00:40:43,885 - tmdl - INFO - ➕ [DEDUPLICATION] Local set now contains 2 items
2025-10-05 00:40:43,886 - tmdl - INFO - ➕ [DEDUPLICATION] Global set now contains 2 items
2025-10-05 00:40:43,887 - tmdl - INFO - Sending WebSocket message to teacher 7bed2b69-8000-4b36-8e91-7fe0b70c9d82
2025-10-05 00:40:43,888 - tmdl - INFO - Message content: {'status': 'processing', 'message': 'Extracting text from pdf file...', 'teacher_id': '7bed2b69-8000-4b36-8e91-7fe0b70c9d82'}
2025-10-05 00:40:43,913 - tmdl - INFO - Notification saved for teacher 7bed2b69-8000-4b36-8e91-7fe0b70c9d82: Schedule Update
2025-10-05 00:40:43,928 - tmdl - INFO - [Redis] Published to ws:teacher:7bed2b69-8000-4b36-8e91-7fe0b70c9d82: {'status': 'processing', 'message': 'Extracting text from pdf file...', 'teacher_id': '7bed2b69-8000-4b36-8e91-7fe0b70c9d82'}
2025-10-05 00:40:43,931 - tmdl - INFO - ✅ [DEDUPLICATION] Sent unique WebSocket message with hash: f2c8ed8331fceda06790635ef28a8c0f
2025-10-05 00:40:43,934 - tmdl - INFO - Text extraction progress message sent successfully, result: True
2025-10-05 00:40:43,937 - tmdl - INFO - Extracting text from pdf file
2025-10-05 00:40:43,938 - tmdl - INFO - 📄 Extracting text from PDF: ./uploads/academic_calendar/7bed2b69-8000-4b36-8e91-7fe0b70c9d82.pdf
2025-10-05 00:40:43,939 - tmdl - INFO - Trying pdfplumber for digital PDFs
2025-10-05 00:40:44,006 - tmdl - INFO - Processing page 1/5
2025-10-05 00:40:44,010 - tmdl - INFO - Processing page 2/5
2025-10-05 00:40:44,015 - tmdl - INFO - Processing page 3/5
2025-10-05 00:40:44,018 - tmdl - INFO - Processing page 4/5
2025-10-05 00:40:44,021 - tmdl - INFO - Processing page 5/5
2025-10-05 00:40:44,031 - tmdl - WARNING - pdfplumber extracted empty text
2025-10-05 00:40:44,058 - tmdl - INFO - Falling back to OCR extraction
2025-10-05 00:40:44,065 - tmdl - INFO - 🔍 Extracting text using OCR: ./uploads/academic_calendar/7bed2b69-8000-4b36-8e91-7fe0b70c9d82.pdf
2025-10-05 00:40:44,069 - tmdl - INFO - Converting PDF to images for OCR
2025-10-05 00:40:46,626 - tmdl - INFO - Converted PDF to 5 images
2025-10-05 00:40:46,627 - tmdl - INFO - Processing image 1/5
2025-10-05 00:40:51,503 - tmdl - INFO - Processing image 2/5
2025-10-05 00:40:53,174 - tmdl - INFO - Processing image 3/5
2025-10-05 00:40:56,129 - tmdl - INFO - Processing image 4/5
2025-10-05 00:40:59,687 - tmdl - INFO - Processing image 5/5
2025-10-05 00:41:02,180 - tmdl - INFO - ✅ OCR extraction from PDF successful: 3209 characters
2025-10-05 00:41:02,193 - tmdl - INFO - 📄 Extracted 3209 characters from file
2025-10-05 00:41:02,194 - tmdl - INFO - First 200 characters of extracted text: Page 1:
2024/2025 ACADEMIC CALENDAR FOR BASIC AND SENIOR HIGH SCHOOLS (PRE-TERTIARY
SCHOOLS)

Management of the Ghana Education Service (GES) wishes to inform Heads of Basic and Senior High
Schools of
2025-10-05 00:41:02,196 - tmdl - INFO - Sending AI processing progress message
2025-10-05 00:41:02,196 - tmdl - INFO - Extracted text length: 3209
2025-10-05 00:41:02,197 - tmdl - INFO - 🔍 [DEDUPLICATION] Checking message hash: b738f4a85418b0db47213ba878e2bca1 for key: processing__Processing extracted text with AI..._
2025-10-05 00:41:02,198 - tmdl - INFO - 🔍 [DEDUPLICATION] Local sent_messages set size: 2
2025-10-05 00:41:02,200 - tmdl - INFO - 🔍 [DEDUPLICATION] Global SENT_MESSAGES set size: 2
2025-10-05 00:41:02,201 - tmdl - INFO - 🔍 [DEDUPLICATION] Message content: {'status': 'processing', 'message': 'Processing extracted text with AI...', 'teacher_id': '7bed2b69-8000-4b36-8e91-7fe0b70c9d82', 'extracted_text_length': 3209}
2025-10-05 00:41:02,202 - tmdl - INFO - 🔍 [DEDUPLICATION] Message status: processing
2025-10-05 00:41:02,203 - tmdl - INFO - 🔍 [DEDUPLICATION] Message type: 
2025-10-05 00:41:02,204 - tmdl - INFO - 🔍 [DEDUPLICATION] Message text: Processing extracted text with AI...
2025-10-05 00:41:02,205 - tmdl - INFO - ➕ [DEDUPLICATION] Adding message hash to both local and global sent_messages: b738f4a85418b0db47213ba878e2bca1
2025-10-05 00:41:02,207 - tmdl - INFO - ➕ [DEDUPLICATION] Local set now contains 3 items
2025-10-05 00:41:02,207 - tmdl - INFO - ➕ [DEDUPLICATION] Global set now contains 3 items
2025-10-05 00:41:02,208 - tmdl - INFO - Sending WebSocket message to teacher 7bed2b69-8000-4b36-8e91-7fe0b70c9d82
2025-10-05 00:41:02,210 - tmdl - INFO - Message content: {'status': 'processing', 'message': 'Processing extracted text with AI...', 'teacher_id': '7bed2b69-8000-4b36-8e91-7fe0b70c9d82', 'extracted_text_length': 3209}
2025-10-05 00:41:02,234 - tmdl - INFO - Notification saved for teacher 7bed2b69-8000-4b36-8e91-7fe0b70c9d82: Schedule Update
2025-10-05 00:41:02,239 - tmdl - INFO - [Redis] Published to ws:teacher:7bed2b69-8000-4b36-8e91-7fe0b70c9d82: {'status': 'processing', 'message': 'Processing extracted text with AI...', 'teacher_id': '7bed2b69-8000-4b36-8e91-7fe0b70c9d82', 'extracted_text_length': 3209}
2025-10-05 00:41:02,244 - tmdl - INFO - ✅ [DEDUPLICATION] Sent unique WebSocket message with hash: b738f4a85418b0db47213ba878e2bca1
2025-10-05 00:41:02,246 - tmdl - INFO - AI processing progress message sent successfully, result: True
2025-10-05 00:41:02,249 - tmdl - INFO - Sending extracted text to AI for processing
2025-10-05 00:41:02,251 - tmdl - INFO - GEMINI_API_KEY available: True
2025-10-05 00:41:02,255 - tmdl - INFO - GCS_BUCKET_NAME: teacher_module_acatable_bucket
2025-10-05 00:41:02,258 - tmdl - INFO - GCS file name: academic_calendar/7bed2b69-8000-4b36-8e91-7fe0b70c9d82.pdf
2025-10-05 00:41:02,260 - tmdl - INFO - Additional data length: 116
2025-10-05 00:41:16,224 - tmdl - INFO - AI result received: <class 'dict'>
2025-10-05 00:41:16,225 - tmdl - INFO - AI result keys: ['semester_name', 'semester_start_date', 'semester_end_date', 'mid_semester_break_start_date', 'mid_semester_break_end_date', 'midsem_exams_date', 'revision_start_date', 'calendar_events']
2025-10-05 00:41:16,227 - tmdl - INFO - AI processing successful, no error in result
2025-10-05 00:41:16,228 - tmdl - INFO - AI processing successful
2025-10-05 00:41:16,229 - tmdl - INFO - AI result type: <class 'dict'>
2025-10-05 00:41:16,229 - tmdl - INFO - AI result keys: ['semester_name', 'semester_start_date', 'semester_end_date', 'mid_semester_break_start_date', 'mid_semester_break_end_date', 'midsem_exams_date', 'revision_start_date', 'calendar_events']
2025-10-05 00:41:16,230 - tmdl - INFO - AI result semester_name: Fall 2024
2025-10-05 00:41:16,232 - tmdl - INFO - AI result calendar_events count: 7
2025-10-05 00:41:16,232 - tmdl - INFO - First calendar event: {'event_name': 'Academic Year Begins (Senior High Schools, Single Track)', 'event_start_date': '2024-10-30', 'event_end_date': '2024-10-30', 'is_holiday': False, 'requires_no_classes': False}
2025-10-05 00:41:16,234 - tmdl - INFO - AI result: {'semester_name': 'Fall 2024', 'semester_start_date': '2024-10-30', 'semester_end_date': '2025-03-05', 'mid_semester_break_start_date': '2024-12-20', 'mid_semester_break_end_date': '2025-01-02', 'midsem_exams_date': '2024-12-05', 'revision_start_date': '2025-02-07', 'calendar_events': [{'event_name': 'Academic Year Begins (Senior High Schools, Single Track)', 'event_start_date': '2024-10-30', 'event_end_date': '2024-10-30', 'is_holiday': False, 'requires_no_classes': False}, {'event_name': 'Academic Year Begins (Incoming First Year students)', 'event_start_date': '2024-10-30', 'event_end_date': '2024-10-30', 'is_holiday': False, 'requires_no_classes': False}, {'event_name': 'Academic Year Begins (Continuing students in Single Track Schools)', 'event_start_date': '2024-10-30', 'event_end_date': '2024-10-30', 'is_holiday': False, 'requires_no_classes': False}, {'event_name': 'Mid-Semester Exams', 'event_start_date': '2024-12-05', 'event_end_date': '2024-12-05', 'is_holiday': False, 'requires_no_classes': True}, {'event_name': 'Christmas Break', 'event_start_date': '2024-12-20', 'event_end_date': '2025-01-02', 'is_holiday': True, 'requires_no_classes': True}, {'event_name': 'Revision Period', 'event_start_date': '2025-02-07', 'event_end_date': '2025-02-07', 'is_holiday': False, 'requires_no_classes': True}, {'event_name': 'Semester End', 'event_start_date': '2025-03-05', 'event_end_date': '2025-03-05', 'is_holiday': False, 'requires_no_classes': False}]}
2025-10-05 00:41:16,237 - tmdl - INFO - Validating calendar data. Data type: <class 'dict'>
2025-10-05 00:41:16,238 - tmdl - INFO - 🔍 Calendar data structure: <class 'dict'>
2025-10-05 00:41:16,239 - tmdl - INFO - 🔍 Calendar data keys: ['semester_name', 'semester_start_date', 'semester_end_date', 'mid_semester_break_start_date', 'mid_semester_break_end_date', 'midsem_exams_date', 'revision_start_date', 'calendar_events']
2025-10-05 00:41:16,240 - tmdl - INFO - Has root calendar fields: True
2025-10-05 00:41:16,241 - tmdl - INFO - Has calendar events: True
2025-10-05 00:41:16,242 - tmdl - INFO - ✅ Academic calendar data is correctly structured from AI response
2025-10-05 00:41:16,242 - tmdl - INFO - 📊 Found academic calendar with 7 events
2025-10-05 00:41:16,244 - tmdl - INFO - 📋 Calendar data keys: ['academic_calendar', 'calendar_events']
2025-10-05 00:41:16,245 - tmdl - INFO - 📋 Academic calendar data: {'semester_name': 'Fall 2024', 'semester_start_date': '2024-10-30', 'semester_end_date': '2025-03-05', 'mid_semester_break_start_date': '2024-12-20', 'mid_semester_break_end_date': '2025-01-02', 'midsem_exams_date': '2024-12-05', 'revision_start_date': '2025-02-07'}
2025-10-05 00:41:16,247 - tmdl - INFO - 📋 Academic calendar keys: ['semester_name', 'semester_start_date', 'semester_end_date', 'mid_semester_break_start_date', 'mid_semester_break_end_date', 'midsem_exams_date', 'revision_start_date']
2025-10-05 00:41:16,248 - tmdl - INFO - 📋 First calendar event: {'event_name': 'Academic Year Begins (Senior High Schools, Single Track)', 'event_start_date': '2024-10-30', 'event_end_date': '2024-10-30', 'is_holiday': False, 'requires_no_classes': False}
2025-10-05 00:41:16,249 - tmdl - INFO - Sending saving progress message
2025-10-05 00:41:16,250 - tmdl - INFO - Calendar events count: 7
2025-10-05 00:41:16,252 - tmdl - INFO - 🔍 [DEDUPLICATION] Checking message hash: aa02ea00a044d66937a1881584e648ca for key: processing__Saving academic calendar with 7 events..._7
2025-10-05 00:41:16,253 - tmdl - INFO - 🔍 [DEDUPLICATION] Local sent_messages set size: 3
2025-10-05 00:41:16,254 - tmdl - INFO - 🔍 [DEDUPLICATION] Global SENT_MESSAGES set size: 3
2025-10-05 00:41:16,256 - tmdl - INFO - 🔍 [DEDUPLICATION] Message content: {'status': 'processing', 'message': 'Saving academic calendar with 7 events...', 'teacher_id': '7bed2b69-8000-4b36-8e91-7fe0b70c9d82', 'event_count': 7}
2025-10-05 00:41:16,258 - tmdl - INFO - 🔍 [DEDUPLICATION] Message status: processing
2025-10-05 00:41:16,260 - tmdl - INFO - 🔍 [DEDUPLICATION] Message type: 
2025-10-05 00:41:16,261 - tmdl - INFO - 🔍 [DEDUPLICATION] Message text: Saving academic calendar with 7 events...
2025-10-05 00:41:16,262 - tmdl - INFO - ➕ [DEDUPLICATION] Adding message hash to both local and global sent_messages: aa02ea00a044d66937a1881584e648ca
2025-10-05 00:41:16,263 - tmdl - INFO - ➕ [DEDUPLICATION] Local set now contains 4 items
2025-10-05 00:41:16,264 - tmdl - INFO - ➕ [DEDUPLICATION] Global set now contains 4 items
2025-10-05 00:41:16,265 - tmdl - INFO - Sending WebSocket message to teacher 7bed2b69-8000-4b36-8e91-7fe0b70c9d82
2025-10-05 00:41:16,266 - tmdl - INFO - Message content: {'status': 'processing', 'message': 'Saving academic calendar with 7 events...', 'teacher_id': '7bed2b69-8000-4b36-8e91-7fe0b70c9d82', 'event_count': 7}
2025-10-05 00:41:16,286 - tmdl - INFO - Notification saved for teacher 7bed2b69-8000-4b36-8e91-7fe0b70c9d82: Schedule Update
2025-10-05 00:41:16,289 - tmdl - INFO - [Redis] Published to ws:teacher:7bed2b69-8000-4b36-8e91-7fe0b70c9d82: {'status': 'processing', 'message': 'Saving academic calendar with 7 events...', 'teacher_id': '7bed2b69-8000-4b36-8e91-7fe0b70c9d82', 'event_count': 7}
2025-10-05 00:41:16,294 - tmdl - INFO - ✅ [DEDUPLICATION] Sent unique WebSocket message with hash: aa02ea00a044d66937a1881584e648ca
2025-10-05 00:41:16,295 - tmdl - INFO - Saving progress message sent successfully, result: True
2025-10-05 00:41:16,366 - tmdl - INFO - Teacher lookup result: True
2025-10-05 00:41:16,369 - tmdl - INFO - Teacher ID: 7bed2b69-8000-4b36-8e91-7fe0b70c9d82
2025-10-05 00:41:16,370 - tmdl - INFO - Teacher display name: prince yeboah
2025-10-05 00:41:16,371 - tmdl - INFO - Querying existing TempExtract entries
2025-10-05 00:41:16,372 - tmdl - INFO - Teacher ID: 7bed2b69-8000-4b36-8e91-7fe0b70c9d82
2025-10-05 00:41:16,375 - tmdl - INFO - Entry type: academic calendar
2025-10-05 00:41:16,419 - tmdl - INFO - 🔍 Found 0 existing TempExtract entries
2025-10-05 00:41:16,431 - tmdl - ERROR - ❌ Database operation failed: name 'datetime' is not defined
2025-10-05 00:41:16,443 - tmdl - ERROR - 🔍 Full traceback: Traceback (most recent call last):
  File "c:\Users\HP\tmdl5\ca_ground\calendar_back.py", line 862, in process_calendar_file_task
    "extracted_at": datetime.utcnow().isoformat()
                    ^^^^^^^^
NameError: name 'datetime' is not defined. Did you forget to import 'datetime'?

2025-10-05 00:41:16,446 - tmdl - INFO - 🔍 [DEDUPLICATION] Checking message hash: 3abb30128bad89133130ba0b2e493fe0 for key: error__Database operation failed: name 'datetime' is not defined_
2025-10-05 00:41:16,447 - tmdl - INFO - 🔍 [DEDUPLICATION] Local sent_messages set size: 4
2025-10-05 00:41:16,448 - tmdl - INFO - 🔍 [DEDUPLICATION] Global SENT_MESSAGES set size: 4
2025-10-05 00:41:16,449 - tmdl - INFO - 🔍 [DEDUPLICATION] Message content: {'status': 'error', 'message': "Database operation failed: name 'datetime' is not defined", 'teacher_id': '7bed2b69-8000-4b36-8e91-7fe0b70c9d82'}
2025-10-05 00:41:16,451 - tmdl - INFO - 🔍 [DEDUPLICATION] Message status: error
2025-10-05 00:41:16,452 - tmdl - INFO - 🔍 [DEDUPLICATION] Message type: 
2025-10-05 00:41:16,453 - tmdl - INFO - 🔍 [DEDUPLICATION] Message text: Database operation failed: name 'datetime' is not defined
2025-10-05 00:41:16,455 - tmdl - INFO - ➕ [DEDUPLICATION] Adding message hash to both local and global sent_messages: 3abb30128bad89133130ba0b2e493fe0
2025-10-05 00:41:16,461 - tmdl - INFO - ➕ [DEDUPLICATION] Local set now contains 5 items
2025-10-05 00:41:16,462 - tmdl - INFO - ➕ [DEDUPLICATION] Global set now contains 5 items
2025-10-05 00:41:16,463 - tmdl - INFO - Sending WebSocket message to teacher 7bed2b69-8000-4b36-8e91-7fe0b70c9d82
2025-10-05 00:41:16,464 - tmdl - INFO - Message content: {'status': 'error', 'message': "Database operation failed: name 'datetime' is not defined", 'teacher_id': '7bed2b69-8000-4b36-8e91-7fe0b70c9d82'}
2025-10-05 00:41:16,711 - tmdl - INFO - Notification saved for teacher 7bed2b69-8000-4b36-8e91-7fe0b70c9d82: Error Occurred
2025-10-05 00:41:16,717 - tmdl - INFO - [Redis] Published to ws:teacher:7bed2b69-8000-4b36-8e91-7fe0b70c9d82: {'status': 'error', 'message': "Database operation failed: name 'datetime' is not defined", 'teacher_id': '7bed2b69-8000-4b36-8e91-7fe0b70c9d82'}
2025-10-05 00:41:16,744 - tmdl - INFO - ✅ [DEDUPLICATION] Sent unique WebSocket message with hash: 3abb30128bad89133130ba0b2e493fe0
2025-10-05 00:41:16,747 - tmdl - INFO - Cleaning up global sent messages, current local set size: 5
2025-10-05 00:41:16,749 - tmdl - INFO - 🧹 Cleaned up 5 message hashes from global set
2025-10-05 00:41:16,751 - tmdl - INFO - Global set size after cleanup: 0
2025-10-05 00:41:33,769 - tmdl - INFO - Token decoded: user@gmail.com (Role: sch_teacher, School: None, individual ID: 791dbae6-21e7-4b48-bb82-5c378aca8886)
2025-10-05 00:41:33,781 - tmdl - INFO - Current user resolved: user@gmail.com (ID: 7bed2b69-8000-4b36-8e91-7fe0b70c9d82)
2025-10-05 00:41:59,738 - tmdl - INFO - Shutting down academic calendar processing worker
2025-10-05 00:41:59,740 - tmdl - INFO - Context keys: ['redis']
2025-10-05 00:41:59,741 - tmdl - INFO - Closing Redis connection
2025-10-05 00:41:59,772 - tmdl - INFO - Disposing database engine
2025-10-05 00:41:59,799 - tmdl - INFO - Academic calendar processing worker shutdown
2025-10-05 00:42:15,143 - tmdl - INFO - Tesseract found at: C:\Program Files\Tesseract-OCR\tesseract.exe
2025-10-05 00:42:18,135 - tmdl - INFO - Calendar worker configuration loaded
2025-10-05 00:42:18,136 - tmdl - INFO - Worker functions: ['process_calendar_file_task']
2025-10-05 00:42:18,136 - tmdl - INFO - Max tries: 3
2025-10-05 00:42:18,136 - tmdl - INFO - Job timeout: 300
2025-10-05 00:42:18,163 - tmdl - INFO - Starting academic calendar processing worker
2025-10-05 00:42:18,165 - tmdl - INFO - Redis settings: RedisSettings(host='localhost', port=6379, unix_socket_path=None, database=0, username=None, password=None, ssl=False, ssl_keyfile=None, ssl_certfile=None, ssl_cert_reqs='required', ssl_ca_certs=None, ssl_ca_data=None, ssl_check_hostname=False, conn_timeout=1, conn_retries=5, conn_retry_delay=1, max_connections=None, sentinel=False, sentinel_master='mymaster', retry_on_timeout=False, retry_on_error=None, retry=None)
2025-10-05 00:42:18,167 - tmdl - INFO - Database URL: postgresql+asyncpg://postgres:0264442031Qq.@localhost:5433/tmdl5
2025-10-05 00:42:18,183 - tmdl - INFO - Academic calendar processing worker started
2025-10-05 00:42:24,023 - tmdl - INFO - Token decoded: user@gmail.com (Role: sch_teacher, School: None, individual ID: 791dbae6-21e7-4b48-bb82-5c378aca8886)
2025-10-05 00:42:24,391 - tmdl - INFO - Current user resolved: user@gmail.com (ID: 7bed2b69-8000-4b36-8e91-7fe0b70c9d82)
2025-10-05 00:42:24,432 - tmdl - INFO - 🚀 Processing calendar upload for teacher: 7bed2b69-8000-4b36-8e91-7fe0b70c9d82
2025-10-05 00:42:24,494 - tmdl - INFO - 📁 Received file: ges-academic-calendar-2024-2025-revised.pdf, size: 786073, content_type: application/pdf
2025-10-05 00:42:24,496 - tmdl - INFO - ⚙️ Advanced settings: academic_year=2025, institution_type=school, semester_type=semester, current_semester=1, has_multiple_cohorts=False, cohort_levels=None
2025-10-05 00:42:24,502 - tmdl - INFO - 💾 File saved as: ./uploads/academic_calendar/7bed2b69-8000-4b36-8e91-7fe0b70c9d82.pdf
2025-10-05 00:42:24,504 - tmdl - INFO - ✅ File saved locally to: ./uploads/academic_calendar/7bed2b69-8000-4b36-8e91-7fe0b70c9d82.pdf
2025-10-05 00:42:24,509 - tmdl - INFO - 📂 Generated GCS file name: academic_calendar/7bed2b69-8000-4b36-8e91-7fe0b70c9d82.pdf
2025-10-05 00:42:24,511 - tmdl - INFO - 🏷️ File content type: application/pdf
2025-10-05 00:42:24,663 - tmdl - INFO - 🔗 Generating signed URL for academic_calendar/7bed2b69-8000-4b36-8e91-7fe0b70c9d82.pdf
2025-10-05 00:42:24,665 - tmdl - INFO - 📦 Bucket: teacher_module_acatable_bucket, Content-Type: application/pdf, Expiration: 86400 seconds
2025-10-05 00:42:24,672 - tmdl - INFO - ✅ Generated signed URL for academic_calendar/7bed2b69-8000-4b36-8e91-7fe0b70c9d82.pdf with content-type application/pdf, expiring in 86400 seconds
2025-10-05 00:42:24,672 - tmdl - INFO - 📏 Signed URL length: 895 characters
2025-10-05 00:42:24,674 - tmdl - INFO - 🔗 Generated signed URL for GCS upload
2025-10-05 00:42:24,721 - tmdl - INFO - [JOB] Calendar processing job queued for teacher 7bed2b69-8000-4b36-8e91-7fe0b70c9d82: ec47285a7e124aeca653502ec4cc48ac
2025-10-05 00:42:24,874 - tmdl - INFO - 🚀 Starting academic calendar file processing for teacher: 7bed2b69-8000-4b36-8e91-7fe0b70c9d82, file: ./uploads/academic_calendar/7bed2b69-8000-4b36-8e91-7fe0b70c9d82.pdf
2025-10-05 00:42:24,876 - tmdl - INFO - GCS file name: academic_calendar/7bed2b69-8000-4b36-8e91-7fe0b70c9d82.pdf
2025-10-05 00:42:24,877 - tmdl - INFO - Additional data length: 116
2025-10-05 00:42:24,878 - tmdl - INFO - Current working directory: C:\Users\HP\tmdl5
2025-10-05 00:42:24,880 - tmdl - INFO - File path exists: True
2025-10-05 00:42:24,881 - tmdl - INFO - File size: 786073 bytes
2025-10-05 00:42:24,883 - tmdl - INFO - Sending initial status message
2025-10-05 00:42:24,884 - tmdl - INFO - Teacher ID: 7bed2b69-8000-4b36-8e91-7fe0b70c9d82
2025-10-05 00:42:24,885 - tmdl - INFO - File path: ./uploads/academic_calendar/7bed2b69-8000-4b36-8e91-7fe0b70c9d82.pdf
2025-10-05 00:42:24,886 - tmdl - INFO - 🔍 [DEDUPLICATION] Checking message hash: 1583482125d3b9c0f68c2f17030a5c73 for key: started__Processing academic calendar file..._
2025-10-05 00:42:24,887 - tmdl - INFO - 🔍 [DEDUPLICATION] Local sent_messages set size: 0
2025-10-05 00:42:24,888 - tmdl - INFO - 🔍 [DEDUPLICATION] Global SENT_MESSAGES set size: 0
2025-10-05 00:42:24,889 - tmdl - INFO - 🔍 [DEDUPLICATION] Message content: {'status': 'started', 'message': 'Processing academic calendar file...', 'teacher_id': '7bed2b69-8000-4b36-8e91-7fe0b70c9d82', 'file_path': './uploads/academic_calendar/7bed2b69-8000-4b36-8e91-7fe0b70c9d82.pdf'}
2025-10-05 00:42:24,890 - tmdl - INFO - 🔍 [DEDUPLICATION] Message status: started
2025-10-05 00:42:24,891 - tmdl - INFO - 🔍 [DEDUPLICATION] Message type: 
2025-10-05 00:42:24,892 - tmdl - INFO - 🔍 [DEDUPLICATION] Message text: Processing academic calendar file...
2025-10-05 00:42:24,893 - tmdl - INFO - ➕ [DEDUPLICATION] Adding message hash to both local and global sent_messages: 1583482125d3b9c0f68c2f17030a5c73
2025-10-05 00:42:24,894 - tmdl - INFO - ➕ [DEDUPLICATION] Local set now contains 1 items
2025-10-05 00:42:24,896 - tmdl - INFO - ➕ [DEDUPLICATION] Global set now contains 1 items
2025-10-05 00:42:24,897 - tmdl - INFO - Sending WebSocket message to teacher 7bed2b69-8000-4b36-8e91-7fe0b70c9d82
2025-10-05 00:42:24,898 - tmdl - INFO - Message content: {'status': 'started', 'message': 'Processing academic calendar file...', 'teacher_id': '7bed2b69-8000-4b36-8e91-7fe0b70c9d82', 'file_path': './uploads/academic_calendar/7bed2b69-8000-4b36-8e91-7fe0b70c9d82.pdf'}
2025-10-05 00:42:25,815 - tmdl - INFO - Notification saved for teacher 7bed2b69-8000-4b36-8e91-7fe0b70c9d82: Schedule Update
2025-10-05 00:42:25,839 - tmdl - INFO - [Redis] Published to ws:teacher:7bed2b69-8000-4b36-8e91-7fe0b70c9d82: {'status': 'started', 'message': 'Processing academic calendar file...', 'teacher_id': '7bed2b69-8000-4b36-8e91-7fe0b70c9d82', 'file_path': './uploads/academic_calendar/7bed2b69-8000-4b36-8e91-7fe0b70c9d82.pdf'}
2025-10-05 00:42:25,843 - tmdl - INFO - ✅ [DEDUPLICATION] Sent unique WebSocket message with hash: 1583482125d3b9c0f68c2f17030a5c73
2025-10-05 00:42:25,844 - tmdl - INFO - Initial status message sent successfully, result: True
2025-10-05 00:42:25,845 - tmdl - INFO - Checking if file exists: ./uploads/academic_calendar/7bed2b69-8000-4b36-8e91-7fe0b70c9d82.pdf
2025-10-05 00:42:25,856 - tmdl - INFO - File exists: True
2025-10-05 00:42:25,860 - tmdl - INFO - Detecting file type for: ./uploads/academic_calendar/7bed2b69-8000-4b36-8e91-7fe0b70c9d82.pdf
2025-10-05 00:42:25,862 - tmdl - INFO - File path exists: True
2025-10-05 00:42:25,866 - tmdl - INFO - File size: 786073 bytes
2025-10-05 00:42:25,867 - tmdl - INFO - File extension: pdf
2025-10-05 00:42:25,876 - tmdl - INFO - Detected file type: pdf
2025-10-05 00:42:25,887 - tmdl - INFO - Supported extensions: ['pdf', 'jpg', 'jpeg', 'png', 'bmp', 'tiff', 'docx', 'xlsx', 'xls', 'txt']
2025-10-05 00:42:25,889 - tmdl - INFO - 🔍 Detected file type: pdf
2025-10-05 00:42:25,891 - tmdl - INFO - File extension: .pdf
2025-10-05 00:42:25,892 - tmdl - INFO - Sending text extraction progress message
2025-10-05 00:42:25,893 - tmdl - INFO - File type: pdf
2025-10-05 00:42:25,894 - tmdl - INFO - 🔍 [DEDUPLICATION] Checking message hash: f2c8ed8331fceda06790635ef28a8c0f for key: processing__Extracting text from pdf file..._
2025-10-05 00:42:25,898 - tmdl - INFO - 🔍 [DEDUPLICATION] Local sent_messages set size: 1
2025-10-05 00:42:25,902 - tmdl - INFO - 🔍 [DEDUPLICATION] Global SENT_MESSAGES set size: 1
2025-10-05 00:42:25,904 - tmdl - INFO - 🔍 [DEDUPLICATION] Message content: {'status': 'processing', 'message': 'Extracting text from pdf file...', 'teacher_id': '7bed2b69-8000-4b36-8e91-7fe0b70c9d82'}
2025-10-05 00:42:25,907 - tmdl - INFO - 🔍 [DEDUPLICATION] Message status: processing
2025-10-05 00:42:25,909 - tmdl - INFO - 🔍 [DEDUPLICATION] Message type: 
2025-10-05 00:42:25,911 - tmdl - INFO - 🔍 [DEDUPLICATION] Message text: Extracting text from pdf file...
2025-10-05 00:42:25,913 - tmdl - INFO - ➕ [DEDUPLICATION] Adding message hash to both local and global sent_messages: f2c8ed8331fceda06790635ef28a8c0f
2025-10-05 00:42:25,918 - tmdl - INFO - ➕ [DEDUPLICATION] Local set now contains 2 items
2025-10-05 00:42:25,920 - tmdl - INFO - ➕ [DEDUPLICATION] Global set now contains 2 items
2025-10-05 00:42:25,922 - tmdl - INFO - Sending WebSocket message to teacher 7bed2b69-8000-4b36-8e91-7fe0b70c9d82
2025-10-05 00:42:25,923 - tmdl - INFO - Message content: {'status': 'processing', 'message': 'Extracting text from pdf file...', 'teacher_id': '7bed2b69-8000-4b36-8e91-7fe0b70c9d82'}
2025-10-05 00:42:25,949 - tmdl - INFO - Notification saved for teacher 7bed2b69-8000-4b36-8e91-7fe0b70c9d82: Schedule Update
2025-10-05 00:42:25,955 - tmdl - INFO - [Redis] Published to ws:teacher:7bed2b69-8000-4b36-8e91-7fe0b70c9d82: {'status': 'processing', 'message': 'Extracting text from pdf file...', 'teacher_id': '7bed2b69-8000-4b36-8e91-7fe0b70c9d82'}
2025-10-05 00:42:25,957 - tmdl - INFO - ✅ [DEDUPLICATION] Sent unique WebSocket message with hash: f2c8ed8331fceda06790635ef28a8c0f
2025-10-05 00:42:25,958 - tmdl - INFO - Text extraction progress message sent successfully, result: True
2025-10-05 00:42:25,959 - tmdl - INFO - Extracting text from pdf file
2025-10-05 00:42:25,960 - tmdl - INFO - 📄 Extracting text from PDF: ./uploads/academic_calendar/7bed2b69-8000-4b36-8e91-7fe0b70c9d82.pdf
2025-10-05 00:42:25,961 - tmdl - INFO - Trying pdfplumber for digital PDFs
2025-10-05 00:42:26,007 - tmdl - INFO - Processing page 1/5
2025-10-05 00:42:26,011 - tmdl - INFO - Processing page 2/5
2025-10-05 00:42:26,014 - tmdl - INFO - Processing page 3/5
2025-10-05 00:42:26,019 - tmdl - INFO - Processing page 4/5
2025-10-05 00:42:26,022 - tmdl - INFO - Processing page 5/5
2025-10-05 00:42:26,025 - tmdl - WARNING - pdfplumber extracted empty text
2025-10-05 00:42:26,026 - tmdl - INFO - Falling back to OCR extraction
2025-10-05 00:42:26,027 - tmdl - INFO - 🔍 Extracting text using OCR: ./uploads/academic_calendar/7bed2b69-8000-4b36-8e91-7fe0b70c9d82.pdf
2025-10-05 00:42:26,028 - tmdl - INFO - Converting PDF to images for OCR
2025-10-05 00:42:28,803 - tmdl - INFO - Converted PDF to 5 images
2025-10-05 00:42:28,804 - tmdl - INFO - Processing image 1/5
2025-10-05 00:42:33,311 - tmdl - INFO - Processing image 2/5
2025-10-05 00:42:33,760 - tmdl - INFO - Token decoded: user@gmail.com (Role: sch_teacher, School: None, individual ID: 791dbae6-21e7-4b48-bb82-5c378aca8886)
2025-10-05 00:42:33,787 - tmdl - INFO - Current user resolved: user@gmail.com (ID: 7bed2b69-8000-4b36-8e91-7fe0b70c9d82)
2025-10-05 00:42:35,070 - tmdl - INFO - Processing image 3/5
2025-10-05 00:42:37,922 - tmdl - INFO - Processing image 4/5
2025-10-05 00:42:40,912 - tmdl - INFO - Processing image 5/5
2025-10-05 00:42:43,339 - tmdl - INFO - ✅ OCR extraction from PDF successful: 3209 characters
2025-10-05 00:42:43,367 - tmdl - INFO - 📄 Extracted 3209 characters from file
2025-10-05 00:42:43,369 - tmdl - INFO - First 200 characters of extracted text: Page 1:
2024/2025 ACADEMIC CALENDAR FOR BASIC AND SENIOR HIGH SCHOOLS (PRE-TERTIARY
SCHOOLS)

Management of the Ghana Education Service (GES) wishes to inform Heads of Basic and Senior High
Schools of
2025-10-05 00:42:43,372 - tmdl - INFO - Sending AI processing progress message
2025-10-05 00:42:43,374 - tmdl - INFO - Extracted text length: 3209
2025-10-05 00:42:43,375 - tmdl - INFO - 🔍 [DEDUPLICATION] Checking message hash: b738f4a85418b0db47213ba878e2bca1 for key: processing__Processing extracted text with AI..._
2025-10-05 00:42:43,377 - tmdl - INFO - 🔍 [DEDUPLICATION] Local sent_messages set size: 2
2025-10-05 00:42:43,380 - tmdl - INFO - 🔍 [DEDUPLICATION] Global SENT_MESSAGES set size: 2
2025-10-05 00:42:43,382 - tmdl - INFO - 🔍 [DEDUPLICATION] Message content: {'status': 'processing', 'message': 'Processing extracted text with AI...', 'teacher_id': '7bed2b69-8000-4b36-8e91-7fe0b70c9d82', 'extracted_text_length': 3209}
2025-10-05 00:42:43,385 - tmdl - INFO - 🔍 [DEDUPLICATION] Message status: processing
2025-10-05 00:42:43,388 - tmdl - INFO - 🔍 [DEDUPLICATION] Message type: 
2025-10-05 00:42:43,390 - tmdl - INFO - 🔍 [DEDUPLICATION] Message text: Processing extracted text with AI...
2025-10-05 00:42:43,392 - tmdl - INFO - ➕ [DEDUPLICATION] Adding message hash to both local and global sent_messages: b738f4a85418b0db47213ba878e2bca1
2025-10-05 00:42:43,394 - tmdl - INFO - ➕ [DEDUPLICATION] Local set now contains 3 items
2025-10-05 00:42:43,397 - tmdl - INFO - ➕ [DEDUPLICATION] Global set now contains 3 items
2025-10-05 00:42:43,399 - tmdl - INFO - Sending WebSocket message to teacher 7bed2b69-8000-4b36-8e91-7fe0b70c9d82
2025-10-05 00:42:43,401 - tmdl - INFO - Message content: {'status': 'processing', 'message': 'Processing extracted text with AI...', 'teacher_id': '7bed2b69-8000-4b36-8e91-7fe0b70c9d82', 'extracted_text_length': 3209}
2025-10-05 00:42:43,428 - tmdl - INFO - Notification saved for teacher 7bed2b69-8000-4b36-8e91-7fe0b70c9d82: Schedule Update
2025-10-05 00:42:43,435 - tmdl - INFO - [Redis] Published to ws:teacher:7bed2b69-8000-4b36-8e91-7fe0b70c9d82: {'status': 'processing', 'message': 'Processing extracted text with AI...', 'teacher_id': '7bed2b69-8000-4b36-8e91-7fe0b70c9d82', 'extracted_text_length': 3209}
2025-10-05 00:42:43,442 - tmdl - INFO - ✅ [DEDUPLICATION] Sent unique WebSocket message with hash: b738f4a85418b0db47213ba878e2bca1
2025-10-05 00:42:43,451 - tmdl - INFO - AI processing progress message sent successfully, result: True
2025-10-05 00:42:43,453 - tmdl - INFO - Sending extracted text to AI for processing
2025-10-05 00:42:43,458 - tmdl - INFO - GEMINI_API_KEY available: True
2025-10-05 00:42:43,459 - tmdl - INFO - GCS_BUCKET_NAME: teacher_module_acatable_bucket
2025-10-05 00:42:43,460 - tmdl - INFO - GCS file name: academic_calendar/7bed2b69-8000-4b36-8e91-7fe0b70c9d82.pdf
2025-10-05 00:42:43,467 - tmdl - INFO - Additional data length: 116
2025-10-05 00:42:56,809 - tmdl - INFO - AI result received: <class 'dict'>
2025-10-05 00:42:56,812 - tmdl - INFO - AI result keys: ['semester_name', 'semester_start_date', 'semester_end_date', 'mid_semester_break_start_date', 'mid_semester_break_end_date', 'midsem_exams_date', 'revision_start_date', 'calendar_events']
2025-10-05 00:42:56,815 - tmdl - INFO - AI processing successful, no error in result
2025-10-05 00:42:56,817 - tmdl - INFO - AI processing successful
2025-10-05 00:42:56,821 - tmdl - INFO - AI result type: <class 'dict'>
2025-10-05 00:42:56,823 - tmdl - INFO - AI result keys: ['semester_name', 'semester_start_date', 'semester_end_date', 'mid_semester_break_start_date', 'mid_semester_break_end_date', 'midsem_exams_date', 'revision_start_date', 'calendar_events']
2025-10-05 00:42:56,827 - tmdl - INFO - AI result semester_name: Fall 2024
2025-10-05 00:42:56,829 - tmdl - INFO - AI result calendar_events count: 7
2025-10-05 00:42:56,848 - tmdl - INFO - First calendar event: {'event_name': 'Academic Year Begins (Senior High Schools, Single Track)', 'event_start_date': '2024-10-30', 'event_end_date': '2024-10-30', 'is_holiday': False, 'requires_no_classes': False}
2025-10-05 00:42:56,856 - tmdl - INFO - AI result: {'semester_name': 'Fall 2024', 'semester_start_date': '2024-10-30', 'semester_end_date': '2025-03-05', 'mid_semester_break_start_date': '2024-12-20', 'mid_semester_break_end_date': '2025-01-02', 'midsem_exams_date': '2024-12-05', 'revision_start_date': '2025-02-07', 'calendar_events': [{'event_name': 'Academic Year Begins (Senior High Schools, Single Track)', 'event_start_date': '2024-10-30', 'event_end_date': '2024-10-30', 'is_holiday': False, 'requires_no_classes': False}, {'event_name': 'Mid-Semester Exams', 'event_start_date': '2024-12-05', 'event_end_date': '2024-12-05', 'is_holiday': False, 'requires_no_classes': False}, {'event_name': 'Christmas Break', 'event_start_date': '2024-12-20', 'event_end_date': '2025-01-02', 'is_holiday': True, 'requires_no_classes': True}, {'event_name': 'Revision Period', 'event_start_date': '2025-02-07', 'event_end_date': '2025-02-07', 'is_holiday': False, 'requires_no_classes': False}, {'event_name': 'End of Semester', 'event_start_date': '2025-03-05', 'event_end_date': '2025-03-05', 'is_holiday': False, 'requires_no_classes': False}, {'event_name': 'Second Semester Break Begins', 'event_start_date': '2025-03-06', 'event_end_date': '2025-03-06', 'is_holiday': False, 'requires_no_classes': True}, {'event_name': 'Second Semester Break Ends', 'event_start_date': '2025-04-22', 'event_end_date': '2025-04-22', 'is_holiday': False, 'requires_no_classes': False}]}
2025-10-05 00:42:56,867 - tmdl - INFO - Validating calendar data. Data type: <class 'dict'>
2025-10-05 00:42:56,868 - tmdl - INFO - 🔍 Calendar data structure: <class 'dict'>
2025-10-05 00:42:56,869 - tmdl - INFO - 🔍 Calendar data keys: ['semester_name', 'semester_start_date', 'semester_end_date', 'mid_semester_break_start_date', 'mid_semester_break_end_date', 'midsem_exams_date', 'revision_start_date', 'calendar_events']
2025-10-05 00:42:56,871 - tmdl - INFO - Has root calendar fields: True
2025-10-05 00:42:56,872 - tmdl - INFO - Has calendar events: True
2025-10-05 00:42:56,873 - tmdl - INFO - ✅ Academic calendar data is correctly structured from AI response
2025-10-05 00:42:56,874 - tmdl - INFO - 📊 Found academic calendar with 7 events
2025-10-05 00:42:56,876 - tmdl - INFO - 📋 Calendar data keys: ['academic_calendar', 'calendar_events']
2025-10-05 00:42:56,877 - tmdl - INFO - 📋 Academic calendar data: {'semester_name': 'Fall 2024', 'semester_start_date': '2024-10-30', 'semester_end_date': '2025-03-05', 'mid_semester_break_start_date': '2024-12-20', 'mid_semester_break_end_date': '2025-01-02', 'midsem_exams_date': '2024-12-05', 'revision_start_date': '2025-02-07'}
2025-10-05 00:42:56,881 - tmdl - INFO - 📋 Academic calendar keys: ['semester_name', 'semester_start_date', 'semester_end_date', 'mid_semester_break_start_date', 'mid_semester_break_end_date', 'midsem_exams_date', 'revision_start_date']
2025-10-05 00:42:56,883 - tmdl - INFO - 📋 First calendar event: {'event_name': 'Academic Year Begins (Senior High Schools, Single Track)', 'event_start_date': '2024-10-30', 'event_end_date': '2024-10-30', 'is_holiday': False, 'requires_no_classes': False}
2025-10-05 00:42:56,885 - tmdl - INFO - Sending saving progress message
2025-10-05 00:42:56,887 - tmdl - INFO - Calendar events count: 7
2025-10-05 00:42:56,888 - tmdl - INFO - 🔍 [DEDUPLICATION] Checking message hash: aa02ea00a044d66937a1881584e648ca for key: processing__Saving academic calendar with 7 events..._7
2025-10-05 00:42:56,889 - tmdl - INFO - 🔍 [DEDUPLICATION] Local sent_messages set size: 3
2025-10-05 00:42:56,890 - tmdl - INFO - 🔍 [DEDUPLICATION] Global SENT_MESSAGES set size: 3
2025-10-05 00:42:56,894 - tmdl - INFO - 🔍 [DEDUPLICATION] Message content: {'status': 'processing', 'message': 'Saving academic calendar with 7 events...', 'teacher_id': '7bed2b69-8000-4b36-8e91-7fe0b70c9d82', 'event_count': 7}
2025-10-05 00:42:56,899 - tmdl - INFO - 🔍 [DEDUPLICATION] Message status: processing
2025-10-05 00:42:56,918 - tmdl - INFO - 🔍 [DEDUPLICATION] Message type: 
2025-10-05 00:42:56,959 - tmdl - INFO - 🔍 [DEDUPLICATION] Message text: Saving academic calendar with 7 events...
2025-10-05 00:42:57,136 - tmdl - INFO - ➕ [DEDUPLICATION] Adding message hash to both local and global sent_messages: aa02ea00a044d66937a1881584e648ca
2025-10-05 00:42:57,189 - tmdl - INFO - ➕ [DEDUPLICATION] Local set now contains 4 items
2025-10-05 00:42:57,306 - tmdl - INFO - ➕ [DEDUPLICATION] Global set now contains 4 items
2025-10-05 00:42:57,327 - tmdl - INFO - Sending WebSocket message to teacher 7bed2b69-8000-4b36-8e91-7fe0b70c9d82
2025-10-05 00:42:57,327 - tmdl - INFO - Message content: {'status': 'processing', 'message': 'Saving academic calendar with 7 events...', 'teacher_id': '7bed2b69-8000-4b36-8e91-7fe0b70c9d82', 'event_count': 7}
2025-10-05 00:42:57,779 - tmdl - INFO - Notification saved for teacher 7bed2b69-8000-4b36-8e91-7fe0b70c9d82: Schedule Update
2025-10-05 00:42:57,793 - tmdl - INFO - [Redis] Published to ws:teacher:7bed2b69-8000-4b36-8e91-7fe0b70c9d82: {'status': 'processing', 'message': 'Saving academic calendar with 7 events...', 'teacher_id': '7bed2b69-8000-4b36-8e91-7fe0b70c9d82', 'event_count': 7}
2025-10-05 00:42:57,842 - tmdl - INFO - ✅ [DEDUPLICATION] Sent unique WebSocket message with hash: aa02ea00a044d66937a1881584e648ca
2025-10-05 00:42:57,843 - tmdl - INFO - Saving progress message sent successfully, result: True
2025-10-05 00:42:57,957 - tmdl - INFO - Teacher lookup result: True
2025-10-05 00:42:57,958 - tmdl - INFO - Teacher ID: 7bed2b69-8000-4b36-8e91-7fe0b70c9d82
2025-10-05 00:42:57,959 - tmdl - INFO - Teacher display name: prince yeboah
2025-10-05 00:42:57,960 - tmdl - INFO - Querying existing TempExtract entries
2025-10-05 00:42:57,961 - tmdl - INFO - Teacher ID: 7bed2b69-8000-4b36-8e91-7fe0b70c9d82
2025-10-05 00:42:57,962 - tmdl - INFO - Entry type: academic calendar
2025-10-05 00:42:58,193 - tmdl - INFO - 🔍 Found 0 existing TempExtract entries
2025-10-05 00:42:58,196 - tmdl - INFO - Prepared temp_data structure: ['academic_calendar', 'calendar_events', 'event_count', 'extracted_at']
2025-10-05 00:42:58,197 - tmdl - INFO - Academic calendar in temp_data: {'semester_name': 'Fall 2024', 'semester_start_date': '2024-10-30', 'semester_end_date': '2025-03-05', 'mid_semester_break_start_date': '2024-12-20', 'mid_semester_break_end_date': '2025-01-02', 'midsem_exams_date': '2024-12-05', 'revision_start_date': '2025-02-07'}
2025-10-05 00:42:58,198 - tmdl - INFO - Event count in temp_data: 7
2025-10-05 00:42:58,199 - tmdl - INFO - Extracted at timestamp: 2025-10-04T23:42:58.196073
2025-10-05 00:42:58,201 - tmdl - INFO - Processing 7 calendar events
2025-10-05 00:42:58,203 - tmdl - INFO - Processing event 1/7
2025-10-05 00:42:58,204 - tmdl - INFO - Event data keys: ['event_name', 'event_start_date', 'event_end_date', 'is_holiday', 'requires_no_classes']
2025-10-05 00:42:58,205 - tmdl - INFO - Processing event 2/7
2025-10-05 00:42:58,232 - tmdl - INFO - Event data keys: ['event_name', 'event_start_date', 'event_end_date', 'is_holiday', 'requires_no_classes']
2025-10-05 00:42:58,234 - tmdl - INFO - Processing event 3/7
2025-10-05 00:42:58,235 - tmdl - INFO - Event data keys: ['event_name', 'event_start_date', 'event_end_date', 'is_holiday', 'requires_no_classes']
2025-10-05 00:42:58,268 - tmdl - INFO - Processing event 4/7
2025-10-05 00:42:58,269 - tmdl - INFO - Event data keys: ['event_name', 'event_start_date', 'event_end_date', 'is_holiday', 'requires_no_classes']
2025-10-05 00:42:58,271 - tmdl - INFO - Processing event 5/7
2025-10-05 00:42:58,272 - tmdl - INFO - Event data keys: ['event_name', 'event_start_date', 'event_end_date', 'is_holiday', 'requires_no_classes']
2025-10-05 00:42:58,273 - tmdl - INFO - Processing event 6/7
2025-10-05 00:42:58,274 - tmdl - INFO - Event data keys: ['event_name', 'event_start_date', 'event_end_date', 'is_holiday', 'requires_no_classes']
2025-10-05 00:42:58,284 - tmdl - INFO - Processing event 7/7
2025-10-05 00:42:58,285 - tmdl - INFO - Event data keys: ['event_name', 'event_start_date', 'event_end_date', 'is_holiday', 'requires_no_classes']
2025-10-05 00:42:58,287 - tmdl - INFO - Processed calendar events count: 7
2025-10-05 00:42:58,289 - tmdl - INFO - First event keys: ['event_name', 'event_start_date', 'event_end_date', 'is_holiday', 'requires_no_classes']
2025-10-05 00:42:58,291 - tmdl - INFO - 💾 Saving TempExtract data: {'academic_calendar': {'semester_name': 'Fall 2024', 'semester_start_date': '2024-10-30', 'semester_end_date': '2025-03-05', 'mid_semester_break_start_date': '2024-12-20', 'mid_semester_break_end_date': '2025-01-02', 'midsem_exams_date': '2024-12-05', 'revision_start_date': '2025-02-07'}, 'calendar_events': [{'event_name': 'Academic Year Begins (Senior High Schools, Single Track)', 'event_start_date': '2024-10-30', 'event_end_date': '2024-10-30', 'is_holiday': False, 'requires_no_classes': False}, {'event_name': 'Mid-Semester Exams', 'event_start_date': '2024-12-05', 'event_end_date': '2024-12-05', 'is_holiday': False, 'requires_no_classes': False}, {'event_name': 'Christmas Break', 'event_start_date': '2024-12-20', 'event_end_date': '2025-01-02', 'is_holiday': True, 'requires_no_classes': True}, {'event_name': 'Revision Period', 'event_start_date': '2025-02-07', 'event_end_date': '2025-02-07', 'is_holiday': False, 'requires_no_classes': False}, {'event_name': 'End of Semester', 'event_start_date': '2025-03-05', 'event_end_date': '2025-03-05', 'is_holiday': False, 'requires_no_classes': False}, {'event_name': 'Second Semester Break Begins', 'event_start_date': '2025-03-06', 'event_end_date': '2025-03-06', 'is_holiday': False, 'requires_no_classes': True}, {'event_name': 'Second Semester Break Ends', 'event_start_date': '2025-04-22', 'event_end_date': '2025-04-22', 'is_holiday': False, 'requires_no_classes': False}], 'event_count': 7, 'extracted_at': '2025-10-04T23:42:58.196073'}
2025-10-05 00:42:58,305 - tmdl - INFO - Creating new TempExtract entry
2025-10-05 00:42:58,307 - tmdl - INFO - Teacher ID: 7bed2b69-8000-4b36-8e91-7fe0b70c9d82
2025-10-05 00:42:58,310 - tmdl - INFO - Entry type: academic calendar
2025-10-05 00:42:58,312 - tmdl - INFO - Temp data: {'academic_calendar': {'semester_name': 'Fall 2024', 'semester_start_date': '2024-10-30', 'semester_end_date': '2025-03-05', 'mid_semester_break_start_date': '2024-12-20', 'mid_semester_break_end_date': '2025-01-02', 'midsem_exams_date': '2024-12-05', 'revision_start_date': '2025-02-07'}, 'calendar_events': [{'event_name': 'Academic Year Begins (Senior High Schools, Single Track)', 'event_start_date': '2024-10-30', 'event_end_date': '2024-10-30', 'is_holiday': False, 'requires_no_classes': False}, {'event_name': 'Mid-Semester Exams', 'event_start_date': '2024-12-05', 'event_end_date': '2024-12-05', 'is_holiday': False, 'requires_no_classes': False}, {'event_name': 'Christmas Break', 'event_start_date': '2024-12-20', 'event_end_date': '2025-01-02', 'is_holiday': True, 'requires_no_classes': True}, {'event_name': 'Revision Period', 'event_start_date': '2025-02-07', 'event_end_date': '2025-02-07', 'is_holiday': False, 'requires_no_classes': False}, {'event_name': 'End of Semester', 'event_start_date': '2025-03-05', 'event_end_date': '2025-03-05', 'is_holiday': False, 'requires_no_classes': False}, {'event_name': 'Second Semester Break Begins', 'event_start_date': '2025-03-06', 'event_end_date': '2025-03-06', 'is_holiday': False, 'requires_no_classes': True}, {'event_name': 'Second Semester Break Ends', 'event_start_date': '2025-04-22', 'event_end_date': '2025-04-22', 'is_holiday': False, 'requires_no_classes': False}], 'event_count': 7, 'extracted_at': '2025-10-04T23:42:58.196073'}
2025-10-05 00:42:58,320 - tmdl - INFO - 🆕 Created TempExtract object: teacher_id=7bed2b69-8000-4b36-8e91-7fe0b70c9d82, type=academic calendar
2025-10-05 00:42:58,321 - tmdl - INFO - TempExtract data keys: ['academic_calendar', 'calendar_events', 'event_count', 'extracted_at']
2025-10-05 00:42:58,323 - tmdl - INFO - Academic calendar in TempExtract: {'semester_name': 'Fall 2024', 'semester_start_date': '2024-10-30', 'semester_end_date': '2025-03-05', 'mid_semester_break_start_date': '2024-12-20', 'mid_semester_break_end_date': '2025-01-02', 'midsem_exams_date': '2024-12-05', 'revision_start_date': '2025-02-07'}
2025-10-05 00:42:58,324 - tmdl - INFO - Calendar events count in TempExtract: 7
2025-10-05 00:42:58,326 - tmdl - INFO - ➕ Added TempExtract entry to session for teacher 7bed2b69-8000-4b36-8e91-7fe0b70c9d82
2025-10-05 00:42:58,326 - tmdl - INFO - Committing TempExtract entry to database
2025-10-05 00:42:58,413 - tmdl - INFO - ✅ Successfully committed to database
2025-10-05 00:42:58,447 - tmdl - INFO - Verifying TempExtract entry was saved
2025-10-05 00:42:58,489 - tmdl - INFO - ✅ Verified TempExtract entry saved with ID: e3be5240-3e29-4622-8f0f-907fc7487587
2025-10-05 00:42:58,501 - tmdl - INFO - ✅ Saved data keys: ['event_count', 'extracted_at', 'calendar_events', 'academic_calendar']
2025-10-05 00:42:58,502 - tmdl - INFO - ✅ Academic calendar in saved entry: {'semester_name': 'Fall 2024', 'midsem_exams_date': '2024-12-05', 'semester_end_date': '2025-03-05', 'revision_start_date': '2025-02-07', 'semester_start_date': '2024-10-30', 'mid_semester_break_end_date': '2025-01-02', 'mid_semester_break_start_date': '2024-12-20'}
2025-10-05 00:42:58,503 - tmdl - INFO - ✅ Calendar events count in saved entry: 7
2025-10-05 00:42:58,504 - tmdl - INFO - ✅ Extracted at timestamp: 2025-10-04T23:42:58.196073
2025-10-05 00:42:58,505 - tmdl - INFO - Creating success notification: Successfully processed academic calendar with 7 events
2025-10-05 00:42:58,506 - tmdl - INFO - Saving notification to database
2025-10-05 00:42:58,507 - tmdl - INFO - Teacher ID: 7bed2b69-8000-4b36-8e91-7fe0b70c9d82
2025-10-05 00:42:58,507 - tmdl - INFO - Notification title: Academic Calendar Processing Complete
2025-10-05 00:42:58,508 - tmdl - INFO - Notification message: Successfully processed academic calendar with 7 events
2025-10-05 00:42:58,509 - tmdl - INFO - Notification type: success
2025-10-05 00:42:58,813 - tmdl - INFO - Notification saved for teacher 7bed2b69-8000-4b36-8e91-7fe0b70c9d82: Academic Calendar Processing Complete
2025-10-05 00:42:58,815 - tmdl - INFO - Success notification saved successfully
2025-10-05 00:42:58,816 - tmdl - INFO - Preparing serializable events from 7 events
2025-10-05 00:42:58,817 - tmdl - INFO - Processing event 1/7 for serialization
2025-10-05 00:42:58,818 - tmdl - INFO - Event data keys: ['event_name', 'event_start_date', 'event_end_date', 'is_holiday', 'requires_no_classes']
2025-10-05 00:42:58,819 - tmdl - INFO - Processing event 2/7 for serialization
2025-10-05 00:42:58,820 - tmdl - INFO - Event data keys: ['event_name', 'event_start_date', 'event_end_date', 'is_holiday', 'requires_no_classes']
2025-10-05 00:42:58,821 - tmdl - INFO - Processing event 3/7 for serialization
2025-10-05 00:42:58,822 - tmdl - INFO - Event data keys: ['event_name', 'event_start_date', 'event_end_date', 'is_holiday', 'requires_no_classes']
2025-10-05 00:42:58,823 - tmdl - INFO - Processing event 4/7 for serialization
2025-10-05 00:42:58,824 - tmdl - INFO - Event data keys: ['event_name', 'event_start_date', 'event_end_date', 'is_holiday', 'requires_no_classes']
2025-10-05 00:42:58,825 - tmdl - INFO - Processing event 5/7 for serialization
2025-10-05 00:42:58,826 - tmdl - INFO - Event data keys: ['event_name', 'event_start_date', 'event_end_date', 'is_holiday', 'requires_no_classes']
2025-10-05 00:42:58,828 - tmdl - INFO - Processing event 6/7 for serialization
2025-10-05 00:42:58,831 - tmdl - INFO - Event data keys: ['event_name', 'event_start_date', 'event_end_date', 'is_holiday', 'requires_no_classes']
2025-10-05 00:42:58,834 - tmdl - INFO - Processing event 7/7 for serialization
2025-10-05 00:42:58,836 - tmdl - INFO - Event data keys: ['event_name', 'event_start_date', 'event_end_date', 'is_holiday', 'requires_no_classes']
2025-10-05 00:42:58,837 - tmdl - INFO - Prepared serializable events count: 7
2025-10-05 00:42:58,839 - tmdl - INFO - First serializable event keys: ['event_name', 'event_start_date', 'event_end_date', 'is_holiday', 'requires_no_classes']
2025-10-05 00:42:58,841 - tmdl - INFO - Sending completion message: {'status': 'complete', 'type': 'COMPLETED_ACADEMIC_CALENDER', 'message': 'Successfully processed academic calendar with 7 events', 'teacher_id': '7bed2b69-8000-4b36-8e91-7fe0b70c9d82', 'event_count': 7}
2025-10-05 00:42:58,844 - tmdl - INFO - 🔍 [DEDUPLICATION] Checking message hash: 22fab6133b4bb32bfe9f85aaab8c1d21 for key: complete_COMPLETED_ACADEMIC_CALENDER_Successfully processed academic calendar with 7 events_7
2025-10-05 00:42:58,845 - tmdl - INFO - 🔍 [DEDUPLICATION] Local sent_messages set size: 4
2025-10-05 00:42:58,847 - tmdl - INFO - 🔍 [DEDUPLICATION] Global SENT_MESSAGES set size: 4
2025-10-05 00:42:58,849 - tmdl - INFO - 🔍 [DEDUPLICATION] Message content: {'status': 'complete', 'type': 'COMPLETED_ACADEMIC_CALENDER', 'message': 'Successfully processed academic calendar with 7 events', 'teacher_id': '7bed2b69-8000-4b36-8e91-7fe0b70c9d82', 'event_count': 7}
2025-10-05 00:42:58,851 - tmdl - INFO - 🔍 [DEDUPLICATION] Message status: complete
2025-10-05 00:42:58,852 - tmdl - INFO - 🔍 [DEDUPLICATION] Message type: COMPLETED_ACADEMIC_CALENDER
2025-10-05 00:42:58,853 - tmdl - INFO - 🔍 [DEDUPLICATION] Message text: Successfully processed academic calendar with 7 events
2025-10-05 00:42:58,854 - tmdl - INFO - ➕ [DEDUPLICATION] Adding message hash to both local and global sent_messages: 22fab6133b4bb32bfe9f85aaab8c1d21
2025-10-05 00:42:58,855 - tmdl - INFO - ➕ [DEDUPLICATION] Local set now contains 5 items
2025-10-05 00:42:58,857 - tmdl - INFO - ➕ [DEDUPLICATION] Global set now contains 5 items
2025-10-05 00:42:58,858 - tmdl - INFO - Sending WebSocket message to teacher 7bed2b69-8000-4b36-8e91-7fe0b70c9d82
2025-10-05 00:42:58,861 - tmdl - INFO - Message content: {'status': 'complete', 'type': 'COMPLETED_ACADEMIC_CALENDER', 'message': 'Successfully processed academic calendar with 7 events', 'teacher_id': '7bed2b69-8000-4b36-8e91-7fe0b70c9d82', 'event_count': 7}
2025-10-05 00:42:58,880 - tmdl - INFO - Notification saved for teacher 7bed2b69-8000-4b36-8e91-7fe0b70c9d82: Schedule Update
2025-10-05 00:42:58,887 - tmdl - INFO - [Redis] Published to ws:teacher:7bed2b69-8000-4b36-8e91-7fe0b70c9d82: {'status': 'complete', 'type': 'COMPLETED_ACADEMIC_CALENDER', 'message': 'Successfully processed academic calendar with 7 events', 'teacher_id': '7bed2b69-8000-4b36-8e91-7fe0b70c9d82', 'event_count': 7}
2025-10-05 00:42:58,892 - tmdl - INFO - ✅ [DEDUPLICATION] Sent unique WebSocket message with hash: 22fab6133b4bb32bfe9f85aaab8c1d21
2025-10-05 00:42:58,896 - tmdl - INFO - Completion message sent successfully, result: True
2025-10-05 00:42:58,898 - tmdl - INFO - Cleaning up temporary file: ./uploads/academic_calendar/7bed2b69-8000-4b36-8e91-7fe0b70c9d82.pdf
2025-10-05 00:42:58,899 - tmdl - INFO - File exists before cleanup: True
2025-10-05 00:42:58,902 - tmdl - INFO - 🧹 Cleaned up temporary file: ./uploads/academic_calendar/7bed2b69-8000-4b36-8e91-7fe0b70c9d82.pdf
2025-10-05 00:42:58,903 - tmdl - INFO - Prepared final serializable events count: 7
2025-10-05 00:42:58,904 - tmdl - INFO - Returning result: {'status': 'success', 'message': 'Successfully processed academic calendar with 7 events', 'event_count': 7, 'academic_calendar': {'semester_name': 'Fall 2024', 'semester_start_date': '2024-10-30', 'semester_end_date': '2025-03-05', 'mid_semester_break_start_date': '2024-12-20', 'mid_semester_break_end_date': '2025-01-02', 'midsem_exams_date': '2024-12-05', 'revision_start_date': '2025-02-07'}, 'calendar_events': [{'event_name': 'Academic Year Begins (Senior High Schools, Single Track)', 'event_start_date': '2024-10-30', 'event_end_date': '2024-10-30', 'is_holiday': False, 'requires_no_classes': False}, {'event_name': 'Mid-Semester Exams', 'event_start_date': '2024-12-05', 'event_end_date': '2024-12-05', 'is_holiday': False, 'requires_no_classes': False}, {'event_name': 'Christmas Break', 'event_start_date': '2024-12-20', 'event_end_date': '2025-01-02', 'is_holiday': True, 'requires_no_classes': True}, {'event_name': 'Revision Period', 'event_start_date': '2025-02-07', 'event_end_date': '2025-02-07', 'is_holiday': False, 'requires_no_classes': False}, {'event_name': 'End of Semester', 'event_start_date': '2025-03-05', 'event_end_date': '2025-03-05', 'is_holiday': False, 'requires_no_classes': False}, {'event_name': 'Second Semester Break Begins', 'event_start_date': '2025-03-06', 'event_end_date': '2025-03-06', 'is_holiday': False, 'requires_no_classes': True}, {'event_name': 'Second Semester Break Ends', 'event_start_date': '2025-04-22', 'event_end_date': '2025-04-22', 'is_holiday': False, 'requires_no_classes': False}]}
2025-10-05 00:42:58,907 - tmdl - INFO - Result keys: ['status', 'message', 'event_count', 'academic_calendar', 'calendar_events']
2025-10-05 00:42:58,909 - tmdl - INFO - Academic calendar in result: {'semester_name': 'Fall 2024', 'semester_start_date': '2024-10-30', 'semester_end_date': '2025-03-05', 'mid_semester_break_start_date': '2024-12-20', 'mid_semester_break_end_date': '2025-01-02', 'midsem_exams_date': '2024-12-05', 'revision_start_date': '2025-02-07'}
2025-10-05 00:42:58,913 - tmdl - INFO - Calendar events count in result: 7
2025-10-05 00:42:58,916 - tmdl - INFO - Calendar events in result: 7
2025-10-05 00:42:58,924 - tmdl - INFO - Cleaning up global sent messages, current local set size: 5
2025-10-05 00:42:58,937 - tmdl - INFO - 🧹 Cleaned up 5 message hashes from global set
2025-10-05 00:42:58,951 - tmdl - INFO - Global set size after cleanup: 0
2025-10-05 00:42:58,984 - tmdl - INFO - Token decoded: user@gmail.com (Role: sch_teacher, School: None, individual ID: 791dbae6-21e7-4b48-bb82-5c378aca8886)
2025-10-05 00:42:59,001 - tmdl - INFO - Current user resolved: user@gmail.com (ID: 7bed2b69-8000-4b36-8e91-7fe0b70c9d82)
2025-10-05 00:42:59,043 - tmdl - INFO - Token decoded: user@gmail.com (Role: sch_teacher, School: None, individual ID: 791dbae6-21e7-4b48-bb82-5c378aca8886)
2025-10-05 00:42:59,050 - tmdl - INFO - Current user resolved: user@gmail.com (ID: 7bed2b69-8000-4b36-8e91-7fe0b70c9d82)
2025-10-05 00:43:34,620 - tmdl - INFO - Token decoded: user@gmail.com (Role: sch_teacher, School: None, individual ID: 791dbae6-21e7-4b48-bb82-5c378aca8886)
2025-10-05 00:43:34,627 - tmdl - INFO - Current user resolved: user@gmail.com (ID: 7bed2b69-8000-4b36-8e91-7fe0b70c9d82)
2025-10-05 00:44:33,780 - tmdl - INFO - Token decoded: user@gmail.com (Role: sch_teacher, School: None, individual ID: 791dbae6-21e7-4b48-bb82-5c378aca8886)
2025-10-05 00:44:33,795 - tmdl - INFO - Current user resolved: user@gmail.com (ID: 7bed2b69-8000-4b36-8e91-7fe0b70c9d82)
2025-10-05 00:45:34,639 - tmdl - INFO - Token decoded: user@gmail.com (Role: sch_teacher, School: None, individual ID: 791dbae6-21e7-4b48-bb82-5c378aca8886)
2025-10-05 00:45:34,648 - tmdl - INFO - Current user resolved: user@gmail.com (ID: 7bed2b69-8000-4b36-8e91-7fe0b70c9d82)
2025-10-05 00:46:33,763 - tmdl - INFO - Token decoded: user@gmail.com (Role: sch_teacher, School: None, individual ID: 791dbae6-21e7-4b48-bb82-5c378aca8886)
2025-10-05 00:46:33,773 - tmdl - INFO - Current user resolved: user@gmail.com (ID: 7bed2b69-8000-4b36-8e91-7fe0b70c9d82)
2025-10-05 00:47:33,742 - tmdl - INFO - Token decoded: user@gmail.com (Role: sch_teacher, School: None, individual ID: 791dbae6-21e7-4b48-bb82-5c378aca8886)
2025-10-05 00:47:33,753 - tmdl - INFO - Current user resolved: user@gmail.com (ID: 7bed2b69-8000-4b36-8e91-7fe0b70c9d82)
2025-10-05 00:48:33,784 - tmdl - INFO - Token decoded: user@gmail.com (Role: sch_teacher, School: None, individual ID: 791dbae6-21e7-4b48-bb82-5c378aca8886)
2025-10-05 00:48:33,852 - tmdl - INFO - Current user resolved: user@gmail.com (ID: 7bed2b69-8000-4b36-8e91-7fe0b70c9d82)
2025-10-05 00:49:36,973 - tmdl - INFO - Token decoded: user@gmail.com (Role: sch_teacher, School: None, individual ID: 791dbae6-21e7-4b48-bb82-5c378aca8886)
2025-10-05 00:49:36,987 - tmdl - INFO - Current user resolved: user@gmail.com (ID: 7bed2b69-8000-4b36-8e91-7fe0b70c9d82)
2025-10-05 00:49:37,153 - tmdl - INFO - Token decoded: user@gmail.com (Role: sch_teacher, School: None, individual ID: 791dbae6-21e7-4b48-bb82-5c378aca8886)
2025-10-05 00:49:37,160 - tmdl - INFO - Current user resolved: user@gmail.com (ID: 7bed2b69-8000-4b36-8e91-7fe0b70c9d82)
2025-10-05 00:49:37,180 - tmdl - INFO - Token decoded: user@gmail.com (Role: sch_teacher, School: None, individual ID: 791dbae6-21e7-4b48-bb82-5c378aca8886)
2025-10-05 00:49:37,188 - tmdl - INFO - Current user resolved: user@gmail.com (ID: 7bed2b69-8000-4b36-8e91-7fe0b70c9d82)
2025-10-05 00:49:37,247 - tmdl - INFO - Token decoded: user@gmail.com (Role: sch_teacher, School: None, individual ID: 791dbae6-21e7-4b48-bb82-5c378aca8886)
2025-10-05 00:49:37,257 - tmdl - INFO - Current user resolved: user@gmail.com (ID: 7bed2b69-8000-4b36-8e91-7fe0b70c9d82)
2025-10-05 00:49:37,263 - tmdl - INFO - Token decoded: user@gmail.com (Role: sch_teacher, School: None, individual ID: 791dbae6-21e7-4b48-bb82-5c378aca8886)
2025-10-05 00:49:37,678 - tmdl - INFO - Token decoded: user@gmail.com (Role: sch_teacher, School: None, individual ID: 791dbae6-21e7-4b48-bb82-5c378aca8886)
2025-10-05 00:49:37,683 - tmdl - INFO - Token decoded: user@gmail.com (Role: sch_teacher, School: None, individual ID: 791dbae6-21e7-4b48-bb82-5c378aca8886)
2025-10-05 00:49:37,700 - tmdl - INFO - Current user resolved: user@gmail.com (ID: 7bed2b69-8000-4b36-8e91-7fe0b70c9d82)
2025-10-05 00:49:37,703 - tmdl - INFO - Received request for central user info (teacher: 7bed2b69-8000-4b36-8e91-7fe0b70c9d82)
2025-10-05 00:49:37,706 - tmdl - INFO - Sending request to core service /api/me endpoint
2025-10-05 00:49:38,512 - tmdl - INFO - Successfully fetched user info from ERP
2025-10-05 00:49:38,564 - tmdl - INFO - Current user resolved: user@gmail.com (ID: 7bed2b69-8000-4b36-8e91-7fe0b70c9d82)
2025-10-05 00:49:38,602 - tmdl - INFO - Current user resolved: user@gmail.com (ID: 7bed2b69-8000-4b36-8e91-7fe0b70c9d82)
2025-10-05 00:49:38,611 - tmdl - INFO - Received request for central user info (teacher: 7bed2b69-8000-4b36-8e91-7fe0b70c9d82)
2025-10-05 00:49:38,613 - tmdl - INFO - Sending request to core service /api/me endpoint
2025-10-05 00:49:38,666 - tmdl - INFO - Token decoded: user@gmail.com (Role: sch_teacher, School: None, individual ID: 791dbae6-21e7-4b48-bb82-5c378aca8886)
2025-10-05 00:49:38,684 - tmdl - INFO - Current user resolved: user@gmail.com (ID: 7bed2b69-8000-4b36-8e91-7fe0b70c9d82)
2025-10-05 00:49:38,713 - tmdl - INFO - Token decoded: user@gmail.com (Role: sch_teacher, School: None, individual ID: 791dbae6-21e7-4b48-bb82-5c378aca8886)
2025-10-05 00:49:38,738 - tmdl - INFO - Current user resolved: user@gmail.com (ID: 7bed2b69-8000-4b36-8e91-7fe0b70c9d82)
2025-10-05 00:49:38,825 - tmdl - INFO - Successfully fetched user info from ERP
2025-10-05 00:49:40,309 - tmdl - INFO - Token decoded: user@gmail.com (Role: sch_teacher, School: None, individual ID: 791dbae6-21e7-4b48-bb82-5c378aca8886)
2025-10-05 00:49:40,342 - tmdl - INFO - Current user resolved: user@gmail.com (ID: 7bed2b69-8000-4b36-8e91-7fe0b70c9d82)
2025-10-05 00:49:53,144 - tmdl - INFO - Token decoded: user@gmail.com (Role: sch_teacher, School: None, individual ID: 791dbae6-21e7-4b48-bb82-5c378aca8886)
2025-10-05 00:49:53,195 - tmdl - INFO - Current user resolved: user@gmail.com (ID: 7bed2b69-8000-4b36-8e91-7fe0b70c9d82)
2025-10-05 00:50:40,302 - tmdl - INFO - Token decoded: user@gmail.com (Role: sch_teacher, School: None, individual ID: 791dbae6-21e7-4b48-bb82-5c378aca8886)
2025-10-05 00:50:40,318 - tmdl - INFO - Current user resolved: user@gmail.com (ID: 7bed2b69-8000-4b36-8e91-7fe0b70c9d82)
2025-10-05 00:51:01,969 - tmdl - INFO - Token decoded: user@gmail.com (Role: sch_teacher, School: None, individual ID: 791dbae6-21e7-4b48-bb82-5c378aca8886)
2025-10-05 00:51:02,157 - tmdl - INFO - Current user resolved: user@gmail.com (ID: 7bed2b69-8000-4b36-8e91-7fe0b70c9d82)
2025-10-05 00:51:40,308 - tmdl - INFO - Token decoded: user@gmail.com (Role: sch_teacher, School: None, individual ID: 791dbae6-21e7-4b48-bb82-5c378aca8886)
2025-10-05 00:51:40,326 - tmdl - INFO - Current user resolved: user@gmail.com (ID: 7bed2b69-8000-4b36-8e91-7fe0b70c9d82)
2025-10-05 00:51:46,589 - tmdl - INFO - Token decoded: user@gmail.com (Role: sch_teacher, School: None, individual ID: 791dbae6-21e7-4b48-bb82-5c378aca8886)
2025-10-05 00:51:46,595 - tmdl - INFO - Current user resolved: user@gmail.com (ID: 7bed2b69-8000-4b36-8e91-7fe0b70c9d82)
2025-10-05 00:51:46,613 - tmdl - INFO - 🚀 Processing calendar upload for teacher: 7bed2b69-8000-4b36-8e91-7fe0b70c9d82
2025-10-05 00:51:46,613 - tmdl - INFO - 📁 Received file: Revised 2024-2025 Academic Calendar - January 2025.pdf, size: 176897, content_type: application/pdf
2025-10-05 00:51:46,614 - tmdl - INFO - ⚙️ Advanced settings: academic_year=2025, institution_type=university, semester_type=semester, current_semester=1, has_multiple_cohorts=False, cohort_levels=None
2025-10-05 00:51:46,619 - tmdl - INFO - 💾 File saved as: ./uploads/academic_calendar/7bed2b69-8000-4b36-8e91-7fe0b70c9d82.pdf
2025-10-05 00:51:46,620 - tmdl - INFO - ✅ File saved locally to: ./uploads/academic_calendar/7bed2b69-8000-4b36-8e91-7fe0b70c9d82.pdf
2025-10-05 00:51:46,621 - tmdl - INFO - 📂 Generated GCS file name: academic_calendar/7bed2b69-8000-4b36-8e91-7fe0b70c9d82.pdf
2025-10-05 00:51:46,622 - tmdl - INFO - 🏷️ File content type: application/pdf
2025-10-05 00:51:46,871 - tmdl - INFO - 🔗 Generating signed URL for academic_calendar/7bed2b69-8000-4b36-8e91-7fe0b70c9d82.pdf
2025-10-05 00:51:46,872 - tmdl - INFO - 📦 Bucket: teacher_module_acatable_bucket, Content-Type: application/pdf, Expiration: 86400 seconds
2025-10-05 00:51:46,898 - tmdl - INFO - ✅ Generated signed URL for academic_calendar/7bed2b69-8000-4b36-8e91-7fe0b70c9d82.pdf with content-type application/pdf, expiring in 86400 seconds
2025-10-05 00:51:46,899 - tmdl - INFO - 📏 Signed URL length: 895 characters
2025-10-05 00:51:46,900 - tmdl - INFO - 🔗 Generated signed URL for GCS upload
2025-10-05 00:51:47,113 - tmdl - INFO - [JOB] Calendar processing job queued for teacher 7bed2b69-8000-4b36-8e91-7fe0b70c9d82: 3877b85a476447e38068eaab4f83c607
2025-10-05 00:51:47,636 - tmdl - INFO - 🚀 Starting academic calendar file processing for teacher: 7bed2b69-8000-4b36-8e91-7fe0b70c9d82, file: ./uploads/academic_calendar/7bed2b69-8000-4b36-8e91-7fe0b70c9d82.pdf
2025-10-05 00:51:47,681 - tmdl - INFO - GCS file name: academic_calendar/7bed2b69-8000-4b36-8e91-7fe0b70c9d82.pdf
2025-10-05 00:51:47,685 - tmdl - INFO - Additional data length: 120
2025-10-05 00:51:47,695 - tmdl - INFO - Current working directory: C:\Users\HP\tmdl5
2025-10-05 00:51:47,700 - tmdl - INFO - File path exists: True
2025-10-05 00:51:47,706 - tmdl - INFO - File size: 176897 bytes
2025-10-05 00:51:47,708 - tmdl - INFO - Sending initial status message
2025-10-05 00:51:47,717 - tmdl - INFO - Teacher ID: 7bed2b69-8000-4b36-8e91-7fe0b70c9d82
2025-10-05 00:51:47,721 - tmdl - INFO - File path: ./uploads/academic_calendar/7bed2b69-8000-4b36-8e91-7fe0b70c9d82.pdf
2025-10-05 00:51:47,737 - tmdl - INFO - 🔍 [DEDUPLICATION] Checking message hash: 1583482125d3b9c0f68c2f17030a5c73 for key: started__Processing academic calendar file..._
2025-10-05 00:51:47,740 - tmdl - INFO - 🔍 [DEDUPLICATION] Local sent_messages set size: 0
2025-10-05 00:51:47,742 - tmdl - INFO - 🔍 [DEDUPLICATION] Global SENT_MESSAGES set size: 0
2025-10-05 00:51:47,747 - tmdl - INFO - 🔍 [DEDUPLICATION] Message content: {'status': 'started', 'message': 'Processing academic calendar file...', 'teacher_id': '7bed2b69-8000-4b36-8e91-7fe0b70c9d82', 'file_path': './uploads/academic_calendar/7bed2b69-8000-4b36-8e91-7fe0b70c9d82.pdf'}
2025-10-05 00:51:47,749 - tmdl - INFO - 🔍 [DEDUPLICATION] Message status: started
2025-10-05 00:51:47,751 - tmdl - INFO - 🔍 [DEDUPLICATION] Message type: 
2025-10-05 00:51:47,752 - tmdl - INFO - 🔍 [DEDUPLICATION] Message text: Processing academic calendar file...
2025-10-05 00:51:47,753 - tmdl - INFO - ➕ [DEDUPLICATION] Adding message hash to both local and global sent_messages: 1583482125d3b9c0f68c2f17030a5c73
2025-10-05 00:51:47,754 - tmdl - INFO - ➕ [DEDUPLICATION] Local set now contains 1 items
2025-10-05 00:51:47,755 - tmdl - INFO - ➕ [DEDUPLICATION] Global set now contains 1 items
2025-10-05 00:51:47,756 - tmdl - INFO - Sending WebSocket message to teacher 7bed2b69-8000-4b36-8e91-7fe0b70c9d82
2025-10-05 00:51:47,757 - tmdl - INFO - Message content: {'status': 'started', 'message': 'Processing academic calendar file...', 'teacher_id': '7bed2b69-8000-4b36-8e91-7fe0b70c9d82', 'file_path': './uploads/academic_calendar/7bed2b69-8000-4b36-8e91-7fe0b70c9d82.pdf'}
2025-10-05 00:51:48,983 - tmdl - INFO - Notification saved for teacher 7bed2b69-8000-4b36-8e91-7fe0b70c9d82: Schedule Update
2025-10-05 00:51:49,014 - tmdl - INFO - [Redis] Published to ws:teacher:7bed2b69-8000-4b36-8e91-7fe0b70c9d82: {'status': 'started', 'message': 'Processing academic calendar file...', 'teacher_id': '7bed2b69-8000-4b36-8e91-7fe0b70c9d82', 'file_path': './uploads/academic_calendar/7bed2b69-8000-4b36-8e91-7fe0b70c9d82.pdf'}
2025-10-05 00:51:49,017 - tmdl - INFO - ✅ [DEDUPLICATION] Sent unique WebSocket message with hash: 1583482125d3b9c0f68c2f17030a5c73
2025-10-05 00:51:49,050 - tmdl - INFO - Initial status message sent successfully, result: True
2025-10-05 00:51:49,061 - tmdl - INFO - Checking if file exists: ./uploads/academic_calendar/7bed2b69-8000-4b36-8e91-7fe0b70c9d82.pdf
2025-10-05 00:51:49,066 - tmdl - INFO - File exists: True
2025-10-05 00:51:49,069 - tmdl - INFO - Detecting file type for: ./uploads/academic_calendar/7bed2b69-8000-4b36-8e91-7fe0b70c9d82.pdf
2025-10-05 00:51:49,080 - tmdl - INFO - File path exists: True
2025-10-05 00:51:49,084 - tmdl - INFO - File size: 176897 bytes
2025-10-05 00:51:49,099 - tmdl - INFO - File extension: pdf
2025-10-05 00:51:49,108 - tmdl - INFO - Detected file type: pdf
2025-10-05 00:51:49,118 - tmdl - INFO - Supported extensions: ['pdf', 'jpg', 'jpeg', 'png', 'bmp', 'tiff', 'docx', 'xlsx', 'xls', 'txt']
2025-10-05 00:51:49,127 - tmdl - INFO - 🔍 Detected file type: pdf
2025-10-05 00:51:49,129 - tmdl - INFO - File extension: .pdf
2025-10-05 00:51:49,132 - tmdl - INFO - Sending text extraction progress message
2025-10-05 00:51:49,137 - tmdl - INFO - File type: pdf
2025-10-05 00:51:49,141 - tmdl - INFO - 🔍 [DEDUPLICATION] Checking message hash: f2c8ed8331fceda06790635ef28a8c0f for key: processing__Extracting text from pdf file..._
2025-10-05 00:51:49,148 - tmdl - INFO - 🔍 [DEDUPLICATION] Local sent_messages set size: 1
2025-10-05 00:51:49,152 - tmdl - INFO - 🔍 [DEDUPLICATION] Global SENT_MESSAGES set size: 1
2025-10-05 00:51:49,160 - tmdl - INFO - 🔍 [DEDUPLICATION] Message content: {'status': 'processing', 'message': 'Extracting text from pdf file...', 'teacher_id': '7bed2b69-8000-4b36-8e91-7fe0b70c9d82'}
2025-10-05 00:51:49,174 - tmdl - INFO - 🔍 [DEDUPLICATION] Message status: processing
2025-10-05 00:51:49,179 - tmdl - INFO - 🔍 [DEDUPLICATION] Message type: 
2025-10-05 00:51:49,181 - tmdl - INFO - 🔍 [DEDUPLICATION] Message text: Extracting text from pdf file...
2025-10-05 00:51:49,185 - tmdl - INFO - ➕ [DEDUPLICATION] Adding message hash to both local and global sent_messages: f2c8ed8331fceda06790635ef28a8c0f
2025-10-05 00:51:49,189 - tmdl - INFO - ➕ [DEDUPLICATION] Local set now contains 2 items
2025-10-05 00:51:49,191 - tmdl - INFO - ➕ [DEDUPLICATION] Global set now contains 2 items
2025-10-05 00:51:49,192 - tmdl - INFO - Sending WebSocket message to teacher 7bed2b69-8000-4b36-8e91-7fe0b70c9d82
2025-10-05 00:51:49,193 - tmdl - INFO - Message content: {'status': 'processing', 'message': 'Extracting text from pdf file...', 'teacher_id': '7bed2b69-8000-4b36-8e91-7fe0b70c9d82'}
2025-10-05 00:51:49,683 - tmdl - INFO - Notification saved for teacher 7bed2b69-8000-4b36-8e91-7fe0b70c9d82: Schedule Update
2025-10-05 00:51:49,689 - tmdl - INFO - [Redis] Published to ws:teacher:7bed2b69-8000-4b36-8e91-7fe0b70c9d82: {'status': 'processing', 'message': 'Extracting text from pdf file...', 'teacher_id': '7bed2b69-8000-4b36-8e91-7fe0b70c9d82'}
2025-10-05 00:51:49,700 - tmdl - INFO - ✅ [DEDUPLICATION] Sent unique WebSocket message with hash: f2c8ed8331fceda06790635ef28a8c0f
2025-10-05 00:51:49,701 - tmdl - INFO - Text extraction progress message sent successfully, result: True
2025-10-05 00:51:49,702 - tmdl - INFO - Extracting text from pdf file
2025-10-05 00:51:49,705 - tmdl - INFO - 📄 Extracting text from PDF: ./uploads/academic_calendar/7bed2b69-8000-4b36-8e91-7fe0b70c9d82.pdf
2025-10-05 00:51:49,707 - tmdl - INFO - Trying pdfplumber for digital PDFs
2025-10-05 00:51:50,005 - tmdl - INFO - Processing page 1/3
2025-10-05 00:51:51,210 - tmdl - INFO - Processing page 2/3
2025-10-05 00:51:52,136 - tmdl - INFO - Processing page 3/3
2025-10-05 00:51:53,761 - tmdl - INFO - ✅ Successfully extracted text using pdfplumber: 6251 characters
2025-10-05 00:51:53,763 - tmdl - INFO - 📄 Extracted 6251 characters from file
2025-10-05 00:51:53,764 - tmdl - INFO - First 200 characters of extracted text: ACADEMIC CALENDAR
2024/2025 ACADEMIC YEAR
FIRST SEMESTER (REVISED)
LEVELS 200, 300 & 400 STUDENTS
ACTIVITY SCHEDULE (12 WEEKS OF TEACHING)
Deadline for Uploading Courses and Linking of First Semester 
2025-10-05 00:51:53,765 - tmdl - INFO - Sending AI processing progress message
2025-10-05 00:51:53,766 - tmdl - INFO - Extracted text length: 6251
2025-10-05 00:51:53,767 - tmdl - INFO - 🔍 [DEDUPLICATION] Checking message hash: b738f4a85418b0db47213ba878e2bca1 for key: processing__Processing extracted text with AI..._
2025-10-05 00:51:53,768 - tmdl - INFO - 🔍 [DEDUPLICATION] Local sent_messages set size: 2
2025-10-05 00:51:53,769 - tmdl - INFO - 🔍 [DEDUPLICATION] Global SENT_MESSAGES set size: 2
2025-10-05 00:51:53,770 - tmdl - INFO - 🔍 [DEDUPLICATION] Message content: {'status': 'processing', 'message': 'Processing extracted text with AI...', 'teacher_id': '7bed2b69-8000-4b36-8e91-7fe0b70c9d82', 'extracted_text_length': 6251}
2025-10-05 00:51:53,772 - tmdl - INFO - 🔍 [DEDUPLICATION] Message status: processing
2025-10-05 00:51:53,773 - tmdl - INFO - 🔍 [DEDUPLICATION] Message type: 
2025-10-05 00:51:53,775 - tmdl - INFO - 🔍 [DEDUPLICATION] Message text: Processing extracted text with AI...
2025-10-05 00:51:53,778 - tmdl - INFO - ➕ [DEDUPLICATION] Adding message hash to both local and global sent_messages: b738f4a85418b0db47213ba878e2bca1
2025-10-05 00:51:53,783 - tmdl - INFO - ➕ [DEDUPLICATION] Local set now contains 3 items
2025-10-05 00:51:53,784 - tmdl - INFO - ➕ [DEDUPLICATION] Global set now contains 3 items
2025-10-05 00:51:53,785 - tmdl - INFO - Sending WebSocket message to teacher 7bed2b69-8000-4b36-8e91-7fe0b70c9d82
2025-10-05 00:51:53,786 - tmdl - INFO - Message content: {'status': 'processing', 'message': 'Processing extracted text with AI...', 'teacher_id': '7bed2b69-8000-4b36-8e91-7fe0b70c9d82', 'extracted_text_length': 6251}
2025-10-05 00:51:53,841 - tmdl - INFO - Notification saved for teacher 7bed2b69-8000-4b36-8e91-7fe0b70c9d82: Schedule Update
2025-10-05 00:51:53,860 - tmdl - INFO - [Redis] Published to ws:teacher:7bed2b69-8000-4b36-8e91-7fe0b70c9d82: {'status': 'processing', 'message': 'Processing extracted text with AI...', 'teacher_id': '7bed2b69-8000-4b36-8e91-7fe0b70c9d82', 'extracted_text_length': 6251}
2025-10-05 00:51:53,881 - tmdl - INFO - ✅ [DEDUPLICATION] Sent unique WebSocket message with hash: b738f4a85418b0db47213ba878e2bca1
2025-10-05 00:51:53,906 - tmdl - INFO - AI processing progress message sent successfully, result: True
2025-10-05 00:51:53,929 - tmdl - INFO - Sending extracted text to AI for processing
2025-10-05 00:51:53,931 - tmdl - INFO - GEMINI_API_KEY available: True
2025-10-05 00:51:53,932 - tmdl - INFO - GCS_BUCKET_NAME: teacher_module_acatable_bucket
2025-10-05 00:51:53,934 - tmdl - INFO - GCS file name: academic_calendar/7bed2b69-8000-4b36-8e91-7fe0b70c9d82.pdf
2025-10-05 00:51:53,935 - tmdl - INFO - Additional data length: 120
2025-10-05 00:52:11,895 - tmdl - INFO - AI result received: <class 'dict'>
2025-10-05 00:52:11,896 - tmdl - INFO - AI result keys: ['semester_name', 'semester_start_date', 'semester_end_date', 'mid_semester_break_start_date', 'mid_semester_break_end_date', 'midsem_exams_date', 'revision_start_date', 'calendar_events']
2025-10-05 00:52:11,897 - tmdl - INFO - AI processing successful, no error in result
2025-10-05 00:52:11,898 - tmdl - INFO - AI processing successful
2025-10-05 00:52:11,899 - tmdl - INFO - AI result type: <class 'dict'>
2025-10-05 00:52:11,899 - tmdl - INFO - AI result keys: ['semester_name', 'semester_start_date', 'semester_end_date', 'mid_semester_break_start_date', 'mid_semester_break_end_date', 'midsem_exams_date', 'revision_start_date', 'calendar_events']
2025-10-05 00:52:11,900 - tmdl - INFO - AI result semester_name: First Semester 2024/2025
2025-10-05 00:52:11,901 - tmdl - INFO - AI result calendar_events count: 28
2025-10-05 00:52:11,901 - tmdl - INFO - First calendar event: {'event_name': 'Deadline for Uploading Courses and Linking of First Semester Courses to Lecturers', 'event_start_date': '2024-08-19', 'event_end_date': '2024-08-19', 'is_holiday': False, 'requires_no_classes': False}
2025-10-05 00:52:11,902 - tmdl - INFO - AI result: {'semester_name': 'First Semester 2024/2025', 'semester_start_date': '2024-11-04', 'semester_end_date': '2025-02-14', 'mid_semester_break_start_date': '2024-12-06', 'mid_semester_break_end_date': '2024-12-08', 'midsem_exams_date': '2024-12-09', 'revision_start_date': '2025-02-10', 'calendar_events': [{'event_name': 'Deadline for Uploading Courses and Linking of First Semester Courses to Lecturers', 'event_start_date': '2024-08-19', 'event_end_date': '2024-08-19', 'is_holiday': False, 'requires_no_classes': False}, {'event_name': 'Registration (LEVELS 200, 300 & 400)', 'event_start_date': '2024-09-04', 'event_end_date': '2024-11-08', 'is_holiday': False, 'requires_no_classes': True}, {'event_name': 'Add/Drop of Courses/Deferment', 'event_start_date': '2024-09-04', 'event_end_date': '2024-11-08', 'is_holiday': False, 'requires_no_classes': True}, {'event_name': 'Registration for Re-sit of First Semester Courses', 'event_start_date': '2024-10-28', 'event_end_date': '2024-11-15', 'is_holiday': False, 'requires_no_classes': True}, {'event_name': 'Continuing Students Report', 'event_start_date': '2024-10-31', 'event_end_date': '2024-11-03', 'is_holiday': False, 'requires_no_classes': True}, {'event_name': 'Teaching Begins', 'event_start_date': '2024-11-04', 'event_end_date': '2024-11-04', 'is_holiday': False, 'requires_no_classes': False}, {'event_name': 'Break for Farmers’ Day and Elections 2024', 'event_start_date': '2024-12-06', 'event_end_date': '2024-12-08', 'is_holiday': True, 'requires_no_classes': True}, {'event_name': 'Interim Assessment', 'event_start_date': '2024-12-09', 'event_end_date': '2024-12-22', 'is_holiday': False, 'requires_no_classes': False}, {'event_name': 'Registration for Supplementary Re-sit Exams for Second Semester Courses', 'event_start_date': '2024-12-09', 'event_end_date': '2024-12-13', 'is_holiday': False, 'requires_no_classes': True}, {'event_name': 'UG OPEN DAY', 'event_start_date': '2024-12-11', 'event_end_date': '2024-12-13', 'is_holiday': False, 'requires_no_classes': False}, {'event_name': 'Christmas Break', 'event_start_date': '2024-12-21', 'event_end_date': '2025-01-06', 'is_holiday': True, 'requires_no_classes': True}, {'event_name': 'Christmas Day', 'event_start_date': '2024-12-25', 'event_end_date': '2024-12-25', 'is_holiday': True, 'requires_no_classes': True}, {'event_name': 'Boxing Day', 'event_start_date': '2024-12-26', 'event_end_date': '2024-12-26', 'is_holiday': True, 'requires_no_classes': True}, {'event_name': 'New Year’s Day', 'event_start_date': '2025-01-01', 'event_end_date': '2025-01-01', 'is_holiday': True, 'requires_no_classes': True}, {'event_name': 'Teaching resumes', 'event_start_date': '2025-01-08', 'event_end_date': '2025-01-08', 'is_holiday': False, 'requires_no_classes': False}, {'event_name': 'Constitution Day', 'event_start_date': '2025-01-07', 'event_end_date': '2025-01-07', 'is_holiday': True, 'requires_no_classes': True}, {'event_name': 'Students’ Evaluation of Lecturers', 'event_start_date': '2025-01-27', 'event_end_date': '2025-02-07', 'is_holiday': False, 'requires_no_classes': False}, {'event_name': 'Teaching Ends', 'event_start_date': '2025-02-07', 'event_end_date': '2025-02-07', 'is_holiday': False, 'requires_no_classes': False}, {'event_name': 'Revision', 'event_start_date': '2025-02-10', 'event_end_date': '2025-02-14', 'is_holiday': False, 'requires_no_classes': True}, {'event_name': 'First Semester Examinations', 'event_start_date': '2025-02-15', 'event_end_date': '2025-03-09', 'is_holiday': False, 'requires_no_classes': True}, {'event_name': 'Independence Day', 'event_start_date': '2025-03-06', 'event_end_date': '2025-03-06', 'is_holiday': True, 'requires_no_classes': True}, {'event_name': 'Supplementary Re-Sit Examinations for Second Semester Courses', 'event_start_date': '2025-03-10', 'event_end_date': '2025-03-21', 'is_holiday': False, 'requires_no_classes': True}, {'event_name': 'Inter-Semester Break', 'event_start_date': '2025-03-10', 'event_end_date': '2025-05-22', 'is_holiday': True, 'requires_no_classes': True}, {'event_name': 'Good Friday', 'event_start_date': '2025-04-18', 'event_end_date': '2025-04-18', 'is_holiday': True, 'requires_no_classes': True}, {'event_name': 'Easter Monday', 'event_start_date': '2025-04-21', 'event_end_date': '2025-04-21', 'is_holiday': True, 'requires_no_classes': True}, {'event_name': 'May Day', 'event_start_date': '2025-05-01', 'event_end_date': '2025-05-01', 'is_holiday': True, 'requires_no_classes': True}, {'event_name': 'Founders’ Day', 'event_start_date': '2025-08-04', 'event_end_date': '2025-08-04', 'is_holiday': True, 'requires_no_classes': True}, {'event_name': 'Kwame Nkrumah Mem. Day', 'event_start_date': '2025-09-21', 'event_end_date': '2025-09-21', 'is_holiday': True, 'requires_no_classes': True}]}
2025-10-05 00:52:11,909 - tmdl - INFO - Validating calendar data. Data type: <class 'dict'>
2025-10-05 00:52:11,910 - tmdl - INFO - 🔍 Calendar data structure: <class 'dict'>
2025-10-05 00:52:11,910 - tmdl - INFO - 🔍 Calendar data keys: ['semester_name', 'semester_start_date', 'semester_end_date', 'mid_semester_break_start_date', 'mid_semester_break_end_date', 'midsem_exams_date', 'revision_start_date', 'calendar_events']
2025-10-05 00:52:11,911 - tmdl - INFO - Has root calendar fields: True
2025-10-05 00:52:11,912 - tmdl - INFO - Has calendar events: True
2025-10-05 00:52:11,913 - tmdl - INFO - ✅ Academic calendar data is correctly structured from AI response
2025-10-05 00:52:11,914 - tmdl - INFO - 📊 Found academic calendar with 28 events
2025-10-05 00:52:11,915 - tmdl - INFO - 📋 Calendar data keys: ['academic_calendar', 'calendar_events']
2025-10-05 00:52:11,916 - tmdl - INFO - 📋 Academic calendar data: {'semester_name': 'First Semester 2024/2025', 'semester_start_date': '2024-11-04', 'semester_end_date': '2025-02-14', 'mid_semester_break_start_date': '2024-12-06', 'mid_semester_break_end_date': '2024-12-08', 'midsem_exams_date': '2024-12-09', 'revision_start_date': '2025-02-10'}
2025-10-05 00:52:11,917 - tmdl - INFO - 📋 Academic calendar keys: ['semester_name', 'semester_start_date', 'semester_end_date', 'mid_semester_break_start_date', 'mid_semester_break_end_date', 'midsem_exams_date', 'revision_start_date']
2025-10-05 00:52:11,918 - tmdl - INFO - 📋 First calendar event: {'event_name': 'Deadline for Uploading Courses and Linking of First Semester Courses to Lecturers', 'event_start_date': '2024-08-19', 'event_end_date': '2024-08-19', 'is_holiday': False, 'requires_no_classes': False}
2025-10-05 00:52:11,919 - tmdl - INFO - Sending saving progress message
2025-10-05 00:52:11,920 - tmdl - INFO - Calendar events count: 28
2025-10-05 00:52:11,921 - tmdl - INFO - 🔍 [DEDUPLICATION] Checking message hash: 35c88aaea33e7681023ea19d03aaefeb for key: processing__Saving academic calendar with 28 events..._28
2025-10-05 00:52:11,921 - tmdl - INFO - 🔍 [DEDUPLICATION] Local sent_messages set size: 3
2025-10-05 00:52:11,922 - tmdl - INFO - 🔍 [DEDUPLICATION] Global SENT_MESSAGES set size: 3
2025-10-05 00:52:11,923 - tmdl - INFO - 🔍 [DEDUPLICATION] Message content: {'status': 'processing', 'message': 'Saving academic calendar with 28 events...', 'teacher_id': '7bed2b69-8000-4b36-8e91-7fe0b70c9d82', 'event_count': 28}
2025-10-05 00:52:11,923 - tmdl - INFO - 🔍 [DEDUPLICATION] Message status: processing
2025-10-05 00:52:11,924 - tmdl - INFO - 🔍 [DEDUPLICATION] Message type: 
2025-10-05 00:52:11,924 - tmdl - INFO - 🔍 [DEDUPLICATION] Message text: Saving academic calendar with 28 events...
2025-10-05 00:52:11,925 - tmdl - INFO - ➕ [DEDUPLICATION] Adding message hash to both local and global sent_messages: 35c88aaea33e7681023ea19d03aaefeb
2025-10-05 00:52:11,926 - tmdl - INFO - ➕ [DEDUPLICATION] Local set now contains 4 items
2025-10-05 00:52:11,926 - tmdl - INFO - ➕ [DEDUPLICATION] Global set now contains 4 items
2025-10-05 00:52:11,927 - tmdl - INFO - Sending WebSocket message to teacher 7bed2b69-8000-4b36-8e91-7fe0b70c9d82
2025-10-05 00:52:11,927 - tmdl - INFO - Message content: {'status': 'processing', 'message': 'Saving academic calendar with 28 events...', 'teacher_id': '7bed2b69-8000-4b36-8e91-7fe0b70c9d82', 'event_count': 28}
2025-10-05 00:52:11,941 - tmdl - INFO - Notification saved for teacher 7bed2b69-8000-4b36-8e91-7fe0b70c9d82: Schedule Update
2025-10-05 00:52:11,945 - tmdl - INFO - [Redis] Published to ws:teacher:7bed2b69-8000-4b36-8e91-7fe0b70c9d82: {'status': 'processing', 'message': 'Saving academic calendar with 28 events...', 'teacher_id': '7bed2b69-8000-4b36-8e91-7fe0b70c9d82', 'event_count': 28}
2025-10-05 00:52:11,955 - tmdl - INFO - ✅ [DEDUPLICATION] Sent unique WebSocket message with hash: 35c88aaea33e7681023ea19d03aaefeb
2025-10-05 00:52:11,959 - tmdl - INFO - Saving progress message sent successfully, result: True
2025-10-05 00:52:12,020 - tmdl - INFO - Teacher lookup result: True
2025-10-05 00:52:12,022 - tmdl - INFO - Teacher ID: 7bed2b69-8000-4b36-8e91-7fe0b70c9d82
2025-10-05 00:52:12,023 - tmdl - INFO - Teacher display name: prince yeboah
2025-10-05 00:52:12,024 - tmdl - INFO - Querying existing TempExtract entries
2025-10-05 00:52:12,025 - tmdl - INFO - Teacher ID: 7bed2b69-8000-4b36-8e91-7fe0b70c9d82
2025-10-05 00:52:12,025 - tmdl - INFO - Entry type: academic calendar
2025-10-05 00:52:12,045 - tmdl - INFO - 🔍 Found 1 existing TempExtract entries
2025-10-05 00:52:12,080 - tmdl - INFO - Existing entry ID: e3be5240-3e29-4622-8f0f-907fc7487587, Created at: 2025-10-04 23:42:58.319218
2025-10-05 00:52:12,084 - tmdl - INFO - Deleting existing TempExtract entry: e3be5240-3e29-4622-8f0f-907fc7487587
2025-10-05 00:52:12,124 - tmdl - INFO - 🗑️ Deleted 1 existing TempExtract entries for teacher 7bed2b69-8000-4b36-8e91-7fe0b70c9d82
2025-10-05 00:52:12,126 - tmdl - INFO - Prepared temp_data structure: ['academic_calendar', 'calendar_events', 'event_count', 'extracted_at']
2025-10-05 00:52:12,129 - tmdl - INFO - Academic calendar in temp_data: {'semester_name': 'First Semester 2024/2025', 'semester_start_date': '2024-11-04', 'semester_end_date': '2025-02-14', 'mid_semester_break_start_date': '2024-12-06', 'mid_semester_break_end_date': '2024-12-08', 'midsem_exams_date': '2024-12-09', 'revision_start_date': '2025-02-10'}
2025-10-05 00:52:12,132 - tmdl - INFO - Event count in temp_data: 28
2025-10-05 00:52:12,133 - tmdl - INFO - Extracted at timestamp: 2025-10-04T23:52:12.126260
2025-10-05 00:52:12,134 - tmdl - INFO - Processing 28 calendar events
2025-10-05 00:52:12,135 - tmdl - INFO - Processing event 1/28
2025-10-05 00:52:12,139 - tmdl - INFO - Event data keys: ['event_name', 'event_start_date', 'event_end_date', 'is_holiday', 'requires_no_classes']
2025-10-05 00:52:12,141 - tmdl - INFO - Processing event 2/28
2025-10-05 00:52:12,142 - tmdl - INFO - Event data keys: ['event_name', 'event_start_date', 'event_end_date', 'is_holiday', 'requires_no_classes']
2025-10-05 00:52:12,143 - tmdl - INFO - Processing event 3/28
2025-10-05 00:52:12,144 - tmdl - INFO - Event data keys: ['event_name', 'event_start_date', 'event_end_date', 'is_holiday', 'requires_no_classes']
2025-10-05 00:52:12,145 - tmdl - INFO - Processing event 4/28
2025-10-05 00:52:12,145 - tmdl - INFO - Event data keys: ['event_name', 'event_start_date', 'event_end_date', 'is_holiday', 'requires_no_classes']
2025-10-05 00:52:12,147 - tmdl - INFO - Processing event 5/28
2025-10-05 00:52:12,148 - tmdl - INFO - Event data keys: ['event_name', 'event_start_date', 'event_end_date', 'is_holiday', 'requires_no_classes']
2025-10-05 00:52:12,155 - tmdl - INFO - Processing event 6/28
2025-10-05 00:52:12,158 - tmdl - INFO - Event data keys: ['event_name', 'event_start_date', 'event_end_date', 'is_holiday', 'requires_no_classes']
2025-10-05 00:52:12,161 - tmdl - INFO - Processing event 7/28
2025-10-05 00:52:12,162 - tmdl - INFO - Event data keys: ['event_name', 'event_start_date', 'event_end_date', 'is_holiday', 'requires_no_classes']
2025-10-05 00:52:12,163 - tmdl - INFO - Processing event 8/28
2025-10-05 00:52:12,163 - tmdl - INFO - Event data keys: ['event_name', 'event_start_date', 'event_end_date', 'is_holiday', 'requires_no_classes']
2025-10-05 00:52:12,164 - tmdl - INFO - Processing event 9/28
2025-10-05 00:52:12,170 - tmdl - INFO - Event data keys: ['event_name', 'event_start_date', 'event_end_date', 'is_holiday', 'requires_no_classes']
2025-10-05 00:52:12,177 - tmdl - INFO - Processing event 10/28
2025-10-05 00:52:12,178 - tmdl - INFO - Event data keys: ['event_name', 'event_start_date', 'event_end_date', 'is_holiday', 'requires_no_classes']
2025-10-05 00:52:12,180 - tmdl - INFO - Processing event 11/28
2025-10-05 00:52:12,181 - tmdl - INFO - Event data keys: ['event_name', 'event_start_date', 'event_end_date', 'is_holiday', 'requires_no_classes']
2025-10-05 00:52:12,184 - tmdl - INFO - Processing event 12/28
2025-10-05 00:52:12,184 - tmdl - INFO - Event data keys: ['event_name', 'event_start_date', 'event_end_date', 'is_holiday', 'requires_no_classes']
2025-10-05 00:52:12,189 - tmdl - INFO - Processing event 13/28
2025-10-05 00:52:12,193 - tmdl - INFO - Event data keys: ['event_name', 'event_start_date', 'event_end_date', 'is_holiday', 'requires_no_classes']
2025-10-05 00:52:12,194 - tmdl - INFO - Processing event 14/28
2025-10-05 00:52:12,227 - tmdl - INFO - Event data keys: ['event_name', 'event_start_date', 'event_end_date', 'is_holiday', 'requires_no_classes']
2025-10-05 00:52:12,230 - tmdl - INFO - Processing event 15/28
2025-10-05 00:52:12,232 - tmdl - INFO - Event data keys: ['event_name', 'event_start_date', 'event_end_date', 'is_holiday', 'requires_no_classes']
2025-10-05 00:52:12,234 - tmdl - INFO - Processing event 16/28
2025-10-05 00:52:12,240 - tmdl - INFO - Event data keys: ['event_name', 'event_start_date', 'event_end_date', 'is_holiday', 'requires_no_classes']
2025-10-05 00:52:12,242 - tmdl - INFO - Processing event 17/28
2025-10-05 00:52:12,244 - tmdl - INFO - Event data keys: ['event_name', 'event_start_date', 'event_end_date', 'is_holiday', 'requires_no_classes']
2025-10-05 00:52:12,246 - tmdl - INFO - Processing event 18/28
2025-10-05 00:52:12,248 - tmdl - INFO - Event data keys: ['event_name', 'event_start_date', 'event_end_date', 'is_holiday', 'requires_no_classes']
2025-10-05 00:52:12,250 - tmdl - INFO - Processing event 19/28
2025-10-05 00:52:12,257 - tmdl - INFO - Event data keys: ['event_name', 'event_start_date', 'event_end_date', 'is_holiday', 'requires_no_classes']
2025-10-05 00:52:12,260 - tmdl - INFO - Processing event 20/28
2025-10-05 00:52:12,263 - tmdl - INFO - Event data keys: ['event_name', 'event_start_date', 'event_end_date', 'is_holiday', 'requires_no_classes']
2025-10-05 00:52:12,267 - tmdl - INFO - Processing event 21/28
2025-10-05 00:52:12,269 - tmdl - INFO - Event data keys: ['event_name', 'event_start_date', 'event_end_date', 'is_holiday', 'requires_no_classes']
2025-10-05 00:52:12,277 - tmdl - INFO - Processing event 22/28
2025-10-05 00:52:12,315 - tmdl - INFO - Event data keys: ['event_name', 'event_start_date', 'event_end_date', 'is_holiday', 'requires_no_classes']
2025-10-05 00:52:12,317 - tmdl - INFO - Processing event 23/28
2025-10-05 00:52:12,324 - tmdl - INFO - Event data keys: ['event_name', 'event_start_date', 'event_end_date', 'is_holiday', 'requires_no_classes']
2025-10-05 00:52:12,326 - tmdl - INFO - Processing event 24/28
2025-10-05 00:52:12,328 - tmdl - INFO - Event data keys: ['event_name', 'event_start_date', 'event_end_date', 'is_holiday', 'requires_no_classes']
2025-10-05 00:52:12,329 - tmdl - INFO - Processing event 25/28
2025-10-05 00:52:12,330 - tmdl - INFO - Event data keys: ['event_name', 'event_start_date', 'event_end_date', 'is_holiday', 'requires_no_classes']
2025-10-05 00:52:12,331 - tmdl - INFO - Processing event 26/28
2025-10-05 00:52:12,332 - tmdl - INFO - Event data keys: ['event_name', 'event_start_date', 'event_end_date', 'is_holiday', 'requires_no_classes']
2025-10-05 00:52:12,333 - tmdl - INFO - Processing event 27/28
2025-10-05 00:52:12,334 - tmdl - INFO - Event data keys: ['event_name', 'event_start_date', 'event_end_date', 'is_holiday', 'requires_no_classes']
2025-10-05 00:52:12,335 - tmdl - INFO - Processing event 28/28
2025-10-05 00:52:12,337 - tmdl - INFO - Event data keys: ['event_name', 'event_start_date', 'event_end_date', 'is_holiday', 'requires_no_classes']
2025-10-05 00:52:12,340 - tmdl - INFO - Processed calendar events count: 28
2025-10-05 00:52:12,346 - tmdl - INFO - First event keys: ['event_name', 'event_start_date', 'event_end_date', 'is_holiday', 'requires_no_classes']
2025-10-05 00:52:12,355 - tmdl - INFO - 💾 Saving TempExtract data: {'academic_calendar': {'semester_name': 'First Semester 2024/2025', 'semester_start_date': '2024-11-04', 'semester_end_date': '2025-02-14', 'mid_semester_break_start_date': '2024-12-06', 'mid_semester_break_end_date': '2024-12-08', 'midsem_exams_date': '2024-12-09', 'revision_start_date': '2025-02-10'}, 'calendar_events': [{'event_name': 'Deadline for Uploading Courses and Linking of First Semester Courses to Lecturers', 'event_start_date': '2024-08-19', 'event_end_date': '2024-08-19', 'is_holiday': False, 'requires_no_classes': False}, {'event_name': 'Registration (LEVELS 200, 300 & 400)', 'event_start_date': '2024-09-04', 'event_end_date': '2024-11-08', 'is_holiday': False, 'requires_no_classes': True}, {'event_name': 'Add/Drop of Courses/Deferment', 'event_start_date': '2024-09-04', 'event_end_date': '2024-11-08', 'is_holiday': False, 'requires_no_classes': True}, {'event_name': 'Registration for Re-sit of First Semester Courses', 'event_start_date': '2024-10-28', 'event_end_date': '2024-11-15', 'is_holiday': False, 'requires_no_classes': True}, {'event_name': 'Continuing Students Report', 'event_start_date': '2024-10-31', 'event_end_date': '2024-11-03', 'is_holiday': False, 'requires_no_classes': True}, {'event_name': 'Teaching Begins', 'event_start_date': '2024-11-04', 'event_end_date': '2024-11-04', 'is_holiday': False, 'requires_no_classes': False}, {'event_name': 'Break for Farmers’ Day and Elections 2024', 'event_start_date': '2024-12-06', 'event_end_date': '2024-12-08', 'is_holiday': True, 'requires_no_classes': True}, {'event_name': 'Interim Assessment', 'event_start_date': '2024-12-09', 'event_end_date': '2024-12-22', 'is_holiday': False, 'requires_no_classes': False}, {'event_name': 'Registration for Supplementary Re-sit Exams for Second Semester Courses', 'event_start_date': '2024-12-09', 'event_end_date': '2024-12-13', 'is_holiday': False, 'requires_no_classes': True}, {'event_name': 'UG OPEN DAY', 'event_start_date': '2024-12-11', 'event_end_date': '2024-12-13', 'is_holiday': False, 'requires_no_classes': False}, {'event_name': 'Christmas Break', 'event_start_date': '2024-12-21', 'event_end_date': '2025-01-06', 'is_holiday': True, 'requires_no_classes': True}, {'event_name': 'Christmas Day', 'event_start_date': '2024-12-25', 'event_end_date': '2024-12-25', 'is_holiday': True, 'requires_no_classes': True}, {'event_name': 'Boxing Day', 'event_start_date': '2024-12-26', 'event_end_date': '2024-12-26', 'is_holiday': True, 'requires_no_classes': True}, {'event_name': 'New Year’s Day', 'event_start_date': '2025-01-01', 'event_end_date': '2025-01-01', 'is_holiday': True, 'requires_no_classes': True}, {'event_name': 'Teaching resumes', 'event_start_date': '2025-01-08', 'event_end_date': '2025-01-08', 'is_holiday': False, 'requires_no_classes': False}, {'event_name': 'Constitution Day', 'event_start_date': '2025-01-07', 'event_end_date': '2025-01-07', 'is_holiday': True, 'requires_no_classes': True}, {'event_name': 'Students’ Evaluation of Lecturers', 'event_start_date': '2025-01-27', 'event_end_date': '2025-02-07', 'is_holiday': False, 'requires_no_classes': False}, {'event_name': 'Teaching Ends', 'event_start_date': '2025-02-07', 'event_end_date': '2025-02-07', 'is_holiday': False, 'requires_no_classes': False}, {'event_name': 'Revision', 'event_start_date': '2025-02-10', 'event_end_date': '2025-02-14', 'is_holiday': False, 'requires_no_classes': True}, {'event_name': 'First Semester Examinations', 'event_start_date': '2025-02-15', 'event_end_date': '2025-03-09', 'is_holiday': False, 'requires_no_classes': True}, {'event_name': 'Independence Day', 'event_start_date': '2025-03-06', 'event_end_date': '2025-03-06', 'is_holiday': True, 'requires_no_classes': True}, {'event_name': 'Supplementary Re-Sit Examinations for Second Semester Courses', 'event_start_date': '2025-03-10', 'event_end_date': '2025-03-21', 'is_holiday': False, 'requires_no_classes': True}, {'event_name': 'Inter-Semester Break', 'event_start_date': '2025-03-10', 'event_end_date': '2025-05-22', 'is_holiday': True, 'requires_no_classes': True}, {'event_name': 'Good Friday', 'event_start_date': '2025-04-18', 'event_end_date': '2025-04-18', 'is_holiday': True, 'requires_no_classes': True}, {'event_name': 'Easter Monday', 'event_start_date': '2025-04-21', 'event_end_date': '2025-04-21', 'is_holiday': True, 'requires_no_classes': True}, {'event_name': 'May Day', 'event_start_date': '2025-05-01', 'event_end_date': '2025-05-01', 'is_holiday': True, 'requires_no_classes': True}, {'event_name': 'Founders’ Day', 'event_start_date': '2025-08-04', 'event_end_date': '2025-08-04', 'is_holiday': True, 'requires_no_classes': True}, {'event_name': 'Kwame Nkrumah Mem. Day', 'event_start_date': '2025-09-21', 'event_end_date': '2025-09-21', 'is_holiday': True, 'requires_no_classes': True}], 'event_count': 28, 'extracted_at': '2025-10-04T23:52:12.126260'}
2025-10-05 00:52:12,367 - tmdl - INFO - Creating new TempExtract entry
2025-10-05 00:52:12,369 - tmdl - INFO - Teacher ID: 7bed2b69-8000-4b36-8e91-7fe0b70c9d82
2025-10-05 00:52:12,370 - tmdl - INFO - Entry type: academic calendar
2025-10-05 00:52:12,373 - tmdl - INFO - Temp data: {'academic_calendar': {'semester_name': 'First Semester 2024/2025', 'semester_start_date': '2024-11-04', 'semester_end_date': '2025-02-14', 'mid_semester_break_start_date': '2024-12-06', 'mid_semester_break_end_date': '2024-12-08', 'midsem_exams_date': '2024-12-09', 'revision_start_date': '2025-02-10'}, 'calendar_events': [{'event_name': 'Deadline for Uploading Courses and Linking of First Semester Courses to Lecturers', 'event_start_date': '2024-08-19', 'event_end_date': '2024-08-19', 'is_holiday': False, 'requires_no_classes': False}, {'event_name': 'Registration (LEVELS 200, 300 & 400)', 'event_start_date': '2024-09-04', 'event_end_date': '2024-11-08', 'is_holiday': False, 'requires_no_classes': True}, {'event_name': 'Add/Drop of Courses/Deferment', 'event_start_date': '2024-09-04', 'event_end_date': '2024-11-08', 'is_holiday': False, 'requires_no_classes': True}, {'event_name': 'Registration for Re-sit of First Semester Courses', 'event_start_date': '2024-10-28', 'event_end_date': '2024-11-15', 'is_holiday': False, 'requires_no_classes': True}, {'event_name': 'Continuing Students Report', 'event_start_date': '2024-10-31', 'event_end_date': '2024-11-03', 'is_holiday': False, 'requires_no_classes': True}, {'event_name': 'Teaching Begins', 'event_start_date': '2024-11-04', 'event_end_date': '2024-11-04', 'is_holiday': False, 'requires_no_classes': False}, {'event_name': 'Break for Farmers’ Day and Elections 2024', 'event_start_date': '2024-12-06', 'event_end_date': '2024-12-08', 'is_holiday': True, 'requires_no_classes': True}, {'event_name': 'Interim Assessment', 'event_start_date': '2024-12-09', 'event_end_date': '2024-12-22', 'is_holiday': False, 'requires_no_classes': False}, {'event_name': 'Registration for Supplementary Re-sit Exams for Second Semester Courses', 'event_start_date': '2024-12-09', 'event_end_date': '2024-12-13', 'is_holiday': False, 'requires_no_classes': True}, {'event_name': 'UG OPEN DAY', 'event_start_date': '2024-12-11', 'event_end_date': '2024-12-13', 'is_holiday': False, 'requires_no_classes': False}, {'event_name': 'Christmas Break', 'event_start_date': '2024-12-21', 'event_end_date': '2025-01-06', 'is_holiday': True, 'requires_no_classes': True}, {'event_name': 'Christmas Day', 'event_start_date': '2024-12-25', 'event_end_date': '2024-12-25', 'is_holiday': True, 'requires_no_classes': True}, {'event_name': 'Boxing Day', 'event_start_date': '2024-12-26', 'event_end_date': '2024-12-26', 'is_holiday': True, 'requires_no_classes': True}, {'event_name': 'New Year’s Day', 'event_start_date': '2025-01-01', 'event_end_date': '2025-01-01', 'is_holiday': True, 'requires_no_classes': True}, {'event_name': 'Teaching resumes', 'event_start_date': '2025-01-08', 'event_end_date': '2025-01-08', 'is_holiday': False, 'requires_no_classes': False}, {'event_name': 'Constitution Day', 'event_start_date': '2025-01-07', 'event_end_date': '2025-01-07', 'is_holiday': True, 'requires_no_classes': True}, {'event_name': 'Students’ Evaluation of Lecturers', 'event_start_date': '2025-01-27', 'event_end_date': '2025-02-07', 'is_holiday': False, 'requires_no_classes': False}, {'event_name': 'Teaching Ends', 'event_start_date': '2025-02-07', 'event_end_date': '2025-02-07', 'is_holiday': False, 'requires_no_classes': False}, {'event_name': 'Revision', 'event_start_date': '2025-02-10', 'event_end_date': '2025-02-14', 'is_holiday': False, 'requires_no_classes': True}, {'event_name': 'First Semester Examinations', 'event_start_date': '2025-02-15', 'event_end_date': '2025-03-09', 'is_holiday': False, 'requires_no_classes': True}, {'event_name': 'Independence Day', 'event_start_date': '2025-03-06', 'event_end_date': '2025-03-06', 'is_holiday': True, 'requires_no_classes': True}, {'event_name': 'Supplementary Re-Sit Examinations for Second Semester Courses', 'event_start_date': '2025-03-10', 'event_end_date': '2025-03-21', 'is_holiday': False, 'requires_no_classes': True}, {'event_name': 'Inter-Semester Break', 'event_start_date': '2025-03-10', 'event_end_date': '2025-05-22', 'is_holiday': True, 'requires_no_classes': True}, {'event_name': 'Good Friday', 'event_start_date': '2025-04-18', 'event_end_date': '2025-04-18', 'is_holiday': True, 'requires_no_classes': True}, {'event_name': 'Easter Monday', 'event_start_date': '2025-04-21', 'event_end_date': '2025-04-21', 'is_holiday': True, 'requires_no_classes': True}, {'event_name': 'May Day', 'event_start_date': '2025-05-01', 'event_end_date': '2025-05-01', 'is_holiday': True, 'requires_no_classes': True}, {'event_name': 'Founders’ Day', 'event_start_date': '2025-08-04', 'event_end_date': '2025-08-04', 'is_holiday': True, 'requires_no_classes': True}, {'event_name': 'Kwame Nkrumah Mem. Day', 'event_start_date': '2025-09-21', 'event_end_date': '2025-09-21', 'is_holiday': True, 'requires_no_classes': True}], 'event_count': 28, 'extracted_at': '2025-10-04T23:52:12.126260'}
2025-10-05 00:52:12,380 - tmdl - INFO - 🆕 Created TempExtract object: teacher_id=7bed2b69-8000-4b36-8e91-7fe0b70c9d82, type=academic calendar
2025-10-05 00:52:12,381 - tmdl - INFO - TempExtract data keys: ['academic_calendar', 'calendar_events', 'event_count', 'extracted_at']
2025-10-05 00:52:12,382 - tmdl - INFO - Academic calendar in TempExtract: {'semester_name': 'First Semester 2024/2025', 'semester_start_date': '2024-11-04', 'semester_end_date': '2025-02-14', 'mid_semester_break_start_date': '2024-12-06', 'mid_semester_break_end_date': '2024-12-08', 'midsem_exams_date': '2024-12-09', 'revision_start_date': '2025-02-10'}
2025-10-05 00:52:12,388 - tmdl - INFO - Calendar events count in TempExtract: 28
2025-10-05 00:52:12,391 - tmdl - INFO - ➕ Added TempExtract entry to session for teacher 7bed2b69-8000-4b36-8e91-7fe0b70c9d82
2025-10-05 00:52:12,392 - tmdl - INFO - Committing TempExtract entry to database
2025-10-05 00:52:12,424 - tmdl - INFO - ✅ Successfully committed to database
2025-10-05 00:52:12,425 - tmdl - INFO - Verifying TempExtract entry was saved
2025-10-05 00:52:12,442 - tmdl - INFO - ✅ Verified TempExtract entry saved with ID: be8fed12-9d13-4612-8b3d-6f751943402c
2025-10-05 00:52:12,443 - tmdl - INFO - ✅ Saved data keys: ['event_count', 'extracted_at', 'calendar_events', 'academic_calendar']
2025-10-05 00:52:12,444 - tmdl - INFO - ✅ Academic calendar in saved entry: {'semester_name': 'First Semester 2024/2025', 'midsem_exams_date': '2024-12-09', 'semester_end_date': '2025-02-14', 'revision_start_date': '2025-02-10', 'semester_start_date': '2024-11-04', 'mid_semester_break_end_date': '2024-12-08', 'mid_semester_break_start_date': '2024-12-06'}
2025-10-05 00:52:12,446 - tmdl - INFO - ✅ Calendar events count in saved entry: 28
2025-10-05 00:52:12,447 - tmdl - INFO - ✅ Extracted at timestamp: 2025-10-04T23:52:12.126260
2025-10-05 00:52:12,448 - tmdl - INFO - Creating success notification: Successfully processed academic calendar with 28 events
2025-10-05 00:52:12,449 - tmdl - INFO - Saving notification to database
2025-10-05 00:52:12,450 - tmdl - INFO - Teacher ID: 7bed2b69-8000-4b36-8e91-7fe0b70c9d82
2025-10-05 00:52:12,450 - tmdl - INFO - Notification title: Academic Calendar Processing Complete
2025-10-05 00:52:12,451 - tmdl - INFO - Notification message: Successfully processed academic calendar with 28 events
2025-10-05 00:52:12,452 - tmdl - INFO - Notification type: success
2025-10-05 00:52:12,476 - tmdl - INFO - Notification saved for teacher 7bed2b69-8000-4b36-8e91-7fe0b70c9d82: Academic Calendar Processing Complete
2025-10-05 00:52:12,480 - tmdl - INFO - Success notification saved successfully
2025-10-05 00:52:12,481 - tmdl - INFO - Preparing serializable events from 28 events
2025-10-05 00:52:12,483 - tmdl - INFO - Processing event 1/28 for serialization
2025-10-05 00:52:12,484 - tmdl - INFO - Event data keys: ['event_name', 'event_start_date', 'event_end_date', 'is_holiday', 'requires_no_classes']
2025-10-05 00:52:12,485 - tmdl - INFO - Processing event 2/28 for serialization
2025-10-05 00:52:12,486 - tmdl - INFO - Event data keys: ['event_name', 'event_start_date', 'event_end_date', 'is_holiday', 'requires_no_classes']
2025-10-05 00:52:12,488 - tmdl - INFO - Processing event 3/28 for serialization
2025-10-05 00:52:12,489 - tmdl - INFO - Event data keys: ['event_name', 'event_start_date', 'event_end_date', 'is_holiday', 'requires_no_classes']
2025-10-05 00:52:12,490 - tmdl - INFO - Processing event 4/28 for serialization
2025-10-05 00:52:12,491 - tmdl - INFO - Event data keys: ['event_name', 'event_start_date', 'event_end_date', 'is_holiday', 'requires_no_classes']
2025-10-05 00:52:12,492 - tmdl - INFO - Processing event 5/28 for serialization
2025-10-05 00:52:12,493 - tmdl - INFO - Event data keys: ['event_name', 'event_start_date', 'event_end_date', 'is_holiday', 'requires_no_classes']
2025-10-05 00:52:12,494 - tmdl - INFO - Processing event 6/28 for serialization
2025-10-05 00:52:12,495 - tmdl - INFO - Event data keys: ['event_name', 'event_start_date', 'event_end_date', 'is_holiday', 'requires_no_classes']
2025-10-05 00:52:12,495 - tmdl - INFO - Processing event 7/28 for serialization
2025-10-05 00:52:12,496 - tmdl - INFO - Event data keys: ['event_name', 'event_start_date', 'event_end_date', 'is_holiday', 'requires_no_classes']
2025-10-05 00:52:12,497 - tmdl - INFO - Processing event 8/28 for serialization
2025-10-05 00:52:12,497 - tmdl - INFO - Event data keys: ['event_name', 'event_start_date', 'event_end_date', 'is_holiday', 'requires_no_classes']
2025-10-05 00:52:12,498 - tmdl - INFO - Processing event 9/28 for serialization
2025-10-05 00:52:12,499 - tmdl - INFO - Event data keys: ['event_name', 'event_start_date', 'event_end_date', 'is_holiday', 'requires_no_classes']
2025-10-05 00:52:12,500 - tmdl - INFO - Processing event 10/28 for serialization
2025-10-05 00:52:12,500 - tmdl - INFO - Event data keys: ['event_name', 'event_start_date', 'event_end_date', 'is_holiday', 'requires_no_classes']
2025-10-05 00:52:12,501 - tmdl - INFO - Processing event 11/28 for serialization
2025-10-05 00:52:12,502 - tmdl - INFO - Event data keys: ['event_name', 'event_start_date', 'event_end_date', 'is_holiday', 'requires_no_classes']
2025-10-05 00:52:12,503 - tmdl - INFO - Processing event 12/28 for serialization
2025-10-05 00:52:12,505 - tmdl - INFO - Event data keys: ['event_name', 'event_start_date', 'event_end_date', 'is_holiday', 'requires_no_classes']
2025-10-05 00:52:12,506 - tmdl - INFO - Processing event 13/28 for serialization
2025-10-05 00:52:12,507 - tmdl - INFO - Event data keys: ['event_name', 'event_start_date', 'event_end_date', 'is_holiday', 'requires_no_classes']
2025-10-05 00:52:12,507 - tmdl - INFO - Processing event 14/28 for serialization
2025-10-05 00:52:12,508 - tmdl - INFO - Event data keys: ['event_name', 'event_start_date', 'event_end_date', 'is_holiday', 'requires_no_classes']
2025-10-05 00:52:12,509 - tmdl - INFO - Processing event 15/28 for serialization
2025-10-05 00:52:12,509 - tmdl - INFO - Event data keys: ['event_name', 'event_start_date', 'event_end_date', 'is_holiday', 'requires_no_classes']
2025-10-05 00:52:12,510 - tmdl - INFO - Processing event 16/28 for serialization
2025-10-05 00:52:12,511 - tmdl - INFO - Event data keys: ['event_name', 'event_start_date', 'event_end_date', 'is_holiday', 'requires_no_classes']
2025-10-05 00:52:12,512 - tmdl - INFO - Processing event 17/28 for serialization
2025-10-05 00:52:12,512 - tmdl - INFO - Event data keys: ['event_name', 'event_start_date', 'event_end_date', 'is_holiday', 'requires_no_classes']
2025-10-05 00:52:12,513 - tmdl - INFO - Processing event 18/28 for serialization
2025-10-05 00:52:12,514 - tmdl - INFO - Event data keys: ['event_name', 'event_start_date', 'event_end_date', 'is_holiday', 'requires_no_classes']
2025-10-05 00:52:12,515 - tmdl - INFO - Processing event 19/28 for serialization
2025-10-05 00:52:12,516 - tmdl - INFO - Event data keys: ['event_name', 'event_start_date', 'event_end_date', 'is_holiday', 'requires_no_classes']
2025-10-05 00:52:12,516 - tmdl - INFO - Processing event 20/28 for serialization
2025-10-05 00:52:12,517 - tmdl - INFO - Event data keys: ['event_name', 'event_start_date', 'event_end_date', 'is_holiday', 'requires_no_classes']
2025-10-05 00:52:12,518 - tmdl - INFO - Processing event 21/28 for serialization
2025-10-05 00:52:12,519 - tmdl - INFO - Event data keys: ['event_name', 'event_start_date', 'event_end_date', 'is_holiday', 'requires_no_classes']
2025-10-05 00:52:12,521 - tmdl - INFO - Processing event 22/28 for serialization
2025-10-05 00:52:12,523 - tmdl - INFO - Event data keys: ['event_name', 'event_start_date', 'event_end_date', 'is_holiday', 'requires_no_classes']
2025-10-05 00:52:12,525 - tmdl - INFO - Processing event 23/28 for serialization
2025-10-05 00:52:12,526 - tmdl - INFO - Event data keys: ['event_name', 'event_start_date', 'event_end_date', 'is_holiday', 'requires_no_classes']
2025-10-05 00:52:12,528 - tmdl - INFO - Processing event 24/28 for serialization
2025-10-05 00:52:12,529 - tmdl - INFO - Event data keys: ['event_name', 'event_start_date', 'event_end_date', 'is_holiday', 'requires_no_classes']
2025-10-05 00:52:12,529 - tmdl - INFO - Processing event 25/28 for serialization
2025-10-05 00:52:12,530 - tmdl - INFO - Event data keys: ['event_name', 'event_start_date', 'event_end_date', 'is_holiday', 'requires_no_classes']
2025-10-05 00:52:12,531 - tmdl - INFO - Processing event 26/28 for serialization
2025-10-05 00:52:12,532 - tmdl - INFO - Event data keys: ['event_name', 'event_start_date', 'event_end_date', 'is_holiday', 'requires_no_classes']
2025-10-05 00:52:12,534 - tmdl - INFO - Processing event 27/28 for serialization
2025-10-05 00:52:12,536 - tmdl - INFO - Event data keys: ['event_name', 'event_start_date', 'event_end_date', 'is_holiday', 'requires_no_classes']
2025-10-05 00:52:12,540 - tmdl - INFO - Processing event 28/28 for serialization
2025-10-05 00:52:12,541 - tmdl - INFO - Event data keys: ['event_name', 'event_start_date', 'event_end_date', 'is_holiday', 'requires_no_classes']
2025-10-05 00:52:12,543 - tmdl - INFO - Prepared serializable events count: 28
2025-10-05 00:52:12,544 - tmdl - INFO - First serializable event keys: ['event_name', 'event_start_date', 'event_end_date', 'is_holiday', 'requires_no_classes']
2025-10-05 00:52:12,545 - tmdl - INFO - Sending completion message: {'status': 'complete', 'type': 'COMPLETED_ACADEMIC_CALENDER', 'message': 'Successfully processed academic calendar with 28 events', 'teacher_id': '7bed2b69-8000-4b36-8e91-7fe0b70c9d82', 'event_count': 28}
2025-10-05 00:52:12,547 - tmdl - INFO - 🔍 [DEDUPLICATION] Checking message hash: d2056b8024d10b672c2176b915a07515 for key: complete_COMPLETED_ACADEMIC_CALENDER_Successfully processed academic calendar with 28 events_28
2025-10-05 00:52:12,548 - tmdl - INFO - 🔍 [DEDUPLICATION] Local sent_messages set size: 4
2025-10-05 00:52:12,549 - tmdl - INFO - 🔍 [DEDUPLICATION] Global SENT_MESSAGES set size: 4
2025-10-05 00:52:12,550 - tmdl - INFO - 🔍 [DEDUPLICATION] Message content: {'status': 'complete', 'type': 'COMPLETED_ACADEMIC_CALENDER', 'message': 'Successfully processed academic calendar with 28 events', 'teacher_id': '7bed2b69-8000-4b36-8e91-7fe0b70c9d82', 'event_count': 28}
2025-10-05 00:52:12,553 - tmdl - INFO - 🔍 [DEDUPLICATION] Message status: complete
2025-10-05 00:52:12,557 - tmdl - INFO - 🔍 [DEDUPLICATION] Message type: COMPLETED_ACADEMIC_CALENDER
2025-10-05 00:52:12,559 - tmdl - INFO - 🔍 [DEDUPLICATION] Message text: Successfully processed academic calendar with 28 events
2025-10-05 00:52:12,561 - tmdl - INFO - ➕ [DEDUPLICATION] Adding message hash to both local and global sent_messages: d2056b8024d10b672c2176b915a07515
2025-10-05 00:52:12,562 - tmdl - INFO - ➕ [DEDUPLICATION] Local set now contains 5 items
2025-10-05 00:52:12,563 - tmdl - INFO - ➕ [DEDUPLICATION] Global set now contains 5 items
2025-10-05 00:52:12,563 - tmdl - INFO - Sending WebSocket message to teacher 7bed2b69-8000-4b36-8e91-7fe0b70c9d82
2025-10-05 00:52:12,564 - tmdl - INFO - Message content: {'status': 'complete', 'type': 'COMPLETED_ACADEMIC_CALENDER', 'message': 'Successfully processed academic calendar with 28 events', 'teacher_id': '7bed2b69-8000-4b36-8e91-7fe0b70c9d82', 'event_count': 28}
2025-10-05 00:52:12,582 - tmdl - INFO - Notification saved for teacher 7bed2b69-8000-4b36-8e91-7fe0b70c9d82: Schedule Update
2025-10-05 00:52:12,589 - tmdl - INFO - [Redis] Published to ws:teacher:7bed2b69-8000-4b36-8e91-7fe0b70c9d82: {'status': 'complete', 'type': 'COMPLETED_ACADEMIC_CALENDER', 'message': 'Successfully processed academic calendar with 28 events', 'teacher_id': '7bed2b69-8000-4b36-8e91-7fe0b70c9d82', 'event_count': 28}
2025-10-05 00:52:12,598 - tmdl - INFO - ✅ [DEDUPLICATION] Sent unique WebSocket message with hash: d2056b8024d10b672c2176b915a07515
2025-10-05 00:52:12,607 - tmdl - INFO - Completion message sent successfully, result: True
2025-10-05 00:52:12,625 - tmdl - INFO - Token decoded: user@gmail.com (Role: sch_teacher, School: None, individual ID: 791dbae6-21e7-4b48-bb82-5c378aca8886)
2025-10-05 00:52:12,631 - tmdl - INFO - Cleaning up temporary file: ./uploads/academic_calendar/7bed2b69-8000-4b36-8e91-7fe0b70c9d82.pdf
2025-10-05 00:52:12,643 - tmdl - INFO - File exists before cleanup: True
2025-10-05 00:52:12,653 - tmdl - INFO - 🧹 Cleaned up temporary file: ./uploads/academic_calendar/7bed2b69-8000-4b36-8e91-7fe0b70c9d82.pdf
2025-10-05 00:52:12,678 - tmdl - INFO - Prepared final serializable events count: 28
2025-10-05 00:52:12,684 - tmdl - INFO - Current user resolved: user@gmail.com (ID: 7bed2b69-8000-4b36-8e91-7fe0b70c9d82)
2025-10-05 00:52:12,695 - tmdl - INFO - Returning result: {'status': 'success', 'message': 'Successfully processed academic calendar with 28 events', 'event_count': 28, 'academic_calendar': {'semester_name': 'First Semester 2024/2025', 'semester_start_date': '2024-11-04', 'semester_end_date': '2025-02-14', 'mid_semester_break_start_date': '2024-12-06', 'mid_semester_break_end_date': '2024-12-08', 'midsem_exams_date': '2024-12-09', 'revision_start_date': '2025-02-10'}, 'calendar_events': [{'event_name': 'Deadline for Uploading Courses and Linking of First Semester Courses to Lecturers', 'event_start_date': '2024-08-19', 'event_end_date': '2024-08-19', 'is_holiday': False, 'requires_no_classes': False}, {'event_name': 'Registration (LEVELS 200, 300 & 400)', 'event_start_date': '2024-09-04', 'event_end_date': '2024-11-08', 'is_holiday': False, 'requires_no_classes': True}, {'event_name': 'Add/Drop of Courses/Deferment', 'event_start_date': '2024-09-04', 'event_end_date': '2024-11-08', 'is_holiday': False, 'requires_no_classes': True}, {'event_name': 'Registration for Re-sit of First Semester Courses', 'event_start_date': '2024-10-28', 'event_end_date': '2024-11-15', 'is_holiday': False, 'requires_no_classes': True}, {'event_name': 'Continuing Students Report', 'event_start_date': '2024-10-31', 'event_end_date': '2024-11-03', 'is_holiday': False, 'requires_no_classes': True}, {'event_name': 'Teaching Begins', 'event_start_date': '2024-11-04', 'event_end_date': '2024-11-04', 'is_holiday': False, 'requires_no_classes': False}, {'event_name': 'Break for Farmers’ Day and Elections 2024', 'event_start_date': '2024-12-06', 'event_end_date': '2024-12-08', 'is_holiday': True, 'requires_no_classes': True}, {'event_name': 'Interim Assessment', 'event_start_date': '2024-12-09', 'event_end_date': '2024-12-22', 'is_holiday': False, 'requires_no_classes': False}, {'event_name': 'Registration for Supplementary Re-sit Exams for Second Semester Courses', 'event_start_date': '2024-12-09', 'event_end_date': '2024-12-13', 'is_holiday': False, 'requires_no_classes': True}, {'event_name': 'UG OPEN DAY', 'event_start_date': '2024-12-11', 'event_end_date': '2024-12-13', 'is_holiday': False, 'requires_no_classes': False}, {'event_name': 'Christmas Break', 'event_start_date': '2024-12-21', 'event_end_date': '2025-01-06', 'is_holiday': True, 'requires_no_classes': True}, {'event_name': 'Christmas Day', 'event_start_date': '2024-12-25', 'event_end_date': '2024-12-25', 'is_holiday': True, 'requires_no_classes': True}, {'event_name': 'Boxing Day', 'event_start_date': '2024-12-26', 'event_end_date': '2024-12-26', 'is_holiday': True, 'requires_no_classes': True}, {'event_name': 'New Year’s Day', 'event_start_date': '2025-01-01', 'event_end_date': '2025-01-01', 'is_holiday': True, 'requires_no_classes': True}, {'event_name': 'Teaching resumes', 'event_start_date': '2025-01-08', 'event_end_date': '2025-01-08', 'is_holiday': False, 'requires_no_classes': False}, {'event_name': 'Constitution Day', 'event_start_date': '2025-01-07', 'event_end_date': '2025-01-07', 'is_holiday': True, 'requires_no_classes': True}, {'event_name': 'Students’ Evaluation of Lecturers', 'event_start_date': '2025-01-27', 'event_end_date': '2025-02-07', 'is_holiday': False, 'requires_no_classes': False}, {'event_name': 'Teaching Ends', 'event_start_date': '2025-02-07', 'event_end_date': '2025-02-07', 'is_holiday': False, 'requires_no_classes': False}, {'event_name': 'Revision', 'event_start_date': '2025-02-10', 'event_end_date': '2025-02-14', 'is_holiday': False, 'requires_no_classes': True}, {'event_name': 'First Semester Examinations', 'event_start_date': '2025-02-15', 'event_end_date': '2025-03-09', 'is_holiday': False, 'requires_no_classes': True}, {'event_name': 'Independence Day', 'event_start_date': '2025-03-06', 'event_end_date': '2025-03-06', 'is_holiday': True, 'requires_no_classes': True}, {'event_name': 'Supplementary Re-Sit Examinations for Second Semester Courses', 'event_start_date': '2025-03-10', 'event_end_date': '2025-03-21', 'is_holiday': False, 'requires_no_classes': True}, {'event_name': 'Inter-Semester Break', 'event_start_date': '2025-03-10', 'event_end_date': '2025-05-22', 'is_holiday': True, 'requires_no_classes': True}, {'event_name': 'Good Friday', 'event_start_date': '2025-04-18', 'event_end_date': '2025-04-18', 'is_holiday': True, 'requires_no_classes': True}, {'event_name': 'Easter Monday', 'event_start_date': '2025-04-21', 'event_end_date': '2025-04-21', 'is_holiday': True, 'requires_no_classes': True}, {'event_name': 'May Day', 'event_start_date': '2025-05-01', 'event_end_date': '2025-05-01', 'is_holiday': True, 'requires_no_classes': True}, {'event_name': 'Founders’ Day', 'event_start_date': '2025-08-04', 'event_end_date': '2025-08-04', 'is_holiday': True, 'requires_no_classes': True}, {'event_name': 'Kwame Nkrumah Mem. Day', 'event_start_date': '2025-09-21', 'event_end_date': '2025-09-21', 'is_holiday': True, 'requires_no_classes': True}]}
2025-10-05 00:52:12,747 - tmdl - INFO - Token decoded: user@gmail.com (Role: sch_teacher, School: None, individual ID: 791dbae6-21e7-4b48-bb82-5c378aca8886)
2025-10-05 00:52:12,813 - tmdl - INFO - Result keys: ['status', 'message', 'event_count', 'academic_calendar', 'calendar_events']
2025-10-05 00:52:12,840 - tmdl - INFO - Current user resolved: user@gmail.com (ID: 7bed2b69-8000-4b36-8e91-7fe0b70c9d82)
2025-10-05 00:52:12,833 - tmdl - INFO - Academic calendar in result: {'semester_name': 'First Semester 2024/2025', 'semester_start_date': '2024-11-04', 'semester_end_date': '2025-02-14', 'mid_semester_break_start_date': '2024-12-06', 'mid_semester_break_end_date': '2024-12-08', 'midsem_exams_date': '2024-12-09', 'revision_start_date': '2025-02-10'}
2025-10-05 00:52:13,027 - tmdl - INFO - Calendar events count in result: 28
2025-10-05 00:52:13,028 - tmdl - INFO - Calendar events in result: 28
2025-10-05 00:52:13,032 - tmdl - INFO - Token decoded: user@gmail.com (Role: sch_teacher, School: None, individual ID: 791dbae6-21e7-4b48-bb82-5c378aca8886)
2025-10-05 00:52:13,033 - tmdl - INFO - Cleaning up global sent messages, current local set size: 5
2025-10-05 00:52:13,034 - tmdl - INFO - 🧹 Cleaned up 5 message hashes from global set
2025-10-05 00:52:13,035 - tmdl - INFO - Global set size after cleanup: 0
2025-10-05 00:52:13,037 - tmdl - INFO - Current user resolved: user@gmail.com (ID: 7bed2b69-8000-4b36-8e91-7fe0b70c9d82)
2025-10-05 00:52:13,048 - tmdl - INFO - Token decoded: user@gmail.com (Role: sch_teacher, School: None, individual ID: 791dbae6-21e7-4b48-bb82-5c378aca8886)
2025-10-05 00:52:13,053 - tmdl - INFO - Current user resolved: user@gmail.com (ID: 7bed2b69-8000-4b36-8e91-7fe0b70c9d82)
2025-10-05 00:52:40,314 - tmdl - INFO - Token decoded: user@gmail.com (Role: sch_teacher, School: None, individual ID: 791dbae6-21e7-4b48-bb82-5c378aca8886)
2025-10-05 00:52:40,330 - tmdl - INFO - Current user resolved: user@gmail.com (ID: 7bed2b69-8000-4b36-8e91-7fe0b70c9d82)
2025-10-05 00:53:40,668 - tmdl - INFO - Token decoded: user@gmail.com (Role: sch_teacher, School: None, individual ID: 791dbae6-21e7-4b48-bb82-5c378aca8886)
2025-10-05 00:53:40,674 - tmdl - INFO - Current user resolved: user@gmail.com (ID: 7bed2b69-8000-4b36-8e91-7fe0b70c9d82)
2025-10-05 00:54:40,569 - tmdl - INFO - Token decoded: user@gmail.com (Role: sch_teacher, School: None, individual ID: 791dbae6-21e7-4b48-bb82-5c378aca8886)
2025-10-05 00:54:40,827 - tmdl - INFO - Current user resolved: user@gmail.com (ID: 7bed2b69-8000-4b36-8e91-7fe0b70c9d82)
2025-10-05 00:55:40,841 - tmdl - INFO - Token decoded: user@gmail.com (Role: sch_teacher, School: None, individual ID: 791dbae6-21e7-4b48-bb82-5c378aca8886)
2025-10-05 00:55:40,899 - tmdl - INFO - Current user resolved: user@gmail.com (ID: 7bed2b69-8000-4b36-8e91-7fe0b70c9d82)
2025-10-05 00:56:40,443 - tmdl - INFO - Token decoded: user@gmail.com (Role: sch_teacher, School: None, individual ID: 791dbae6-21e7-4b48-bb82-5c378aca8886)
2025-10-05 00:56:40,453 - tmdl - INFO - Current user resolved: user@gmail.com (ID: 7bed2b69-8000-4b36-8e91-7fe0b70c9d82)
2025-10-05 00:56:58,977 - tmdl - INFO - Token decoded: user@gmail.com (Role: sch_teacher, School: None, individual ID: 791dbae6-21e7-4b48-bb82-5c378aca8886)
2025-10-05 00:56:58,985 - tmdl - INFO - Current user resolved: user@gmail.com (ID: 7bed2b69-8000-4b36-8e91-7fe0b70c9d82)
2025-10-05 00:57:01,058 - tmdl - INFO - Token decoded: user@gmail.com (Role: sch_teacher, School: None, individual ID: 791dbae6-21e7-4b48-bb82-5c378aca8886)
2025-10-05 00:57:01,065 - tmdl - INFO - Current user resolved: user@gmail.com (ID: 7bed2b69-8000-4b36-8e91-7fe0b70c9d82)
2025-10-05 00:57:03,768 - tmdl - INFO - Token decoded: user@gmail.com (Role: sch_teacher, School: None, individual ID: 791dbae6-21e7-4b48-bb82-5c378aca8886)
2025-10-05 00:57:04,026 - tmdl - INFO - Token decoded: user@gmail.com (Role: sch_teacher, School: None, individual ID: 791dbae6-21e7-4b48-bb82-5c378aca8886)
2025-10-05 00:57:04,249 - tmdl - INFO - Current user resolved: user@gmail.com (ID: 7bed2b69-8000-4b36-8e91-7fe0b70c9d82)
2025-10-05 00:57:04,560 - tmdl - INFO - Received request for central user info (teacher: 7bed2b69-8000-4b36-8e91-7fe0b70c9d82)
2025-10-05 00:57:04,790 - tmdl - INFO - Sending request to core service /api/me endpoint
2025-10-05 00:57:04,842 - tmdl - INFO - Current user resolved: user@gmail.com (ID: 7bed2b69-8000-4b36-8e91-7fe0b70c9d82)
2025-10-05 00:57:05,380 - tmdl - INFO - Token decoded: user@gmail.com (Role: sch_teacher, School: None, individual ID: 791dbae6-21e7-4b48-bb82-5c378aca8886)
2025-10-05 00:57:05,465 - tmdl - INFO - Current user resolved: user@gmail.com (ID: 7bed2b69-8000-4b36-8e91-7fe0b70c9d82)
2025-10-05 00:57:05,601 - tmdl - INFO - Successfully fetched user info from ERP
2025-10-05 00:57:06,115 - tmdl - INFO - Token decoded: user@gmail.com (Role: sch_teacher, School: None, individual ID: 791dbae6-21e7-4b48-bb82-5c378aca8886)
2025-10-05 00:57:06,178 - tmdl - INFO - Current user resolved: user@gmail.com (ID: 7bed2b69-8000-4b36-8e91-7fe0b70c9d82)
2025-10-05 00:57:06,329 - tmdl - INFO - Token decoded: user@gmail.com (Role: sch_teacher, School: None, individual ID: 791dbae6-21e7-4b48-bb82-5c378aca8886)
2025-10-05 00:57:06,355 - tmdl - INFO - Token decoded: user@gmail.com (Role: sch_teacher, School: None, individual ID: 791dbae6-21e7-4b48-bb82-5c378aca8886)
2025-10-05 00:57:06,371 - tmdl - INFO - Current user resolved: user@gmail.com (ID: 7bed2b69-8000-4b36-8e91-7fe0b70c9d82)
2025-10-05 00:57:06,385 - tmdl - INFO - Current user resolved: user@gmail.com (ID: 7bed2b69-8000-4b36-8e91-7fe0b70c9d82)
2025-10-05 00:58:06,801 - tmdl - INFO - Token decoded: user@gmail.com (Role: sch_teacher, School: None, individual ID: 791dbae6-21e7-4b48-bb82-5c378aca8886)
2025-10-05 00:58:06,808 - tmdl - INFO - Current user resolved: user@gmail.com (ID: 7bed2b69-8000-4b36-8e91-7fe0b70c9d82)
2025-10-05 00:59:06,644 - tmdl - INFO - Token decoded: user@gmail.com (Role: sch_teacher, School: None, individual ID: 791dbae6-21e7-4b48-bb82-5c378aca8886)
2025-10-05 00:59:07,008 - tmdl - INFO - Current user resolved: user@gmail.com (ID: 7bed2b69-8000-4b36-8e91-7fe0b70c9d82)
2025-10-05 00:59:52,173 - tmdl - INFO - Token decoded: user@gmail.com (Role: sch_teacher, School: None, individual ID: 791dbae6-21e7-4b48-bb82-5c378aca8886)
2025-10-05 00:59:52,378 - tmdl - INFO - Current user resolved: user@gmail.com (ID: 7bed2b69-8000-4b36-8e91-7fe0b70c9d82)
2025-10-05 00:59:52,927 - tmdl - INFO - Token decoded: user@gmail.com (Role: sch_teacher, School: None, individual ID: 791dbae6-21e7-4b48-bb82-5c378aca8886)
2025-10-05 00:59:53,529 - tmdl - INFO - Current user resolved: user@gmail.com (ID: 7bed2b69-8000-4b36-8e91-7fe0b70c9d82)
2025-10-05 00:59:53,587 - tmdl - INFO - Received request for central user info (teacher: 7bed2b69-8000-4b36-8e91-7fe0b70c9d82)
2025-10-05 00:59:53,623 - tmdl - INFO - Sending request to core service /api/me endpoint
2025-10-05 00:59:53,699 - tmdl - INFO - Token decoded: user@gmail.com (Role: sch_teacher, School: None, individual ID: 791dbae6-21e7-4b48-bb82-5c378aca8886)
2025-10-05 00:59:54,065 - tmdl - INFO - Current user resolved: user@gmail.com (ID: 7bed2b69-8000-4b36-8e91-7fe0b70c9d82)
2025-10-05 00:59:55,406 - tmdl - INFO - Successfully fetched user info from ERP
2025-10-05 00:59:55,739 - tmdl - INFO - Token decoded: user@gmail.com (Role: sch_teacher, School: None, individual ID: 791dbae6-21e7-4b48-bb82-5c378aca8886)
2025-10-05 00:59:56,124 - tmdl - INFO - Current user resolved: user@gmail.com (ID: 7bed2b69-8000-4b36-8e91-7fe0b70c9d82)
2025-10-05 00:59:56,497 - tmdl - INFO - Token decoded: user@gmail.com (Role: sch_teacher, School: None, individual ID: 791dbae6-21e7-4b48-bb82-5c378aca8886)
2025-10-05 00:59:56,564 - tmdl - INFO - Token decoded: user@gmail.com (Role: sch_teacher, School: None, individual ID: 791dbae6-21e7-4b48-bb82-5c378aca8886)
2025-10-05 00:59:56,604 - tmdl - INFO - Current user resolved: user@gmail.com (ID: 7bed2b69-8000-4b36-8e91-7fe0b70c9d82)
2025-10-05 00:59:56,674 - tmdl - INFO - Current user resolved: user@gmail.com (ID: 7bed2b69-8000-4b36-8e91-7fe0b70c9d82)
2025-10-05 01:00:25,646 - tmdl - INFO - Token decoded: user@gmail.com (Role: sch_teacher, School: None, individual ID: 791dbae6-21e7-4b48-bb82-5c378aca8886)
2025-10-05 01:00:25,652 - tmdl - INFO - Current user resolved: user@gmail.com (ID: 7bed2b69-8000-4b36-8e91-7fe0b70c9d82)
2025-10-05 01:00:25,681 - tmdl - INFO - Token decoded: user@gmail.com (Role: sch_teacher, School: None, individual ID: 791dbae6-21e7-4b48-bb82-5c378aca8886)
2025-10-05 01:00:25,687 - tmdl - INFO - Current user resolved: user@gmail.com (ID: 7bed2b69-8000-4b36-8e91-7fe0b70c9d82)
2025-10-05 01:00:25,707 - tmdl - INFO - Token decoded: user@gmail.com (Role: sch_teacher, School: None, individual ID: 791dbae6-21e7-4b48-bb82-5c378aca8886)
2025-10-05 01:00:25,714 - tmdl - INFO - Current user resolved: user@gmail.com (ID: 7bed2b69-8000-4b36-8e91-7fe0b70c9d82)
2025-10-05 01:00:25,753 - tmdl - INFO - Token decoded: user@gmail.com (Role: sch_teacher, School: None, individual ID: 791dbae6-21e7-4b48-bb82-5c378aca8886)
2025-10-05 01:00:25,760 - tmdl - INFO - Current user resolved: user@gmail.com (ID: 7bed2b69-8000-4b36-8e91-7fe0b70c9d82)
2025-10-05 01:00:25,776 - tmdl - INFO - Token decoded: user@gmail.com (Role: sch_teacher, School: None, individual ID: 791dbae6-21e7-4b48-bb82-5c378aca8886)
2025-10-05 01:00:25,780 - tmdl - INFO - Current user resolved: user@gmail.com (ID: 7bed2b69-8000-4b36-8e91-7fe0b70c9d82)
2025-10-05 01:00:25,781 - tmdl - INFO - Received request for central user info (teacher: 7bed2b69-8000-4b36-8e91-7fe0b70c9d82)
2025-10-05 01:00:25,781 - tmdl - INFO - Sending request to core service /api/me endpoint
2025-10-05 01:00:25,808 - tmdl - INFO - Successfully fetched user info from ERP
2025-10-05 01:00:25,814 - tmdl - INFO - Token decoded: user@gmail.com (Role: sch_teacher, School: None, individual ID: 791dbae6-21e7-4b48-bb82-5c378aca8886)
2025-10-05 01:00:25,821 - tmdl - INFO - Current user resolved: user@gmail.com (ID: 7bed2b69-8000-4b36-8e91-7fe0b70c9d82)
2025-10-05 01:00:25,822 - tmdl - INFO - Received request for central user info (teacher: 7bed2b69-8000-4b36-8e91-7fe0b70c9d82)
2025-10-05 01:00:25,824 - tmdl - INFO - Sending request to core service /api/me endpoint
2025-10-05 01:00:25,859 - tmdl - INFO - Successfully fetched user info from ERP
2025-10-05 01:00:26,050 - tmdl - INFO - Token decoded: user@gmail.com (Role: sch_teacher, School: None, individual ID: 791dbae6-21e7-4b48-bb82-5c378aca8886)
2025-10-05 01:00:26,184 - tmdl - INFO - Current user resolved: user@gmail.com (ID: 7bed2b69-8000-4b36-8e91-7fe0b70c9d82)
2025-10-05 01:00:26,427 - tmdl - INFO - Token decoded: user@gmail.com (Role: sch_teacher, School: None, individual ID: 791dbae6-21e7-4b48-bb82-5c378aca8886)
2025-10-05 01:00:26,432 - tmdl - INFO - Current user resolved: user@gmail.com (ID: 7bed2b69-8000-4b36-8e91-7fe0b70c9d82)
2025-10-05 01:00:26,618 - tmdl - INFO - Token decoded: user@gmail.com (Role: sch_teacher, School: None, individual ID: 791dbae6-21e7-4b48-bb82-5c378aca8886)
2025-10-05 01:00:26,637 - tmdl - INFO - Current user resolved: user@gmail.com (ID: 7bed2b69-8000-4b36-8e91-7fe0b70c9d82)
2025-10-05 01:00:27,818 - tmdl - INFO - Token decoded: user@gmail.com (Role: sch_teacher, School: None, individual ID: 791dbae6-21e7-4b48-bb82-5c378aca8886)
2025-10-05 01:00:27,835 - tmdl - INFO - Current user resolved: user@gmail.com (ID: 7bed2b69-8000-4b36-8e91-7fe0b70c9d82)
2025-10-05 01:00:31,417 - tmdl - INFO - Token decoded: user@gmail.com (Role: sch_teacher, School: None, individual ID: 791dbae6-21e7-4b48-bb82-5c378aca8886)
2025-10-05 01:00:31,432 - tmdl - INFO - Current user resolved: user@gmail.com (ID: 7bed2b69-8000-4b36-8e91-7fe0b70c9d82)
2025-10-05 01:00:37,650 - tmdl - INFO - Token decoded: user@gmail.com (Role: sch_teacher, School: None, individual ID: 791dbae6-21e7-4b48-bb82-5c378aca8886)
2025-10-05 01:00:37,682 - tmdl - INFO - Current user resolved: user@gmail.com (ID: 7bed2b69-8000-4b36-8e91-7fe0b70c9d82)
2025-10-05 01:00:56,627 - tmdl - INFO - Token decoded: user@gmail.com (Role: sch_teacher, School: None, individual ID: 791dbae6-21e7-4b48-bb82-5c378aca8886)
2025-10-05 01:00:56,632 - tmdl - INFO - Current user resolved: user@gmail.com (ID: 7bed2b69-8000-4b36-8e91-7fe0b70c9d82)
2025-10-05 01:01:03,855 - tmdl - INFO - Token decoded: user@gmail.com (Role: sch_teacher, School: None, individual ID: 791dbae6-21e7-4b48-bb82-5c378aca8886)
2025-10-05 01:01:03,864 - tmdl - INFO - Current user resolved: user@gmail.com (ID: 7bed2b69-8000-4b36-8e91-7fe0b70c9d82)
2025-10-05 01:01:03,876 - tmdl - INFO - 🚀 Processing calendar upload for teacher: 7bed2b69-8000-4b36-8e91-7fe0b70c9d82
2025-10-05 01:01:03,877 - tmdl - INFO - 📁 Received file: Revised 2024-2025 Academic Calendar - January 2025.pdf, size: 176897, content_type: application/pdf
2025-10-05 01:01:03,878 - tmdl - INFO - ⚙️ Advanced settings: academic_year=2025, institution_type=university, semester_type=semester, current_semester=1, has_multiple_cohorts=False, cohort_levels=None
2025-10-05 01:01:03,889 - tmdl - INFO - 💾 File saved as: ./uploads/academic_calendar/7bed2b69-8000-4b36-8e91-7fe0b70c9d82.pdf
2025-10-05 01:01:03,890 - tmdl - INFO - ✅ File saved locally to: ./uploads/academic_calendar/7bed2b69-8000-4b36-8e91-7fe0b70c9d82.pdf
2025-10-05 01:01:03,891 - tmdl - INFO - 📂 Generated GCS file name: academic_calendar/7bed2b69-8000-4b36-8e91-7fe0b70c9d82.pdf
2025-10-05 01:01:03,892 - tmdl - INFO - 🏷️ File content type: application/pdf
2025-10-05 01:01:04,074 - tmdl - INFO - 🔗 Generating signed URL for academic_calendar/7bed2b69-8000-4b36-8e91-7fe0b70c9d82.pdf
2025-10-05 01:01:04,075 - tmdl - INFO - 📦 Bucket: teacher_module_acatable_bucket, Content-Type: application/pdf, Expiration: 86400 seconds
2025-10-05 01:01:04,098 - tmdl - INFO - ✅ Generated signed URL for academic_calendar/7bed2b69-8000-4b36-8e91-7fe0b70c9d82.pdf with content-type application/pdf, expiring in 86400 seconds
2025-10-05 01:01:04,099 - tmdl - INFO - 📏 Signed URL length: 895 characters
2025-10-05 01:01:04,100 - tmdl - INFO - 🔗 Generated signed URL for GCS upload
2025-10-05 01:01:04,263 - tmdl - INFO - [JOB] Calendar processing job queued for teacher 7bed2b69-8000-4b36-8e91-7fe0b70c9d82: 7455e40a7c894bada814a338cd1ab188
2025-10-05 01:01:22,691 - tmdl - INFO - Token decoded: user@gmail.com (Role: sch_teacher, School: None, individual ID: 791dbae6-21e7-4b48-bb82-5c378aca8886)
2025-10-05 01:01:22,737 - tmdl - INFO - Current user resolved: user@gmail.com (ID: 7bed2b69-8000-4b36-8e91-7fe0b70c9d82)
2025-10-05 01:01:27,781 - tmdl - INFO - Token decoded: user@gmail.com (Role: sch_teacher, School: None, individual ID: 791dbae6-21e7-4b48-bb82-5c378aca8886)
2025-10-05 01:01:27,785 - tmdl - INFO - Current user resolved: user@gmail.com (ID: 7bed2b69-8000-4b36-8e91-7fe0b70c9d82)
2025-10-05 01:01:56,615 - tmdl - INFO - Token decoded: user@gmail.com (Role: sch_teacher, School: None, individual ID: 791dbae6-21e7-4b48-bb82-5c378aca8886)
2025-10-05 01:01:56,619 - tmdl - INFO - Current user resolved: user@gmail.com (ID: 7bed2b69-8000-4b36-8e91-7fe0b70c9d82)
2025-10-05 01:02:01,309 - tmdl - INFO - Tesseract found at: C:\Program Files\Tesseract-OCR\tesseract.exe
2025-10-05 01:02:04,290 - tmdl - INFO - Calendar worker configuration loaded
2025-10-05 01:02:04,291 - tmdl - INFO - Worker functions: ['process_calendar_file_task']
2025-10-05 01:02:04,292 - tmdl - INFO - Max tries: 3
2025-10-05 01:02:04,292 - tmdl - INFO - Job timeout: 300
2025-10-05 01:02:04,389 - tmdl - INFO - Starting academic calendar processing worker
2025-10-05 01:02:04,394 - tmdl - INFO - Redis settings: RedisSettings(host='localhost', port=6379, unix_socket_path=None, database=0, username=None, password=None, ssl=False, ssl_keyfile=None, ssl_certfile=None, ssl_cert_reqs='required', ssl_ca_certs=None, ssl_ca_data=None, ssl_check_hostname=False, conn_timeout=1, conn_retries=5, conn_retry_delay=1, max_connections=None, sentinel=False, sentinel_master='mymaster', retry_on_timeout=False, retry_on_error=None, retry=None)
2025-10-05 01:02:04,400 - tmdl - INFO - Database URL: postgresql+asyncpg://postgres:0264442031Qq.@localhost:5433/tmdl5
2025-10-05 01:02:04,438 - tmdl - INFO - Academic calendar processing worker started
2025-10-05 01:02:04,480 - tmdl - INFO - 🚀 Starting academic calendar file processing for teacher: 7bed2b69-8000-4b36-8e91-7fe0b70c9d82, file: ./uploads/academic_calendar/7bed2b69-8000-4b36-8e91-7fe0b70c9d82.pdf
2025-10-05 01:02:04,481 - tmdl - INFO - GCS file name: academic_calendar/7bed2b69-8000-4b36-8e91-7fe0b70c9d82.pdf
2025-10-05 01:02:04,482 - tmdl - INFO - Additional data length: 120
2025-10-05 01:02:04,482 - tmdl - INFO - Current working directory: C:\Users\HP\tmdl5
2025-10-05 01:02:04,483 - tmdl - INFO - File path exists: True
2025-10-05 01:02:04,484 - tmdl - INFO - File size: 176897 bytes
2025-10-05 01:02:04,484 - tmdl - INFO - Sending initial status message
2025-10-05 01:02:04,485 - tmdl - INFO - Teacher ID: 7bed2b69-8000-4b36-8e91-7fe0b70c9d82
2025-10-05 01:02:04,486 - tmdl - INFO - File path: ./uploads/academic_calendar/7bed2b69-8000-4b36-8e91-7fe0b70c9d82.pdf
2025-10-05 01:02:04,486 - tmdl - INFO - 🔍 [DEDUPLICATION] Checking message hash: 1583482125d3b9c0f68c2f17030a5c73 for key: started__Processing academic calendar file..._
2025-10-05 01:02:04,487 - tmdl - INFO - 🔍 [DEDUPLICATION] Local sent_messages set size: 0
2025-10-05 01:02:04,488 - tmdl - INFO - 🔍 [DEDUPLICATION] Global SENT_MESSAGES set size: 0
2025-10-05 01:02:04,488 - tmdl - INFO - 🔍 [DEDUPLICATION] Message content: {'status': 'started', 'message': 'Processing academic calendar file...', 'teacher_id': '7bed2b69-8000-4b36-8e91-7fe0b70c9d82', 'file_path': './uploads/academic_calendar/7bed2b69-8000-4b36-8e91-7fe0b70c9d82.pdf'}
2025-10-05 01:02:04,489 - tmdl - INFO - 🔍 [DEDUPLICATION] Message status: started
2025-10-05 01:02:04,491 - tmdl - INFO - 🔍 [DEDUPLICATION] Message type: 
2025-10-05 01:02:04,493 - tmdl - INFO - 🔍 [DEDUPLICATION] Message text: Processing academic calendar file...
2025-10-05 01:02:04,493 - tmdl - INFO - ➕ [DEDUPLICATION] Adding message hash to both local and global sent_messages: 1583482125d3b9c0f68c2f17030a5c73
2025-10-05 01:02:04,494 - tmdl - INFO - ➕ [DEDUPLICATION] Local set now contains 1 items
2025-10-05 01:02:04,495 - tmdl - INFO - ➕ [DEDUPLICATION] Global set now contains 1 items
2025-10-05 01:02:04,496 - tmdl - INFO - Sending WebSocket message to teacher 7bed2b69-8000-4b36-8e91-7fe0b70c9d82
2025-10-05 01:02:04,496 - tmdl - INFO - Message content: {'status': 'started', 'message': 'Processing academic calendar file...', 'teacher_id': '7bed2b69-8000-4b36-8e91-7fe0b70c9d82', 'file_path': './uploads/academic_calendar/7bed2b69-8000-4b36-8e91-7fe0b70c9d82.pdf'}
2025-10-05 01:02:04,505 - tmdl - INFO - 🚀 Starting academic calendar file processing for teacher: 7bed2b69-8000-4b36-8e91-7fe0b70c9d82, file: ./uploads/academic_calendar/7bed2b69-8000-4b36-8e91-7fe0b70c9d82.pdf
2025-10-05 01:02:04,509 - tmdl - INFO - GCS file name: academic_calendar/7bed2b69-8000-4b36-8e91-7fe0b70c9d82.pdf
2025-10-05 01:02:04,510 - tmdl - INFO - Additional data length: 120
2025-10-05 01:02:04,511 - tmdl - INFO - Current working directory: C:\Users\HP\tmdl5
2025-10-05 01:02:04,513 - tmdl - INFO - File path exists: True
2025-10-05 01:02:04,514 - tmdl - INFO - File size: 176897 bytes
2025-10-05 01:02:04,514 - tmdl - INFO - Sending initial status message
2025-10-05 01:02:04,515 - tmdl - INFO - Teacher ID: 7bed2b69-8000-4b36-8e91-7fe0b70c9d82
2025-10-05 01:02:04,517 - tmdl - INFO - File path: ./uploads/academic_calendar/7bed2b69-8000-4b36-8e91-7fe0b70c9d82.pdf
2025-10-05 01:02:04,518 - tmdl - INFO - 🔍 [DEDUPLICATION] Checking message hash: 1583482125d3b9c0f68c2f17030a5c73 for key: started__Processing academic calendar file..._
2025-10-05 01:02:04,519 - tmdl - INFO - 🔍 [DEDUPLICATION] Local sent_messages set size: 0
2025-10-05 01:02:04,529 - tmdl - INFO - 🔍 [DEDUPLICATION] Global SENT_MESSAGES set size: 0
2025-10-05 01:02:04,530 - tmdl - INFO - 🔍 [DEDUPLICATION] Message content: {'status': 'started', 'message': 'Processing academic calendar file...', 'teacher_id': '7bed2b69-8000-4b36-8e91-7fe0b70c9d82', 'file_path': './uploads/academic_calendar/7bed2b69-8000-4b36-8e91-7fe0b70c9d82.pdf'}
2025-10-05 01:02:04,532 - tmdl - INFO - 🔍 [DEDUPLICATION] Message status: started
2025-10-05 01:02:04,533 - tmdl - INFO - 🔍 [DEDUPLICATION] Message type: 
2025-10-05 01:02:04,533 - tmdl - INFO - 🔍 [DEDUPLICATION] Message text: Processing academic calendar file...
2025-10-05 01:02:04,535 - tmdl - INFO - ➕ [DEDUPLICATION] Adding message hash to both local and global sent_messages: 1583482125d3b9c0f68c2f17030a5c73
2025-10-05 01:02:04,536 - tmdl - INFO - ➕ [DEDUPLICATION] Local set now contains 1 items
2025-10-05 01:02:04,536 - tmdl - INFO - ➕ [DEDUPLICATION] Global set now contains 1 items
2025-10-05 01:02:04,537 - tmdl - INFO - Sending WebSocket message to teacher 7bed2b69-8000-4b36-8e91-7fe0b70c9d82
2025-10-05 01:02:04,538 - tmdl - INFO - Message content: {'status': 'started', 'message': 'Processing academic calendar file...', 'teacher_id': '7bed2b69-8000-4b36-8e91-7fe0b70c9d82', 'file_path': './uploads/academic_calendar/7bed2b69-8000-4b36-8e91-7fe0b70c9d82.pdf'}
2025-10-05 01:02:05,380 - tmdl - INFO - Notification saved for teacher 7bed2b69-8000-4b36-8e91-7fe0b70c9d82: Schedule Update
2025-10-05 01:02:05,381 - tmdl - INFO - Notification saved for teacher 7bed2b69-8000-4b36-8e91-7fe0b70c9d82: Schedule Update
2025-10-05 01:02:05,390 - tmdl - INFO - [Redis] Published to ws:teacher:7bed2b69-8000-4b36-8e91-7fe0b70c9d82: {'status': 'started', 'message': 'Processing academic calendar file...', 'teacher_id': '7bed2b69-8000-4b36-8e91-7fe0b70c9d82', 'file_path': './uploads/academic_calendar/7bed2b69-8000-4b36-8e91-7fe0b70c9d82.pdf'}
2025-10-05 01:02:05,391 - tmdl - INFO - ✅ [DEDUPLICATION] Sent unique WebSocket message with hash: 1583482125d3b9c0f68c2f17030a5c73
2025-10-05 01:02:05,392 - tmdl - INFO - Initial status message sent successfully, result: True
2025-10-05 01:02:05,394 - tmdl - INFO - Checking if file exists: ./uploads/academic_calendar/7bed2b69-8000-4b36-8e91-7fe0b70c9d82.pdf
2025-10-05 01:02:05,397 - tmdl - INFO - File exists: True
2025-10-05 01:02:05,399 - tmdl - INFO - Detecting file type for: ./uploads/academic_calendar/7bed2b69-8000-4b36-8e91-7fe0b70c9d82.pdf
2025-10-05 01:02:05,400 - tmdl - INFO - File path exists: True
2025-10-05 01:02:05,401 - tmdl - INFO - File size: 176897 bytes
2025-10-05 01:02:05,402 - tmdl - INFO - File extension: pdf
2025-10-05 01:02:05,402 - tmdl - INFO - Detected file type: pdf
2025-10-05 01:02:05,403 - tmdl - INFO - Supported extensions: ['pdf', 'jpg', 'jpeg', 'png', 'bmp', 'tiff', 'docx', 'xlsx', 'xls', 'txt']
2025-10-05 01:02:05,404 - tmdl - INFO - 🔍 Detected file type: pdf
2025-10-05 01:02:05,405 - tmdl - INFO - File extension: .pdf
2025-10-05 01:02:05,406 - tmdl - INFO - Sending text extraction progress message
2025-10-05 01:02:05,409 - tmdl - INFO - File type: pdf
2025-10-05 01:02:05,412 - tmdl - INFO - 🔍 [DEDUPLICATION] Checking message hash: f2c8ed8331fceda06790635ef28a8c0f for key: processing__Extracting text from pdf file..._
2025-10-05 01:02:05,414 - tmdl - INFO - 🔍 [DEDUPLICATION] Local sent_messages set size: 1
2025-10-05 01:02:05,415 - tmdl - INFO - 🔍 [DEDUPLICATION] Global SENT_MESSAGES set size: 1
2025-10-05 01:02:05,418 - tmdl - INFO - 🔍 [DEDUPLICATION] Message content: {'status': 'processing', 'message': 'Extracting text from pdf file...', 'teacher_id': '7bed2b69-8000-4b36-8e91-7fe0b70c9d82'}
2025-10-05 01:02:05,419 - tmdl - INFO - 🔍 [DEDUPLICATION] Message status: processing
2025-10-05 01:02:05,420 - tmdl - INFO - 🔍 [DEDUPLICATION] Message type: 
2025-10-05 01:02:05,422 - tmdl - INFO - 🔍 [DEDUPLICATION] Message text: Extracting text from pdf file...
2025-10-05 01:02:05,423 - tmdl - INFO - ➕ [DEDUPLICATION] Adding message hash to both local and global sent_messages: f2c8ed8331fceda06790635ef28a8c0f
2025-10-05 01:02:05,425 - tmdl - INFO - ➕ [DEDUPLICATION] Local set now contains 2 items
2025-10-05 01:02:05,426 - tmdl - INFO - ➕ [DEDUPLICATION] Global set now contains 2 items
2025-10-05 01:02:05,427 - tmdl - INFO - Sending WebSocket message to teacher 7bed2b69-8000-4b36-8e91-7fe0b70c9d82
2025-10-05 01:02:05,428 - tmdl - INFO - Message content: {'status': 'processing', 'message': 'Extracting text from pdf file...', 'teacher_id': '7bed2b69-8000-4b36-8e91-7fe0b70c9d82'}
2025-10-05 01:02:05,451 - tmdl - INFO - [Redis] Published to ws:teacher:7bed2b69-8000-4b36-8e91-7fe0b70c9d82: {'status': 'started', 'message': 'Processing academic calendar file...', 'teacher_id': '7bed2b69-8000-4b36-8e91-7fe0b70c9d82', 'file_path': './uploads/academic_calendar/7bed2b69-8000-4b36-8e91-7fe0b70c9d82.pdf'}
2025-10-05 01:02:05,455 - tmdl - INFO - ✅ [DEDUPLICATION] Sent unique WebSocket message with hash: 1583482125d3b9c0f68c2f17030a5c73
2025-10-05 01:02:05,461 - tmdl - INFO - Initial status message sent successfully, result: True
2025-10-05 01:02:05,463 - tmdl - INFO - Checking if file exists: ./uploads/academic_calendar/7bed2b69-8000-4b36-8e91-7fe0b70c9d82.pdf
2025-10-05 01:02:05,465 - tmdl - INFO - File exists: True
2025-10-05 01:02:05,465 - tmdl - INFO - Detecting file type for: ./uploads/academic_calendar/7bed2b69-8000-4b36-8e91-7fe0b70c9d82.pdf
2025-10-05 01:02:05,467 - tmdl - INFO - File path exists: True
2025-10-05 01:02:05,468 - tmdl - INFO - File size: 176897 bytes
2025-10-05 01:02:05,517 - tmdl - INFO - File extension: pdf
2025-10-05 01:02:05,518 - tmdl - INFO - Detected file type: pdf
2025-10-05 01:02:05,519 - tmdl - INFO - Supported extensions: ['pdf', 'jpg', 'jpeg', 'png', 'bmp', 'tiff', 'docx', 'xlsx', 'xls', 'txt']
2025-10-05 01:02:05,519 - tmdl - INFO - 🔍 Detected file type: pdf
2025-10-05 01:02:05,521 - tmdl - INFO - File extension: .pdf
2025-10-05 01:02:05,646 - tmdl - INFO - Sending text extraction progress message
2025-10-05 01:02:05,649 - tmdl - INFO - File type: pdf
2025-10-05 01:02:05,651 - tmdl - INFO - 🔍 [DEDUPLICATION] Checking message hash: f2c8ed8331fceda06790635ef28a8c0f for key: processing__Extracting text from pdf file..._
2025-10-05 01:02:05,653 - tmdl - INFO - 🔍 [DEDUPLICATION] Local sent_messages set size: 1
2025-10-05 01:02:05,654 - tmdl - INFO - 🔍 [DEDUPLICATION] Global SENT_MESSAGES set size: 1
2025-10-05 01:02:05,655 - tmdl - INFO - 🔍 [DEDUPLICATION] Message content: {'status': 'processing', 'message': 'Extracting text from pdf file...', 'teacher_id': '7bed2b69-8000-4b36-8e91-7fe0b70c9d82'}
2025-10-05 01:02:05,657 - tmdl - INFO - 🔍 [DEDUPLICATION] Message status: processing
2025-10-05 01:02:05,659 - tmdl - INFO - 🔍 [DEDUPLICATION] Message type: 
2025-10-05 01:02:05,661 - tmdl - INFO - 🔍 [DEDUPLICATION] Message text: Extracting text from pdf file...
2025-10-05 01:02:05,664 - tmdl - INFO - ➕ [DEDUPLICATION] Adding message hash to both local and global sent_messages: f2c8ed8331fceda06790635ef28a8c0f
2025-10-05 01:02:05,666 - tmdl - INFO - ➕ [DEDUPLICATION] Local set now contains 2 items
2025-10-05 01:02:05,668 - tmdl - INFO - ➕ [DEDUPLICATION] Global set now contains 2 items
2025-10-05 01:02:05,703 - tmdl - INFO - Sending WebSocket message to teacher 7bed2b69-8000-4b36-8e91-7fe0b70c9d82
2025-10-05 01:02:05,706 - tmdl - INFO - Message content: {'status': 'processing', 'message': 'Extracting text from pdf file...', 'teacher_id': '7bed2b69-8000-4b36-8e91-7fe0b70c9d82'}
2025-10-05 01:02:05,766 - tmdl - INFO - Notification saved for teacher 7bed2b69-8000-4b36-8e91-7fe0b70c9d82: Schedule Update
2025-10-05 01:02:05,799 - tmdl - INFO - [Redis] Published to ws:teacher:7bed2b69-8000-4b36-8e91-7fe0b70c9d82: {'status': 'processing', 'message': 'Extracting text from pdf file...', 'teacher_id': '7bed2b69-8000-4b36-8e91-7fe0b70c9d82'}
2025-10-05 01:02:05,802 - tmdl - INFO - ✅ [DEDUPLICATION] Sent unique WebSocket message with hash: f2c8ed8331fceda06790635ef28a8c0f
2025-10-05 01:02:05,805 - tmdl - INFO - Text extraction progress message sent successfully, result: True
2025-10-05 01:02:05,814 - tmdl - INFO - Extracting text from pdf file
2025-10-05 01:02:05,815 - tmdl - INFO - 📄 Extracting text from PDF: ./uploads/academic_calendar/7bed2b69-8000-4b36-8e91-7fe0b70c9d82.pdf
2025-10-05 01:02:05,817 - tmdl - INFO - Trying pdfplumber for digital PDFs
2025-10-05 01:02:06,034 - tmdl - INFO - Processing page 1/3
2025-10-05 01:02:06,938 - tmdl - INFO - Processing page 2/3
2025-10-05 01:02:07,742 - tmdl - INFO - Processing page 3/3
2025-10-05 01:02:08,409 - tmdl - INFO - ✅ Successfully extracted text using pdfplumber: 6251 characters
2025-10-05 01:02:08,410 - tmdl - INFO - 📄 Extracted 6251 characters from file
2025-10-05 01:02:08,411 - tmdl - INFO - First 200 characters of extracted text: ACADEMIC CALENDAR
2024/2025 ACADEMIC YEAR
FIRST SEMESTER (REVISED)
LEVELS 200, 300 & 400 STUDENTS
ACTIVITY SCHEDULE (12 WEEKS OF TEACHING)
Deadline for Uploading Courses and Linking of First Semester 
2025-10-05 01:02:08,412 - tmdl - INFO - Sending AI processing progress message
2025-10-05 01:02:08,412 - tmdl - INFO - Extracted text length: 6251
2025-10-05 01:02:08,413 - tmdl - INFO - 🔍 [DEDUPLICATION] Checking message hash: b738f4a85418b0db47213ba878e2bca1 for key: processing__Processing extracted text with AI..._
2025-10-05 01:02:08,414 - tmdl - INFO - 🔍 [DEDUPLICATION] Local sent_messages set size: 2
2025-10-05 01:02:08,415 - tmdl - INFO - 🔍 [DEDUPLICATION] Global SENT_MESSAGES set size: 2
2025-10-05 01:02:08,415 - tmdl - INFO - 🔍 [DEDUPLICATION] Message content: {'status': 'processing', 'message': 'Processing extracted text with AI...', 'teacher_id': '7bed2b69-8000-4b36-8e91-7fe0b70c9d82', 'extracted_text_length': 6251}
2025-10-05 01:02:08,416 - tmdl - INFO - 🔍 [DEDUPLICATION] Message status: processing
2025-10-05 01:02:08,417 - tmdl - INFO - 🔍 [DEDUPLICATION] Message type: 
2025-10-05 01:02:08,418 - tmdl - INFO - 🔍 [DEDUPLICATION] Message text: Processing extracted text with AI...
2025-10-05 01:02:08,419 - tmdl - INFO - ➕ [DEDUPLICATION] Adding message hash to both local and global sent_messages: b738f4a85418b0db47213ba878e2bca1
2025-10-05 01:02:08,419 - tmdl - INFO - ➕ [DEDUPLICATION] Local set now contains 3 items
2025-10-05 01:02:08,420 - tmdl - INFO - ➕ [DEDUPLICATION] Global set now contains 3 items
2025-10-05 01:02:08,421 - tmdl - INFO - Sending WebSocket message to teacher 7bed2b69-8000-4b36-8e91-7fe0b70c9d82
2025-10-05 01:02:08,422 - tmdl - INFO - Message content: {'status': 'processing', 'message': 'Processing extracted text with AI...', 'teacher_id': '7bed2b69-8000-4b36-8e91-7fe0b70c9d82', 'extracted_text_length': 6251}
2025-10-05 01:02:08,444 - tmdl - INFO - Notification saved for teacher 7bed2b69-8000-4b36-8e91-7fe0b70c9d82: Schedule Update
2025-10-05 01:02:08,446 - tmdl - INFO - Notification saved for teacher 7bed2b69-8000-4b36-8e91-7fe0b70c9d82: Schedule Update
2025-10-05 01:02:08,452 - tmdl - INFO - [Redis] Published to ws:teacher:7bed2b69-8000-4b36-8e91-7fe0b70c9d82: {'status': 'processing', 'message': 'Extracting text from pdf file...', 'teacher_id': '7bed2b69-8000-4b36-8e91-7fe0b70c9d82'}
2025-10-05 01:02:08,466 - tmdl - INFO - ✅ [DEDUPLICATION] Sent unique WebSocket message with hash: f2c8ed8331fceda06790635ef28a8c0f
2025-10-05 01:02:08,468 - tmdl - INFO - Text extraction progress message sent successfully, result: True
2025-10-05 01:02:08,470 - tmdl - INFO - Extracting text from pdf file
2025-10-05 01:02:08,475 - tmdl - INFO - 📄 Extracting text from PDF: ./uploads/academic_calendar/7bed2b69-8000-4b36-8e91-7fe0b70c9d82.pdf
2025-10-05 01:02:08,482 - tmdl - INFO - Trying pdfplumber for digital PDFs
2025-10-05 01:02:08,497 - tmdl - INFO - Processing page 1/3
2025-10-05 01:02:09,482 - tmdl - INFO - Processing page 2/3
2025-10-05 01:02:10,419 - tmdl - INFO - Processing page 3/3
2025-10-05 01:02:11,164 - tmdl - INFO - ✅ Successfully extracted text using pdfplumber: 6251 characters
2025-10-05 01:02:11,166 - tmdl - INFO - 📄 Extracted 6251 characters from file
2025-10-05 01:02:11,167 - tmdl - INFO - First 200 characters of extracted text: ACADEMIC CALENDAR
2024/2025 ACADEMIC YEAR
FIRST SEMESTER (REVISED)
LEVELS 200, 300 & 400 STUDENTS
ACTIVITY SCHEDULE (12 WEEKS OF TEACHING)
Deadline for Uploading Courses and Linking of First Semester 
2025-10-05 01:02:11,168 - tmdl - INFO - Sending AI processing progress message
2025-10-05 01:02:11,169 - tmdl - INFO - Extracted text length: 6251
2025-10-05 01:02:11,170 - tmdl - INFO - 🔍 [DEDUPLICATION] Checking message hash: b738f4a85418b0db47213ba878e2bca1 for key: processing__Processing extracted text with AI..._
2025-10-05 01:02:11,171 - tmdl - INFO - 🔍 [DEDUPLICATION] Local sent_messages set size: 2
2025-10-05 01:02:11,172 - tmdl - INFO - 🔍 [DEDUPLICATION] Global SENT_MESSAGES set size: 2
2025-10-05 01:02:11,173 - tmdl - INFO - 🔍 [DEDUPLICATION] Message content: {'status': 'processing', 'message': 'Processing extracted text with AI...', 'teacher_id': '7bed2b69-8000-4b36-8e91-7fe0b70c9d82', 'extracted_text_length': 6251}
2025-10-05 01:02:11,174 - tmdl - INFO - 🔍 [DEDUPLICATION] Message status: processing
2025-10-05 01:02:11,175 - tmdl - INFO - 🔍 [DEDUPLICATION] Message type: 
2025-10-05 01:02:11,176 - tmdl - INFO - 🔍 [DEDUPLICATION] Message text: Processing extracted text with AI...
2025-10-05 01:02:11,177 - tmdl - INFO - ➕ [DEDUPLICATION] Adding message hash to both local and global sent_messages: b738f4a85418b0db47213ba878e2bca1
2025-10-05 01:02:11,178 - tmdl - INFO - ➕ [DEDUPLICATION] Local set now contains 3 items
2025-10-05 01:02:11,179 - tmdl - INFO - ➕ [DEDUPLICATION] Global set now contains 3 items
2025-10-05 01:02:11,180 - tmdl - INFO - Sending WebSocket message to teacher 7bed2b69-8000-4b36-8e91-7fe0b70c9d82
2025-10-05 01:02:11,181 - tmdl - INFO - Message content: {'status': 'processing', 'message': 'Processing extracted text with AI...', 'teacher_id': '7bed2b69-8000-4b36-8e91-7fe0b70c9d82', 'extracted_text_length': 6251}
2025-10-05 01:02:11,183 - tmdl - INFO - [Redis] Published to ws:teacher:7bed2b69-8000-4b36-8e91-7fe0b70c9d82: {'status': 'processing', 'message': 'Processing extracted text with AI...', 'teacher_id': '7bed2b69-8000-4b36-8e91-7fe0b70c9d82', 'extracted_text_length': 6251}
2025-10-05 01:02:11,184 - tmdl - INFO - ✅ [DEDUPLICATION] Sent unique WebSocket message with hash: b738f4a85418b0db47213ba878e2bca1
2025-10-05 01:02:11,185 - tmdl - INFO - AI processing progress message sent successfully, result: True
2025-10-05 01:02:11,186 - tmdl - INFO - Sending extracted text to AI for processing
2025-10-05 01:02:11,188 - tmdl - INFO - GEMINI_API_KEY available: True
2025-10-05 01:02:11,191 - tmdl - INFO - GCS_BUCKET_NAME: teacher_module_acatable_bucket
2025-10-05 01:02:11,192 - tmdl - INFO - GCS file name: academic_calendar/7bed2b69-8000-4b36-8e91-7fe0b70c9d82.pdf
2025-10-05 01:02:11,193 - tmdl - INFO - Additional data length: 120
2025-10-05 01:02:26,753 - tmdl - INFO - AI result received: <class 'dict'>
2025-10-05 01:02:26,753 - tmdl - INFO - AI result keys: ['semester_name', 'semester_start_date', 'semester_end_date', 'mid_semester_break_start_date', 'mid_semester_break_end_date', 'midsem_exams_date', 'revision_start_date', 'calendar_events']
2025-10-05 01:02:26,755 - tmdl - INFO - AI processing successful, no error in result
2025-10-05 01:02:26,755 - tmdl - INFO - AI processing successful
2025-10-05 01:02:26,756 - tmdl - INFO - AI result type: <class 'dict'>
2025-10-05 01:02:26,757 - tmdl - INFO - AI result keys: ['semester_name', 'semester_start_date', 'semester_end_date', 'mid_semester_break_start_date', 'mid_semester_break_end_date', 'midsem_exams_date', 'revision_start_date', 'calendar_events']
2025-10-05 01:02:26,757 - tmdl - INFO - AI result semester_name: First Semester 2024/2025
2025-10-05 01:02:26,758 - tmdl - INFO - AI result calendar_events count: 21
2025-10-05 01:02:26,759 - tmdl - INFO - First calendar event: {'event_name': 'Deadline for Uploading Courses and Linking of First Semester Courses to Lecturers (Levels 200, 300 & 400)', 'event_start_date': '2024-08-19', 'event_end_date': '2024-08-19', 'is_holiday': False, 'requires_no_classes': False}
2025-10-05 01:02:26,760 - tmdl - INFO - AI result: {'semester_name': 'First Semester 2024/2025', 'semester_start_date': '2024-11-04', 'semester_end_date': '2025-02-14', 'mid_semester_break_start_date': '2024-12-06', 'mid_semester_break_end_date': '2024-12-08', 'midsem_exams_date': '2024-12-09', 'revision_start_date': '2025-02-10', 'calendar_events': [{'event_name': 'Deadline for Uploading Courses and Linking of First Semester Courses to Lecturers (Levels 200, 300 & 400)', 'event_start_date': '2024-08-19', 'event_end_date': '2024-08-19', 'is_holiday': False, 'requires_no_classes': False}, {'event_name': 'Registration (LEVELS 200, 300 & 400)', 'event_start_date': '2024-09-04', 'event_end_date': '2024-11-08', 'is_holiday': False, 'requires_no_classes': True}, {'event_name': 'Add/Drop of Courses/Deferment', 'event_start_date': '2024-09-04', 'event_end_date': '2024-11-08', 'is_holiday': False, 'requires_no_classes': True}, {'event_name': 'Registration for Re-sit of First Semester Courses', 'event_start_date': '2024-10-28', 'event_end_date': '2024-11-15', 'is_holiday': False, 'requires_no_classes': True}, {'event_name': 'Continuing Students Report', 'event_start_date': '2024-10-31', 'event_end_date': '2024-11-03', 'is_holiday': False, 'requires_no_classes': True}, {'event_name': 'Teaching Begins', 'event_start_date': '2024-11-04', 'event_end_date': '2024-11-04', 'is_holiday': False, 'requires_no_classes': False}, {'event_name': 'Break for Farmers’ Day and Elections 2024', 'event_start_date': '2024-12-06', 'event_end_date': '2024-12-08', 'is_holiday': True, 'requires_no_classes': True}, {'event_name': 'Interim Assessment', 'event_start_date': '2024-12-09', 'event_end_date': '2024-12-22', 'is_holiday': False, 'requires_no_classes': False}, {'event_name': 'Registration for Supplementary Re-sit Exams for Second Semester Courses', 'event_start_date': '2024-12-09', 'event_end_date': '2024-12-13', 'is_holiday': False, 'requires_no_classes': True}, {'event_name': 'UG OPEN DAY', 'event_start_date': '2024-12-11', 'event_end_date': '2024-12-13', 'is_holiday': False, 'requires_no_classes': False}, {'event_name': 'Christmas Break', 'event_start_date': '2024-12-21', 'event_end_date': '2025-01-06', 'is_holiday': True, 'requires_no_classes': True}, {'event_name': 'Christmas Day', 'event_start_date': '2024-12-25', 'event_end_date': '2024-12-25', 'is_holiday': True, 'requires_no_classes': True}, {'event_name': 'Boxing Day', 'event_start_date': '2024-12-26', 'event_end_date': '2024-12-26', 'is_holiday': True, 'requires_no_classes': True}, {'event_name': 'New Year’s Day', 'event_start_date': '2025-01-01', 'event_end_date': '2025-01-01', 'is_holiday': True, 'requires_no_classes': True}, {'event_name': 'Teaching resumes', 'event_start_date': '2025-01-08', 'event_end_date': '2025-01-08', 'is_holiday': False, 'requires_no_classes': False}, {'event_name': 'Constitution Day', 'event_start_date': '2025-01-07', 'event_end_date': '2025-01-07', 'is_holiday': True, 'requires_no_classes': True}, {'event_name': 'Students’ Evaluation of Lecturers', 'event_start_date': '2025-01-27', 'event_end_date': '2025-02-07', 'is_holiday': False, 'requires_no_classes': False}, {'event_name': 'Teaching Ends', 'event_start_date': '2025-02-07', 'event_end_date': '2025-02-07', 'is_holiday': False, 'requires_no_classes': False}, {'event_name': 'Revision', 'event_start_date': '2025-02-10', 'event_end_date': '2025-02-14', 'is_holiday': False, 'requires_no_classes': True}, {'event_name': 'First Semester Examinations', 'event_start_date': '2025-02-15', 'event_end_date': '2025-03-09', 'is_holiday': False, 'requires_no_classes': True}, {'event_name': 'Independence Day', 'event_start_date': '2025-03-06', 'event_end_date': '2025-03-06', 'is_holiday': True, 'requires_no_classes': True}]}
2025-10-05 01:02:26,766 - tmdl - INFO - Validating calendar data. Data type: <class 'dict'>
2025-10-05 01:02:26,767 - tmdl - INFO - 🔍 Calendar data structure: <class 'dict'>
2025-10-05 01:02:26,768 - tmdl - INFO - 🔍 Calendar data keys: ['semester_name', 'semester_start_date', 'semester_end_date', 'mid_semester_break_start_date', 'mid_semester_break_end_date', 'midsem_exams_date', 'revision_start_date', 'calendar_events']
2025-10-05 01:02:26,769 - tmdl - INFO - Has root calendar fields: True
2025-10-05 01:02:26,770 - tmdl - INFO - Has calendar events: True
2025-10-05 01:02:26,771 - tmdl - INFO - ✅ Academic calendar data is correctly structured from AI response
2025-10-05 01:02:26,772 - tmdl - INFO - 📊 Found academic calendar with 21 events
2025-10-05 01:02:26,773 - tmdl - INFO - 📋 Calendar data keys: ['academic_calendar', 'calendar_events']
2025-10-05 01:02:26,774 - tmdl - INFO - 📋 Academic calendar data: {'semester_name': 'First Semester 2024/2025', 'semester_start_date': '2024-11-04', 'semester_end_date': '2025-02-14', 'mid_semester_break_start_date': '2024-12-06', 'mid_semester_break_end_date': '2024-12-08', 'midsem_exams_date': '2024-12-09', 'revision_start_date': '2025-02-10'}
2025-10-05 01:02:26,776 - tmdl - INFO - 📋 Academic calendar keys: ['semester_name', 'semester_start_date', 'semester_end_date', 'mid_semester_break_start_date', 'mid_semester_break_end_date', 'midsem_exams_date', 'revision_start_date']
2025-10-05 01:02:26,779 - tmdl - INFO - 📋 First calendar event: {'event_name': 'Deadline for Uploading Courses and Linking of First Semester Courses to Lecturers (Levels 200, 300 & 400)', 'event_start_date': '2024-08-19', 'event_end_date': '2024-08-19', 'is_holiday': False, 'requires_no_classes': False}
2025-10-05 01:02:26,781 - tmdl - INFO - Sending saving progress message
2025-10-05 01:02:26,783 - tmdl - INFO - Calendar events count: 21
2025-10-05 01:02:26,785 - tmdl - INFO - 🔍 [DEDUPLICATION] Checking message hash: 84cc8ef433a1d92ed73f7605aa948a75 for key: processing__Saving academic calendar with 21 events..._21
2025-10-05 01:02:26,786 - tmdl - INFO - 🔍 [DEDUPLICATION] Local sent_messages set size: 3
2025-10-05 01:02:26,787 - tmdl - INFO - 🔍 [DEDUPLICATION] Global SENT_MESSAGES set size: 3
2025-10-05 01:02:26,788 - tmdl - INFO - 🔍 [DEDUPLICATION] Message content: {'status': 'processing', 'message': 'Saving academic calendar with 21 events...', 'teacher_id': '7bed2b69-8000-4b36-8e91-7fe0b70c9d82', 'event_count': 21}
2025-10-05 01:02:26,791 - tmdl - INFO - 🔍 [DEDUPLICATION] Message status: processing
2025-10-05 01:02:26,792 - tmdl - INFO - 🔍 [DEDUPLICATION] Message type: 
2025-10-05 01:02:26,793 - tmdl - INFO - 🔍 [DEDUPLICATION] Message text: Saving academic calendar with 21 events...
2025-10-05 01:02:26,794 - tmdl - INFO - ➕ [DEDUPLICATION] Adding message hash to both local and global sent_messages: 84cc8ef433a1d92ed73f7605aa948a75
2025-10-05 01:02:26,795 - tmdl - INFO - ➕ [DEDUPLICATION] Local set now contains 4 items
2025-10-05 01:02:26,796 - tmdl - INFO - ➕ [DEDUPLICATION] Global set now contains 4 items
2025-10-05 01:02:26,797 - tmdl - INFO - Sending WebSocket message to teacher 7bed2b69-8000-4b36-8e91-7fe0b70c9d82
2025-10-05 01:02:26,797 - tmdl - INFO - Message content: {'status': 'processing', 'message': 'Saving academic calendar with 21 events...', 'teacher_id': '7bed2b69-8000-4b36-8e91-7fe0b70c9d82', 'event_count': 21}
2025-10-05 01:02:26,819 - tmdl - INFO - Notification saved for teacher 7bed2b69-8000-4b36-8e91-7fe0b70c9d82: Schedule Update
2025-10-05 01:02:26,822 - tmdl - INFO - Notification saved for teacher 7bed2b69-8000-4b36-8e91-7fe0b70c9d82: Schedule Update
2025-10-05 01:02:26,829 - tmdl - INFO - [Redis] Published to ws:teacher:7bed2b69-8000-4b36-8e91-7fe0b70c9d82: {'status': 'processing', 'message': 'Saving academic calendar with 21 events...', 'teacher_id': '7bed2b69-8000-4b36-8e91-7fe0b70c9d82', 'event_count': 21}
2025-10-05 01:02:26,830 - tmdl - INFO - ✅ [DEDUPLICATION] Sent unique WebSocket message with hash: 84cc8ef433a1d92ed73f7605aa948a75
2025-10-05 01:02:26,833 - tmdl - INFO - Saving progress message sent successfully, result: True
2025-10-05 01:02:26,846 - tmdl - INFO - [Redis] Published to ws:teacher:7bed2b69-8000-4b36-8e91-7fe0b70c9d82: {'status': 'processing', 'message': 'Processing extracted text with AI...', 'teacher_id': '7bed2b69-8000-4b36-8e91-7fe0b70c9d82', 'extracted_text_length': 6251}
2025-10-05 01:02:26,861 - tmdl - INFO - ✅ [DEDUPLICATION] Sent unique WebSocket message with hash: b738f4a85418b0db47213ba878e2bca1
2025-10-05 01:02:26,865 - tmdl - INFO - AI processing progress message sent successfully, result: True
2025-10-05 01:02:26,866 - tmdl - INFO - Sending extracted text to AI for processing
2025-10-05 01:02:26,870 - tmdl - INFO - GEMINI_API_KEY available: True
2025-10-05 01:02:26,875 - tmdl - INFO - GCS_BUCKET_NAME: teacher_module_acatable_bucket
2025-10-05 01:02:26,877 - tmdl - INFO - GCS file name: academic_calendar/7bed2b69-8000-4b36-8e91-7fe0b70c9d82.pdf
2025-10-05 01:02:26,878 - tmdl - INFO - Additional data length: 120
2025-10-05 01:02:27,732 - tmdl - INFO - Token decoded: user@gmail.com (Role: sch_teacher, School: None, individual ID: 791dbae6-21e7-4b48-bb82-5c378aca8886)
2025-10-05 01:02:27,740 - tmdl - INFO - Current user resolved: user@gmail.com (ID: 7bed2b69-8000-4b36-8e91-7fe0b70c9d82)
2025-10-05 01:02:43,482 - tmdl - INFO - AI result received: <class 'dict'>
2025-10-05 01:02:43,483 - tmdl - INFO - AI result keys: ['semester_name', 'semester_start_date', 'semester_end_date', 'mid_semester_break_start_date', 'mid_semester_break_end_date', 'midsem_exams_date', 'revision_start_date', 'calendar_events']
2025-10-05 01:02:43,484 - tmdl - INFO - AI processing successful, no error in result
2025-10-05 01:02:43,485 - tmdl - INFO - AI processing successful
2025-10-05 01:02:43,486 - tmdl - INFO - AI result type: <class 'dict'>
2025-10-05 01:02:43,487 - tmdl - INFO - AI result keys: ['semester_name', 'semester_start_date', 'semester_end_date', 'mid_semester_break_start_date', 'mid_semester_break_end_date', 'midsem_exams_date', 'revision_start_date', 'calendar_events']
2025-10-05 01:02:43,489 - tmdl - INFO - AI result semester_name: First Semester 2024/2025
2025-10-05 01:02:43,492 - tmdl - INFO - AI result calendar_events count: 29
2025-10-05 01:02:43,493 - tmdl - INFO - First calendar event: {'event_name': 'Deadline for Uploading Courses and Linking of First Semester Courses to Lecturers (All Levels 200, 300 & 400)', 'event_start_date': '2024-08-19', 'event_end_date': '2024-08-19', 'is_holiday': False, 'requires_no_classes': False}
2025-10-05 01:02:43,494 - tmdl - INFO - AI result: {'semester_name': 'First Semester 2024/2025', 'semester_start_date': '2024-11-04', 'semester_end_date': '2025-02-14', 'mid_semester_break_start_date': '2024-12-06', 'mid_semester_break_end_date': '2024-12-08', 'midsem_exams_date': '2024-12-09', 'revision_start_date': '2025-02-10', 'calendar_events': [{'event_name': 'Deadline for Uploading Courses and Linking of First Semester Courses to Lecturers (All Levels 200, 300 & 400)', 'event_start_date': '2024-08-19', 'event_end_date': '2024-08-19', 'is_holiday': False, 'requires_no_classes': False}, {'event_name': 'Registration (LEVELS 200, 300 & 400)', 'event_start_date': '2024-09-04', 'event_end_date': '2024-11-08', 'is_holiday': False, 'requires_no_classes': True}, {'event_name': 'Add/Drop of Courses/Deferment', 'event_start_date': '2024-09-04', 'event_end_date': '2024-11-08', 'is_holiday': False, 'requires_no_classes': True}, {'event_name': 'Registration for Re-sit of First Semester Courses', 'event_start_date': '2024-10-28', 'event_end_date': '2024-11-15', 'is_holiday': False, 'requires_no_classes': True}, {'event_name': 'Continuing Students Report', 'event_start_date': '2024-10-31', 'event_end_date': '2024-11-03', 'is_holiday': False, 'requires_no_classes': True}, {'event_name': 'Teaching Begins', 'event_start_date': '2024-11-04', 'event_end_date': '2024-11-04', 'is_holiday': False, 'requires_no_classes': False}, {'event_name': 'Break for Farmers’ Day and Elections 2024', 'event_start_date': '2024-12-06', 'event_end_date': '2024-12-08', 'is_holiday': True, 'requires_no_classes': True}, {'event_name': 'Interim Assessment', 'event_start_date': '2024-12-09', 'event_end_date': '2024-12-22', 'is_holiday': False, 'requires_no_classes': False}, {'event_name': 'Registration for Supplementary Re-sit Exams for Second Semester Courses', 'event_start_date': '2024-12-09', 'event_end_date': '2024-12-13', 'is_holiday': False, 'requires_no_classes': True}, {'event_name': 'UG OPEN DAY', 'event_start_date': '2024-12-11', 'event_end_date': '2024-12-13', 'is_holiday': False, 'requires_no_classes': False}, {'event_name': 'Christmas Break', 'event_start_date': '2024-12-21', 'event_end_date': '2025-01-06', 'is_holiday': True, 'requires_no_classes': True}, {'event_name': "New Year's Day", 'event_start_date': '2025-01-01', 'event_end_date': '2025-01-01', 'is_holiday': True, 'requires_no_classes': True}, {'event_name': 'Teaching resumes', 'event_start_date': '2025-01-08', 'event_end_date': '2025-01-08', 'is_holiday': False, 'requires_no_classes': False}, {'event_name': 'Constitution Day', 'event_start_date': '2025-01-07', 'event_end_date': '2025-01-07', 'is_holiday': True, 'requires_no_classes': True}, {'event_name': 'Students’ Evaluation of Lecturers', 'event_start_date': '2025-01-27', 'event_end_date': '2025-02-07', 'is_holiday': False, 'requires_no_classes': False}, {'event_name': 'Teaching Ends', 'event_start_date': '2025-02-07', 'event_end_date': '2025-02-07', 'is_holiday': False, 'requires_no_classes': False}, {'event_name': 'Revision', 'event_start_date': '2025-02-10', 'event_end_date': '2025-02-14', 'is_holiday': False, 'requires_no_classes': True}, {'event_name': 'First Semester Examinations', 'event_start_date': '2025-02-15', 'event_end_date': '2025-03-09', 'is_holiday': False, 'requires_no_classes': True}, {'event_name': 'Supplementary Re-Sit Examinations for Second Semester Courses', 'event_start_date': '2025-03-10', 'event_end_date': '2025-03-21', 'is_holiday': False, 'requires_no_classes': True}, {'event_name': 'Inter-Semester Break', 'event_start_date': '2025-03-10', 'event_end_date': '2025-05-22', 'is_holiday': True, 'requires_no_classes': True}, {'event_name': 'Independence Day', 'event_start_date': '2025-03-06', 'event_end_date': '2025-03-06', 'is_holiday': True, 'requires_no_classes': True}, {'event_name': 'Good Friday', 'event_start_date': '2025-04-18', 'event_end_date': '2025-04-18', 'is_holiday': True, 'requires_no_classes': True}, {'event_name': 'Easter Monday', 'event_start_date': '2025-04-21', 'event_end_date': '2025-04-21', 'is_holiday': True, 'requires_no_classes': True}, {'event_name': 'May Day', 'event_start_date': '2025-05-01', 'event_end_date': '2025-05-01', 'is_holiday': True, 'requires_no_classes': True}, {'event_name': 'Founders’ Day', 'event_start_date': '2025-08-04', 'event_end_date': '2025-08-04', 'is_holiday': True, 'requires_no_classes': True}, {'event_name': 'Kwame Nkrumah Mem. Day', 'event_start_date': '2025-09-21', 'event_end_date': '2025-09-21', 'is_holiday': True, 'requires_no_classes': True}, {'event_name': 'Christmas Day', 'event_start_date': '2024-12-25', 'event_end_date': '2024-12-25', 'is_holiday': True, 'requires_no_classes': True}, {'event_name': 'Boxing Day', 'event_start_date': '2024-12-26', 'event_end_date': '2024-12-26', 'is_holiday': True, 'requires_no_classes': True}, {'event_name': 'WEAR UG DAY', 'event_start_date': '2024-11-20', 'event_end_date': '2024-11-20', 'is_holiday': False, 'requires_no_classes': False}]}
2025-10-05 01:02:43,501 - tmdl - INFO - Validating calendar data. Data type: <class 'dict'>
2025-10-05 01:02:43,502 - tmdl - INFO - 🔍 Calendar data structure: <class 'dict'>
2025-10-05 01:02:43,503 - tmdl - INFO - 🔍 Calendar data keys: ['semester_name', 'semester_start_date', 'semester_end_date', 'mid_semester_break_start_date', 'mid_semester_break_end_date', 'midsem_exams_date', 'revision_start_date', 'calendar_events']
2025-10-05 01:02:43,506 - tmdl - INFO - Has root calendar fields: True
2025-10-05 01:02:43,507 - tmdl - INFO - Has calendar events: True
2025-10-05 01:02:43,508 - tmdl - INFO - ✅ Academic calendar data is correctly structured from AI response
2025-10-05 01:02:43,509 - tmdl - INFO - 📊 Found academic calendar with 29 events
2025-10-05 01:02:43,510 - tmdl - INFO - 📋 Calendar data keys: ['academic_calendar', 'calendar_events']
2025-10-05 01:02:43,511 - tmdl - INFO - 📋 Academic calendar data: {'semester_name': 'First Semester 2024/2025', 'semester_start_date': '2024-11-04', 'semester_end_date': '2025-02-14', 'mid_semester_break_start_date': '2024-12-06', 'mid_semester_break_end_date': '2024-12-08', 'midsem_exams_date': '2024-12-09', 'revision_start_date': '2025-02-10'}
2025-10-05 01:02:43,512 - tmdl - INFO - 📋 Academic calendar keys: ['semester_name', 'semester_start_date', 'semester_end_date', 'mid_semester_break_start_date', 'mid_semester_break_end_date', 'midsem_exams_date', 'revision_start_date']
2025-10-05 01:02:43,514 - tmdl - INFO - 📋 First calendar event: {'event_name': 'Deadline for Uploading Courses and Linking of First Semester Courses to Lecturers (All Levels 200, 300 & 400)', 'event_start_date': '2024-08-19', 'event_end_date': '2024-08-19', 'is_holiday': False, 'requires_no_classes': False}
2025-10-05 01:02:43,515 - tmdl - INFO - Sending saving progress message
2025-10-05 01:02:43,517 - tmdl - INFO - Calendar events count: 29
2025-10-05 01:02:43,518 - tmdl - INFO - 🔍 [DEDUPLICATION] Checking message hash: e5cd1008cd2f801c5a279d453885a4fd for key: processing__Saving academic calendar with 29 events..._29
2025-10-05 01:02:43,520 - tmdl - INFO - 🔍 [DEDUPLICATION] Local sent_messages set size: 3
2025-10-05 01:02:43,521 - tmdl - INFO - 🔍 [DEDUPLICATION] Global SENT_MESSAGES set size: 3
2025-10-05 01:02:43,523 - tmdl - INFO - 🔍 [DEDUPLICATION] Message content: {'status': 'processing', 'message': 'Saving academic calendar with 29 events...', 'teacher_id': '7bed2b69-8000-4b36-8e91-7fe0b70c9d82', 'event_count': 29}
2025-10-05 01:02:43,524 - tmdl - INFO - 🔍 [DEDUPLICATION] Message status: processing
2025-10-05 01:02:43,526 - tmdl - INFO - 🔍 [DEDUPLICATION] Message type: 
2025-10-05 01:02:43,528 - tmdl - INFO - 🔍 [DEDUPLICATION] Message text: Saving academic calendar with 29 events...
2025-10-05 01:02:43,530 - tmdl - INFO - ➕ [DEDUPLICATION] Adding message hash to both local and global sent_messages: e5cd1008cd2f801c5a279d453885a4fd
2025-10-05 01:02:43,531 - tmdl - INFO - ➕ [DEDUPLICATION] Local set now contains 4 items
2025-10-05 01:02:43,532 - tmdl - INFO - ➕ [DEDUPLICATION] Global set now contains 4 items
2025-10-05 01:02:43,533 - tmdl - INFO - Sending WebSocket message to teacher 7bed2b69-8000-4b36-8e91-7fe0b70c9d82
2025-10-05 01:02:43,534 - tmdl - INFO - Message content: {'status': 'processing', 'message': 'Saving academic calendar with 29 events...', 'teacher_id': '7bed2b69-8000-4b36-8e91-7fe0b70c9d82', 'event_count': 29}
2025-10-05 01:02:43,574 - tmdl - INFO - Notification saved for teacher 7bed2b69-8000-4b36-8e91-7fe0b70c9d82: Schedule Update
2025-10-05 01:02:43,581 - tmdl - INFO - [Redis] Published to ws:teacher:7bed2b69-8000-4b36-8e91-7fe0b70c9d82: {'status': 'processing', 'message': 'Saving academic calendar with 29 events...', 'teacher_id': '7bed2b69-8000-4b36-8e91-7fe0b70c9d82', 'event_count': 29}
2025-10-05 01:02:43,602 - tmdl - INFO - ✅ [DEDUPLICATION] Sent unique WebSocket message with hash: e5cd1008cd2f801c5a279d453885a4fd
2025-10-05 01:02:43,607 - tmdl - INFO - Saving progress message sent successfully, result: True
2025-10-05 01:02:43,632 - tmdl - INFO - Teacher lookup result: True
2025-10-05 01:02:43,635 - tmdl - INFO - Teacher ID: 7bed2b69-8000-4b36-8e91-7fe0b70c9d82
2025-10-05 01:02:43,637 - tmdl - INFO - Teacher display name: prince yeboah
2025-10-05 01:02:43,639 - tmdl - INFO - Querying existing TempExtract entries
2025-10-05 01:02:43,640 - tmdl - INFO - Teacher ID: 7bed2b69-8000-4b36-8e91-7fe0b70c9d82
2025-10-05 01:02:43,640 - tmdl - INFO - Entry type: academic calendar
2025-10-05 01:02:43,661 - tmdl - INFO - 🔍 Found 0 existing TempExtract entries
2025-10-05 01:02:43,662 - tmdl - INFO - Prepared temp_data structure: ['academic_calendar', 'calendar_events', 'event_count', 'extracted_at']
2025-10-05 01:02:43,663 - tmdl - INFO - Academic calendar in temp_data: {'semester_name': 'First Semester 2024/2025', 'semester_start_date': '2024-11-04', 'semester_end_date': '2025-02-14', 'mid_semester_break_start_date': '2024-12-06', 'mid_semester_break_end_date': '2024-12-08', 'midsem_exams_date': '2024-12-09', 'revision_start_date': '2025-02-10'}
2025-10-05 01:02:43,664 - tmdl - INFO - Event count in temp_data: 21
2025-10-05 01:02:43,665 - tmdl - INFO - Extracted at timestamp: 2025-10-05T00:02:43.662685
2025-10-05 01:02:43,666 - tmdl - INFO - Processing 21 calendar events
2025-10-05 01:02:43,668 - tmdl - INFO - Processing event 1/21
2025-10-05 01:02:43,669 - tmdl - INFO - Event data keys: ['event_name', 'event_start_date', 'event_end_date', 'is_holiday', 'requires_no_classes']
2025-10-05 01:02:43,674 - tmdl - INFO - Processing event 2/21
2025-10-05 01:02:43,675 - tmdl - INFO - Event data keys: ['event_name', 'event_start_date', 'event_end_date', 'is_holiday', 'requires_no_classes']
2025-10-05 01:02:43,676 - tmdl - INFO - Processing event 3/21
2025-10-05 01:02:43,677 - tmdl - INFO - Event data keys: ['event_name', 'event_start_date', 'event_end_date', 'is_holiday', 'requires_no_classes']
2025-10-05 01:02:43,678 - tmdl - INFO - Processing event 4/21
2025-10-05 01:02:43,679 - tmdl - INFO - Event data keys: ['event_name', 'event_start_date', 'event_end_date', 'is_holiday', 'requires_no_classes']
2025-10-05 01:02:43,680 - tmdl - INFO - Processing event 5/21
2025-10-05 01:02:43,681 - tmdl - INFO - Event data keys: ['event_name', 'event_start_date', 'event_end_date', 'is_holiday', 'requires_no_classes']
2025-10-05 01:02:43,681 - tmdl - INFO - Processing event 6/21
2025-10-05 01:02:43,682 - tmdl - INFO - Event data keys: ['event_name', 'event_start_date', 'event_end_date', 'is_holiday', 'requires_no_classes']
2025-10-05 01:02:43,683 - tmdl - INFO - Processing event 7/21
2025-10-05 01:02:43,683 - tmdl - INFO - Event data keys: ['event_name', 'event_start_date', 'event_end_date', 'is_holiday', 'requires_no_classes']
2025-10-05 01:02:43,685 - tmdl - INFO - Processing event 8/21
2025-10-05 01:02:43,685 - tmdl - INFO - Event data keys: ['event_name', 'event_start_date', 'event_end_date', 'is_holiday', 'requires_no_classes']
2025-10-05 01:02:43,686 - tmdl - INFO - Processing event 9/21
2025-10-05 01:02:43,687 - tmdl - INFO - Event data keys: ['event_name', 'event_start_date', 'event_end_date', 'is_holiday', 'requires_no_classes']
2025-10-05 01:02:43,690 - tmdl - INFO - Processing event 10/21
2025-10-05 01:02:43,691 - tmdl - INFO - Event data keys: ['event_name', 'event_start_date', 'event_end_date', 'is_holiday', 'requires_no_classes']
2025-10-05 01:02:43,693 - tmdl - INFO - Processing event 11/21
2025-10-05 01:02:43,694 - tmdl - INFO - Event data keys: ['event_name', 'event_start_date', 'event_end_date', 'is_holiday', 'requires_no_classes']
2025-10-05 01:02:43,696 - tmdl - INFO - Processing event 12/21
2025-10-05 01:02:43,697 - tmdl - INFO - Event data keys: ['event_name', 'event_start_date', 'event_end_date', 'is_holiday', 'requires_no_classes']
2025-10-05 01:02:43,698 - tmdl - INFO - Processing event 13/21
2025-10-05 01:02:43,698 - tmdl - INFO - Event data keys: ['event_name', 'event_start_date', 'event_end_date', 'is_holiday', 'requires_no_classes']
2025-10-05 01:02:43,700 - tmdl - INFO - Processing event 14/21
2025-10-05 01:02:43,702 - tmdl - INFO - Event data keys: ['event_name', 'event_start_date', 'event_end_date', 'is_holiday', 'requires_no_classes']
2025-10-05 01:02:43,712 - tmdl - INFO - Processing event 15/21
2025-10-05 01:02:43,713 - tmdl - INFO - Event data keys: ['event_name', 'event_start_date', 'event_end_date', 'is_holiday', 'requires_no_classes']
2025-10-05 01:02:43,720 - tmdl - INFO - Processing event 16/21
2025-10-05 01:02:43,737 - tmdl - INFO - Event data keys: ['event_name', 'event_start_date', 'event_end_date', 'is_holiday', 'requires_no_classes']
2025-10-05 01:02:43,743 - tmdl - INFO - Processing event 17/21
2025-10-05 01:02:43,744 - tmdl - INFO - Event data keys: ['event_name', 'event_start_date', 'event_end_date', 'is_holiday', 'requires_no_classes']
2025-10-05 01:02:43,745 - tmdl - INFO - Processing event 18/21
2025-10-05 01:02:43,746 - tmdl - INFO - Event data keys: ['event_name', 'event_start_date', 'event_end_date', 'is_holiday', 'requires_no_classes']
2025-10-05 01:02:43,747 - tmdl - INFO - Processing event 19/21
2025-10-05 01:02:43,748 - tmdl - INFO - Event data keys: ['event_name', 'event_start_date', 'event_end_date', 'is_holiday', 'requires_no_classes']
2025-10-05 01:02:43,750 - tmdl - INFO - Processing event 20/21
2025-10-05 01:02:43,751 - tmdl - INFO - Event data keys: ['event_name', 'event_start_date', 'event_end_date', 'is_holiday', 'requires_no_classes']
2025-10-05 01:02:43,752 - tmdl - INFO - Processing event 21/21
2025-10-05 01:02:43,758 - tmdl - INFO - Event data keys: ['event_name', 'event_start_date', 'event_end_date', 'is_holiday', 'requires_no_classes']
2025-10-05 01:02:43,759 - tmdl - INFO - Processed calendar events count: 21
2025-10-05 01:02:43,760 - tmdl - INFO - First event keys: ['event_name', 'event_start_date', 'event_end_date', 'is_holiday', 'requires_no_classes']
2025-10-05 01:02:43,761 - tmdl - INFO - 💾 Saving TempExtract data: {'academic_calendar': {'semester_name': 'First Semester 2024/2025', 'semester_start_date': '2024-11-04', 'semester_end_date': '2025-02-14', 'mid_semester_break_start_date': '2024-12-06', 'mid_semester_break_end_date': '2024-12-08', 'midsem_exams_date': '2024-12-09', 'revision_start_date': '2025-02-10'}, 'calendar_events': [{'event_name': 'Deadline for Uploading Courses and Linking of First Semester Courses to Lecturers (Levels 200, 300 & 400)', 'event_start_date': '2024-08-19', 'event_end_date': '2024-08-19', 'is_holiday': False, 'requires_no_classes': False}, {'event_name': 'Registration (LEVELS 200, 300 & 400)', 'event_start_date': '2024-09-04', 'event_end_date': '2024-11-08', 'is_holiday': False, 'requires_no_classes': True}, {'event_name': 'Add/Drop of Courses/Deferment', 'event_start_date': '2024-09-04', 'event_end_date': '2024-11-08', 'is_holiday': False, 'requires_no_classes': True}, {'event_name': 'Registration for Re-sit of First Semester Courses', 'event_start_date': '2024-10-28', 'event_end_date': '2024-11-15', 'is_holiday': False, 'requires_no_classes': True}, {'event_name': 'Continuing Students Report', 'event_start_date': '2024-10-31', 'event_end_date': '2024-11-03', 'is_holiday': False, 'requires_no_classes': True}, {'event_name': 'Teaching Begins', 'event_start_date': '2024-11-04', 'event_end_date': '2024-11-04', 'is_holiday': False, 'requires_no_classes': False}, {'event_name': 'Break for Farmers’ Day and Elections 2024', 'event_start_date': '2024-12-06', 'event_end_date': '2024-12-08', 'is_holiday': True, 'requires_no_classes': True}, {'event_name': 'Interim Assessment', 'event_start_date': '2024-12-09', 'event_end_date': '2024-12-22', 'is_holiday': False, 'requires_no_classes': False}, {'event_name': 'Registration for Supplementary Re-sit Exams for Second Semester Courses', 'event_start_date': '2024-12-09', 'event_end_date': '2024-12-13', 'is_holiday': False, 'requires_no_classes': True}, {'event_name': 'UG OPEN DAY', 'event_start_date': '2024-12-11', 'event_end_date': '2024-12-13', 'is_holiday': False, 'requires_no_classes': False}, {'event_name': 'Christmas Break', 'event_start_date': '2024-12-21', 'event_end_date': '2025-01-06', 'is_holiday': True, 'requires_no_classes': True}, {'event_name': 'Christmas Day', 'event_start_date': '2024-12-25', 'event_end_date': '2024-12-25', 'is_holiday': True, 'requires_no_classes': True}, {'event_name': 'Boxing Day', 'event_start_date': '2024-12-26', 'event_end_date': '2024-12-26', 'is_holiday': True, 'requires_no_classes': True}, {'event_name': 'New Year’s Day', 'event_start_date': '2025-01-01', 'event_end_date': '2025-01-01', 'is_holiday': True, 'requires_no_classes': True}, {'event_name': 'Teaching resumes', 'event_start_date': '2025-01-08', 'event_end_date': '2025-01-08', 'is_holiday': False, 'requires_no_classes': False}, {'event_name': 'Constitution Day', 'event_start_date': '2025-01-07', 'event_end_date': '2025-01-07', 'is_holiday': True, 'requires_no_classes': True}, {'event_name': 'Students’ Evaluation of Lecturers', 'event_start_date': '2025-01-27', 'event_end_date': '2025-02-07', 'is_holiday': False, 'requires_no_classes': False}, {'event_name': 'Teaching Ends', 'event_start_date': '2025-02-07', 'event_end_date': '2025-02-07', 'is_holiday': False, 'requires_no_classes': False}, {'event_name': 'Revision', 'event_start_date': '2025-02-10', 'event_end_date': '2025-02-14', 'is_holiday': False, 'requires_no_classes': True}, {'event_name': 'First Semester Examinations', 'event_start_date': '2025-02-15', 'event_end_date': '2025-03-09', 'is_holiday': False, 'requires_no_classes': True}, {'event_name': 'Independence Day', 'event_start_date': '2025-03-06', 'event_end_date': '2025-03-06', 'is_holiday': True, 'requires_no_classes': True}], 'event_count': 21, 'extracted_at': '2025-10-05T00:02:43.662685'}
2025-10-05 01:02:43,773 - tmdl - INFO - Creating new TempExtract entry
2025-10-05 01:02:43,774 - tmdl - INFO - Teacher ID: 7bed2b69-8000-4b36-8e91-7fe0b70c9d82
2025-10-05 01:02:43,775 - tmdl - INFO - Entry type: academic calendar
2025-10-05 01:02:43,776 - tmdl - INFO - Temp data: {'academic_calendar': {'semester_name': 'First Semester 2024/2025', 'semester_start_date': '2024-11-04', 'semester_end_date': '2025-02-14', 'mid_semester_break_start_date': '2024-12-06', 'mid_semester_break_end_date': '2024-12-08', 'midsem_exams_date': '2024-12-09', 'revision_start_date': '2025-02-10'}, 'calendar_events': [{'event_name': 'Deadline for Uploading Courses and Linking of First Semester Courses to Lecturers (Levels 200, 300 & 400)', 'event_start_date': '2024-08-19', 'event_end_date': '2024-08-19', 'is_holiday': False, 'requires_no_classes': False}, {'event_name': 'Registration (LEVELS 200, 300 & 400)', 'event_start_date': '2024-09-04', 'event_end_date': '2024-11-08', 'is_holiday': False, 'requires_no_classes': True}, {'event_name': 'Add/Drop of Courses/Deferment', 'event_start_date': '2024-09-04', 'event_end_date': '2024-11-08', 'is_holiday': False, 'requires_no_classes': True}, {'event_name': 'Registration for Re-sit of First Semester Courses', 'event_start_date': '2024-10-28', 'event_end_date': '2024-11-15', 'is_holiday': False, 'requires_no_classes': True}, {'event_name': 'Continuing Students Report', 'event_start_date': '2024-10-31', 'event_end_date': '2024-11-03', 'is_holiday': False, 'requires_no_classes': True}, {'event_name': 'Teaching Begins', 'event_start_date': '2024-11-04', 'event_end_date': '2024-11-04', 'is_holiday': False, 'requires_no_classes': False}, {'event_name': 'Break for Farmers’ Day and Elections 2024', 'event_start_date': '2024-12-06', 'event_end_date': '2024-12-08', 'is_holiday': True, 'requires_no_classes': True}, {'event_name': 'Interim Assessment', 'event_start_date': '2024-12-09', 'event_end_date': '2024-12-22', 'is_holiday': False, 'requires_no_classes': False}, {'event_name': 'Registration for Supplementary Re-sit Exams for Second Semester Courses', 'event_start_date': '2024-12-09', 'event_end_date': '2024-12-13', 'is_holiday': False, 'requires_no_classes': True}, {'event_name': 'UG OPEN DAY', 'event_start_date': '2024-12-11', 'event_end_date': '2024-12-13', 'is_holiday': False, 'requires_no_classes': False}, {'event_name': 'Christmas Break', 'event_start_date': '2024-12-21', 'event_end_date': '2025-01-06', 'is_holiday': True, 'requires_no_classes': True}, {'event_name': 'Christmas Day', 'event_start_date': '2024-12-25', 'event_end_date': '2024-12-25', 'is_holiday': True, 'requires_no_classes': True}, {'event_name': 'Boxing Day', 'event_start_date': '2024-12-26', 'event_end_date': '2024-12-26', 'is_holiday': True, 'requires_no_classes': True}, {'event_name': 'New Year’s Day', 'event_start_date': '2025-01-01', 'event_end_date': '2025-01-01', 'is_holiday': True, 'requires_no_classes': True}, {'event_name': 'Teaching resumes', 'event_start_date': '2025-01-08', 'event_end_date': '2025-01-08', 'is_holiday': False, 'requires_no_classes': False}, {'event_name': 'Constitution Day', 'event_start_date': '2025-01-07', 'event_end_date': '2025-01-07', 'is_holiday': True, 'requires_no_classes': True}, {'event_name': 'Students’ Evaluation of Lecturers', 'event_start_date': '2025-01-27', 'event_end_date': '2025-02-07', 'is_holiday': False, 'requires_no_classes': False}, {'event_name': 'Teaching Ends', 'event_start_date': '2025-02-07', 'event_end_date': '2025-02-07', 'is_holiday': False, 'requires_no_classes': False}, {'event_name': 'Revision', 'event_start_date': '2025-02-10', 'event_end_date': '2025-02-14', 'is_holiday': False, 'requires_no_classes': True}, {'event_name': 'First Semester Examinations', 'event_start_date': '2025-02-15', 'event_end_date': '2025-03-09', 'is_holiday': False, 'requires_no_classes': True}, {'event_name': 'Independence Day', 'event_start_date': '2025-03-06', 'event_end_date': '2025-03-06', 'is_holiday': True, 'requires_no_classes': True}], 'event_count': 21, 'extracted_at': '2025-10-05T00:02:43.662685'}
2025-10-05 01:02:43,786 - tmdl - INFO - 🆕 Created TempExtract object: teacher_id=7bed2b69-8000-4b36-8e91-7fe0b70c9d82, type=academic calendar
2025-10-05 01:02:43,790 - tmdl - INFO - TempExtract data keys: ['academic_calendar', 'calendar_events', 'event_count', 'extracted_at']
2025-10-05 01:02:43,791 - tmdl - INFO - Academic calendar in TempExtract: {'semester_name': 'First Semester 2024/2025', 'semester_start_date': '2024-11-04', 'semester_end_date': '2025-02-14', 'mid_semester_break_start_date': '2024-12-06', 'mid_semester_break_end_date': '2024-12-08', 'midsem_exams_date': '2024-12-09', 'revision_start_date': '2025-02-10'}
2025-10-05 01:02:43,792 - tmdl - INFO - Calendar events count in TempExtract: 21
2025-10-05 01:02:43,793 - tmdl - INFO - ➕ Added TempExtract entry to session for teacher 7bed2b69-8000-4b36-8e91-7fe0b70c9d82
2025-10-05 01:02:43,795 - tmdl - INFO - Committing TempExtract entry to database
2025-10-05 01:02:43,816 - tmdl - INFO - Teacher lookup result: True
2025-10-05 01:02:43,825 - tmdl - INFO - Teacher ID: 7bed2b69-8000-4b36-8e91-7fe0b70c9d82
2025-10-05 01:02:43,828 - tmdl - INFO - Teacher display name: prince yeboah
2025-10-05 01:02:43,846 - tmdl - INFO - Querying existing TempExtract entries
2025-10-05 01:02:43,853 - tmdl - INFO - Teacher ID: 7bed2b69-8000-4b36-8e91-7fe0b70c9d82
2025-10-05 01:02:43,857 - tmdl - INFO - Entry type: academic calendar
2025-10-05 01:02:43,869 - tmdl - INFO - ✅ Successfully committed to database
2025-10-05 01:02:43,875 - tmdl - INFO - Verifying TempExtract entry was saved
2025-10-05 01:02:43,893 - tmdl - INFO - 🔍 Found 1 existing TempExtract entries
2025-10-05 01:02:43,895 - tmdl - INFO - Existing entry ID: 884eb703-144a-4dba-b3e5-4288496b5442, Created at: 2025-10-05 00:02:43.785966
2025-10-05 01:02:43,898 - tmdl - INFO - Deleting existing TempExtract entry: 884eb703-144a-4dba-b3e5-4288496b5442
2025-10-05 01:02:43,915 - tmdl - INFO - 🗑️ Deleted 1 existing TempExtract entries for teacher 7bed2b69-8000-4b36-8e91-7fe0b70c9d82
2025-10-05 01:02:43,917 - tmdl - INFO - Prepared temp_data structure: ['academic_calendar', 'calendar_events', 'event_count', 'extracted_at']
2025-10-05 01:02:43,920 - tmdl - INFO - Academic calendar in temp_data: {'semester_name': 'First Semester 2024/2025', 'semester_start_date': '2024-11-04', 'semester_end_date': '2025-02-14', 'mid_semester_break_start_date': '2024-12-06', 'mid_semester_break_end_date': '2024-12-08', 'midsem_exams_date': '2024-12-09', 'revision_start_date': '2025-02-10'}
2025-10-05 01:02:43,924 - tmdl - INFO - Event count in temp_data: 29
2025-10-05 01:02:43,925 - tmdl - INFO - Extracted at timestamp: 2025-10-05T00:02:43.917526
2025-10-05 01:02:43,929 - tmdl - INFO - Processing 29 calendar events
2025-10-05 01:02:43,932 - tmdl - INFO - Processing event 1/29
2025-10-05 01:02:43,941 - tmdl - INFO - Event data keys: ['event_name', 'event_start_date', 'event_end_date', 'is_holiday', 'requires_no_classes']
2025-10-05 01:02:43,945 - tmdl - INFO - Processing event 2/29
2025-10-05 01:02:43,953 - tmdl - INFO - Event data keys: ['event_name', 'event_start_date', 'event_end_date', 'is_holiday', 'requires_no_classes']
2025-10-05 01:02:44,033 - tmdl - INFO - Processing event 3/29
2025-10-05 01:02:44,042 - tmdl - INFO - Event data keys: ['event_name', 'event_start_date', 'event_end_date', 'is_holiday', 'requires_no_classes']
2025-10-05 01:02:44,048 - tmdl - INFO - Processing event 4/29
2025-10-05 01:02:44,050 - tmdl - INFO - Event data keys: ['event_name', 'event_start_date', 'event_end_date', 'is_holiday', 'requires_no_classes']
2025-10-05 01:02:44,051 - tmdl - INFO - Processing event 5/29
2025-10-05 01:02:44,053 - tmdl - INFO - Event data keys: ['event_name', 'event_start_date', 'event_end_date', 'is_holiday', 'requires_no_classes']
2025-10-05 01:02:44,056 - tmdl - INFO - Processing event 6/29
2025-10-05 01:02:44,057 - tmdl - INFO - Event data keys: ['event_name', 'event_start_date', 'event_end_date', 'is_holiday', 'requires_no_classes']
2025-10-05 01:02:44,058 - tmdl - INFO - Processing event 7/29
2025-10-05 01:02:44,060 - tmdl - INFO - Event data keys: ['event_name', 'event_start_date', 'event_end_date', 'is_holiday', 'requires_no_classes']
2025-10-05 01:02:44,063 - tmdl - INFO - Processing event 8/29
2025-10-05 01:02:44,064 - tmdl - INFO - Event data keys: ['event_name', 'event_start_date', 'event_end_date', 'is_holiday', 'requires_no_classes']
2025-10-05 01:02:44,078 - tmdl - INFO - Processing event 9/29
2025-10-05 01:02:44,080 - tmdl - INFO - Event data keys: ['event_name', 'event_start_date', 'event_end_date', 'is_holiday', 'requires_no_classes']
2025-10-05 01:02:44,083 - tmdl - INFO - Processing event 10/29
2025-10-05 01:02:44,086 - tmdl - INFO - Event data keys: ['event_name', 'event_start_date', 'event_end_date', 'is_holiday', 'requires_no_classes']
2025-10-05 01:02:44,089 - tmdl - INFO - Processing event 11/29
2025-10-05 01:02:44,091 - tmdl - INFO - Event data keys: ['event_name', 'event_start_date', 'event_end_date', 'is_holiday', 'requires_no_classes']
2025-10-05 01:02:44,118 - tmdl - INFO - Processing event 12/29
2025-10-05 01:02:44,125 - tmdl - INFO - Event data keys: ['event_name', 'event_start_date', 'event_end_date', 'is_holiday', 'requires_no_classes']
2025-10-05 01:02:44,128 - tmdl - INFO - Processing event 13/29
2025-10-05 01:02:44,130 - tmdl - INFO - Event data keys: ['event_name', 'event_start_date', 'event_end_date', 'is_holiday', 'requires_no_classes']
2025-10-05 01:02:44,142 - tmdl - INFO - Processing event 14/29
2025-10-05 01:02:44,158 - tmdl - INFO - Event data keys: ['event_name', 'event_start_date', 'event_end_date', 'is_holiday', 'requires_no_classes']
2025-10-05 01:02:44,160 - tmdl - INFO - Processing event 15/29
2025-10-05 01:02:44,164 - tmdl - INFO - Event data keys: ['event_name', 'event_start_date', 'event_end_date', 'is_holiday', 'requires_no_classes']
2025-10-05 01:02:44,171 - tmdl - INFO - Processing event 16/29
2025-10-05 01:02:44,173 - tmdl - INFO - Event data keys: ['event_name', 'event_start_date', 'event_end_date', 'is_holiday', 'requires_no_classes']
2025-10-05 01:02:44,178 - tmdl - INFO - Processing event 17/29
2025-10-05 01:02:44,181 - tmdl - INFO - Event data keys: ['event_name', 'event_start_date', 'event_end_date', 'is_holiday', 'requires_no_classes']
2025-10-05 01:02:44,185 - tmdl - INFO - Processing event 18/29
2025-10-05 01:02:44,186 - tmdl - INFO - Event data keys: ['event_name', 'event_start_date', 'event_end_date', 'is_holiday', 'requires_no_classes']
2025-10-05 01:02:44,190 - tmdl - INFO - Processing event 19/29
2025-10-05 01:02:44,191 - tmdl - INFO - Event data keys: ['event_name', 'event_start_date', 'event_end_date', 'is_holiday', 'requires_no_classes']
2025-10-05 01:02:44,192 - tmdl - INFO - Processing event 20/29
2025-10-05 01:02:44,193 - tmdl - INFO - Event data keys: ['event_name', 'event_start_date', 'event_end_date', 'is_holiday', 'requires_no_classes']
2025-10-05 01:02:44,194 - tmdl - INFO - Processing event 21/29
2025-10-05 01:02:44,194 - tmdl - INFO - Event data keys: ['event_name', 'event_start_date', 'event_end_date', 'is_holiday', 'requires_no_classes']
2025-10-05 01:02:44,195 - tmdl - INFO - Processing event 22/29
2025-10-05 01:02:44,196 - tmdl - INFO - Event data keys: ['event_name', 'event_start_date', 'event_end_date', 'is_holiday', 'requires_no_classes']
2025-10-05 01:02:44,196 - tmdl - INFO - Processing event 23/29
2025-10-05 01:02:44,197 - tmdl - INFO - Event data keys: ['event_name', 'event_start_date', 'event_end_date', 'is_holiday', 'requires_no_classes']
2025-10-05 01:02:44,198 - tmdl - INFO - Processing event 24/29
2025-10-05 01:02:44,199 - tmdl - INFO - Event data keys: ['event_name', 'event_start_date', 'event_end_date', 'is_holiday', 'requires_no_classes']
2025-10-05 01:02:44,199 - tmdl - INFO - Processing event 25/29
2025-10-05 01:02:44,200 - tmdl - INFO - Event data keys: ['event_name', 'event_start_date', 'event_end_date', 'is_holiday', 'requires_no_classes']
2025-10-05 01:02:44,201 - tmdl - INFO - Processing event 26/29
2025-10-05 01:02:44,202 - tmdl - INFO - Event data keys: ['event_name', 'event_start_date', 'event_end_date', 'is_holiday', 'requires_no_classes']
2025-10-05 01:02:44,203 - tmdl - INFO - Processing event 27/29
2025-10-05 01:02:44,204 - tmdl - INFO - Event data keys: ['event_name', 'event_start_date', 'event_end_date', 'is_holiday', 'requires_no_classes']
2025-10-05 01:02:44,205 - tmdl - INFO - Processing event 28/29
2025-10-05 01:02:44,206 - tmdl - INFO - Event data keys: ['event_name', 'event_start_date', 'event_end_date', 'is_holiday', 'requires_no_classes']
2025-10-05 01:02:44,207 - tmdl - INFO - Processing event 29/29
2025-10-05 01:02:44,207 - tmdl - INFO - Event data keys: ['event_name', 'event_start_date', 'event_end_date', 'is_holiday', 'requires_no_classes']
2025-10-05 01:02:44,208 - tmdl - INFO - Processed calendar events count: 29
2025-10-05 01:02:44,209 - tmdl - INFO - First event keys: ['event_name', 'event_start_date', 'event_end_date', 'is_holiday', 'requires_no_classes']
2025-10-05 01:02:44,210 - tmdl - INFO - 💾 Saving TempExtract data: {'academic_calendar': {'semester_name': 'First Semester 2024/2025', 'semester_start_date': '2024-11-04', 'semester_end_date': '2025-02-14', 'mid_semester_break_start_date': '2024-12-06', 'mid_semester_break_end_date': '2024-12-08', 'midsem_exams_date': '2024-12-09', 'revision_start_date': '2025-02-10'}, 'calendar_events': [{'event_name': 'Deadline for Uploading Courses and Linking of First Semester Courses to Lecturers (All Levels 200, 300 & 400)', 'event_start_date': '2024-08-19', 'event_end_date': '2024-08-19', 'is_holiday': False, 'requires_no_classes': False}, {'event_name': 'Registration (LEVELS 200, 300 & 400)', 'event_start_date': '2024-09-04', 'event_end_date': '2024-11-08', 'is_holiday': False, 'requires_no_classes': True}, {'event_name': 'Add/Drop of Courses/Deferment', 'event_start_date': '2024-09-04', 'event_end_date': '2024-11-08', 'is_holiday': False, 'requires_no_classes': True}, {'event_name': 'Registration for Re-sit of First Semester Courses', 'event_start_date': '2024-10-28', 'event_end_date': '2024-11-15', 'is_holiday': False, 'requires_no_classes': True}, {'event_name': 'Continuing Students Report', 'event_start_date': '2024-10-31', 'event_end_date': '2024-11-03', 'is_holiday': False, 'requires_no_classes': True}, {'event_name': 'Teaching Begins', 'event_start_date': '2024-11-04', 'event_end_date': '2024-11-04', 'is_holiday': False, 'requires_no_classes': False}, {'event_name': 'Break for Farmers’ Day and Elections 2024', 'event_start_date': '2024-12-06', 'event_end_date': '2024-12-08', 'is_holiday': True, 'requires_no_classes': True}, {'event_name': 'Interim Assessment', 'event_start_date': '2024-12-09', 'event_end_date': '2024-12-22', 'is_holiday': False, 'requires_no_classes': False}, {'event_name': 'Registration for Supplementary Re-sit Exams for Second Semester Courses', 'event_start_date': '2024-12-09', 'event_end_date': '2024-12-13', 'is_holiday': False, 'requires_no_classes': True}, {'event_name': 'UG OPEN DAY', 'event_start_date': '2024-12-11', 'event_end_date': '2024-12-13', 'is_holiday': False, 'requires_no_classes': False}, {'event_name': 'Christmas Break', 'event_start_date': '2024-12-21', 'event_end_date': '2025-01-06', 'is_holiday': True, 'requires_no_classes': True}, {'event_name': "New Year's Day", 'event_start_date': '2025-01-01', 'event_end_date': '2025-01-01', 'is_holiday': True, 'requires_no_classes': True}, {'event_name': 'Teaching resumes', 'event_start_date': '2025-01-08', 'event_end_date': '2025-01-08', 'is_holiday': False, 'requires_no_classes': False}, {'event_name': 'Constitution Day', 'event_start_date': '2025-01-07', 'event_end_date': '2025-01-07', 'is_holiday': True, 'requires_no_classes': True}, {'event_name': 'Students’ Evaluation of Lecturers', 'event_start_date': '2025-01-27', 'event_end_date': '2025-02-07', 'is_holiday': False, 'requires_no_classes': False}, {'event_name': 'Teaching Ends', 'event_start_date': '2025-02-07', 'event_end_date': '2025-02-07', 'is_holiday': False, 'requires_no_classes': False}, {'event_name': 'Revision', 'event_start_date': '2025-02-10', 'event_end_date': '2025-02-14', 'is_holiday': False, 'requires_no_classes': True}, {'event_name': 'First Semester Examinations', 'event_start_date': '2025-02-15', 'event_end_date': '2025-03-09', 'is_holiday': False, 'requires_no_classes': True}, {'event_name': 'Supplementary Re-Sit Examinations for Second Semester Courses', 'event_start_date': '2025-03-10', 'event_end_date': '2025-03-21', 'is_holiday': False, 'requires_no_classes': True}, {'event_name': 'Inter-Semester Break', 'event_start_date': '2025-03-10', 'event_end_date': '2025-05-22', 'is_holiday': True, 'requires_no_classes': True}, {'event_name': 'Independence Day', 'event_start_date': '2025-03-06', 'event_end_date': '2025-03-06', 'is_holiday': True, 'requires_no_classes': True}, {'event_name': 'Good Friday', 'event_start_date': '2025-04-18', 'event_end_date': '2025-04-18', 'is_holiday': True, 'requires_no_classes': True}, {'event_name': 'Easter Monday', 'event_start_date': '2025-04-21', 'event_end_date': '2025-04-21', 'is_holiday': True, 'requires_no_classes': True}, {'event_name': 'May Day', 'event_start_date': '2025-05-01', 'event_end_date': '2025-05-01', 'is_holiday': True, 'requires_no_classes': True}, {'event_name': 'Founders’ Day', 'event_start_date': '2025-08-04', 'event_end_date': '2025-08-04', 'is_holiday': True, 'requires_no_classes': True}, {'event_name': 'Kwame Nkrumah Mem. Day', 'event_start_date': '2025-09-21', 'event_end_date': '2025-09-21', 'is_holiday': True, 'requires_no_classes': True}, {'event_name': 'Christmas Day', 'event_start_date': '2024-12-25', 'event_end_date': '2024-12-25', 'is_holiday': True, 'requires_no_classes': True}, {'event_name': 'Boxing Day', 'event_start_date': '2024-12-26', 'event_end_date': '2024-12-26', 'is_holiday': True, 'requires_no_classes': True}, {'event_name': 'WEAR UG DAY', 'event_start_date': '2024-11-20', 'event_end_date': '2024-11-20', 'is_holiday': False, 'requires_no_classes': False}], 'event_count': 29, 'extracted_at': '2025-10-05T00:02:43.917526'}
2025-10-05 01:02:44,215 - tmdl - INFO - Creating new TempExtract entry
2025-10-05 01:02:44,216 - tmdl - INFO - Teacher ID: 7bed2b69-8000-4b36-8e91-7fe0b70c9d82
2025-10-05 01:02:44,218 - tmdl - INFO - Entry type: academic calendar
2025-10-05 01:02:44,227 - tmdl - INFO - Temp data: {'academic_calendar': {'semester_name': 'First Semester 2024/2025', 'semester_start_date': '2024-11-04', 'semester_end_date': '2025-02-14', 'mid_semester_break_start_date': '2024-12-06', 'mid_semester_break_end_date': '2024-12-08', 'midsem_exams_date': '2024-12-09', 'revision_start_date': '2025-02-10'}, 'calendar_events': [{'event_name': 'Deadline for Uploading Courses and Linking of First Semester Courses to Lecturers (All Levels 200, 300 & 400)', 'event_start_date': '2024-08-19', 'event_end_date': '2024-08-19', 'is_holiday': False, 'requires_no_classes': False}, {'event_name': 'Registration (LEVELS 200, 300 & 400)', 'event_start_date': '2024-09-04', 'event_end_date': '2024-11-08', 'is_holiday': False, 'requires_no_classes': True}, {'event_name': 'Add/Drop of Courses/Deferment', 'event_start_date': '2024-09-04', 'event_end_date': '2024-11-08', 'is_holiday': False, 'requires_no_classes': True}, {'event_name': 'Registration for Re-sit of First Semester Courses', 'event_start_date': '2024-10-28', 'event_end_date': '2024-11-15', 'is_holiday': False, 'requires_no_classes': True}, {'event_name': 'Continuing Students Report', 'event_start_date': '2024-10-31', 'event_end_date': '2024-11-03', 'is_holiday': False, 'requires_no_classes': True}, {'event_name': 'Teaching Begins', 'event_start_date': '2024-11-04', 'event_end_date': '2024-11-04', 'is_holiday': False, 'requires_no_classes': False}, {'event_name': 'Break for Farmers’ Day and Elections 2024', 'event_start_date': '2024-12-06', 'event_end_date': '2024-12-08', 'is_holiday': True, 'requires_no_classes': True}, {'event_name': 'Interim Assessment', 'event_start_date': '2024-12-09', 'event_end_date': '2024-12-22', 'is_holiday': False, 'requires_no_classes': False}, {'event_name': 'Registration for Supplementary Re-sit Exams for Second Semester Courses', 'event_start_date': '2024-12-09', 'event_end_date': '2024-12-13', 'is_holiday': False, 'requires_no_classes': True}, {'event_name': 'UG OPEN DAY', 'event_start_date': '2024-12-11', 'event_end_date': '2024-12-13', 'is_holiday': False, 'requires_no_classes': False}, {'event_name': 'Christmas Break', 'event_start_date': '2024-12-21', 'event_end_date': '2025-01-06', 'is_holiday': True, 'requires_no_classes': True}, {'event_name': "New Year's Day", 'event_start_date': '2025-01-01', 'event_end_date': '2025-01-01', 'is_holiday': True, 'requires_no_classes': True}, {'event_name': 'Teaching resumes', 'event_start_date': '2025-01-08', 'event_end_date': '2025-01-08', 'is_holiday': False, 'requires_no_classes': False}, {'event_name': 'Constitution Day', 'event_start_date': '2025-01-07', 'event_end_date': '2025-01-07', 'is_holiday': True, 'requires_no_classes': True}, {'event_name': 'Students’ Evaluation of Lecturers', 'event_start_date': '2025-01-27', 'event_end_date': '2025-02-07', 'is_holiday': False, 'requires_no_classes': False}, {'event_name': 'Teaching Ends', 'event_start_date': '2025-02-07', 'event_end_date': '2025-02-07', 'is_holiday': False, 'requires_no_classes': False}, {'event_name': 'Revision', 'event_start_date': '2025-02-10', 'event_end_date': '2025-02-14', 'is_holiday': False, 'requires_no_classes': True}, {'event_name': 'First Semester Examinations', 'event_start_date': '2025-02-15', 'event_end_date': '2025-03-09', 'is_holiday': False, 'requires_no_classes': True}, {'event_name': 'Supplementary Re-Sit Examinations for Second Semester Courses', 'event_start_date': '2025-03-10', 'event_end_date': '2025-03-21', 'is_holiday': False, 'requires_no_classes': True}, {'event_name': 'Inter-Semester Break', 'event_start_date': '2025-03-10', 'event_end_date': '2025-05-22', 'is_holiday': True, 'requires_no_classes': True}, {'event_name': 'Independence Day', 'event_start_date': '2025-03-06', 'event_end_date': '2025-03-06', 'is_holiday': True, 'requires_no_classes': True}, {'event_name': 'Good Friday', 'event_start_date': '2025-04-18', 'event_end_date': '2025-04-18', 'is_holiday': True, 'requires_no_classes': True}, {'event_name': 'Easter Monday', 'event_start_date': '2025-04-21', 'event_end_date': '2025-04-21', 'is_holiday': True, 'requires_no_classes': True}, {'event_name': 'May Day', 'event_start_date': '2025-05-01', 'event_end_date': '2025-05-01', 'is_holiday': True, 'requires_no_classes': True}, {'event_name': 'Founders’ Day', 'event_start_date': '2025-08-04', 'event_end_date': '2025-08-04', 'is_holiday': True, 'requires_no_classes': True}, {'event_name': 'Kwame Nkrumah Mem. Day', 'event_start_date': '2025-09-21', 'event_end_date': '2025-09-21', 'is_holiday': True, 'requires_no_classes': True}, {'event_name': 'Christmas Day', 'event_start_date': '2024-12-25', 'event_end_date': '2024-12-25', 'is_holiday': True, 'requires_no_classes': True}, {'event_name': 'Boxing Day', 'event_start_date': '2024-12-26', 'event_end_date': '2024-12-26', 'is_holiday': True, 'requires_no_classes': True}, {'event_name': 'WEAR UG DAY', 'event_start_date': '2024-11-20', 'event_end_date': '2024-11-20', 'is_holiday': False, 'requires_no_classes': False}], 'event_count': 29, 'extracted_at': '2025-10-05T00:02:43.917526'}
2025-10-05 01:02:44,247 - tmdl - INFO - 🆕 Created TempExtract object: teacher_id=7bed2b69-8000-4b36-8e91-7fe0b70c9d82, type=academic calendar
2025-10-05 01:02:44,260 - tmdl - INFO - TempExtract data keys: ['academic_calendar', 'calendar_events', 'event_count', 'extracted_at']
2025-10-05 01:02:44,268 - tmdl - INFO - Academic calendar in TempExtract: {'semester_name': 'First Semester 2024/2025', 'semester_start_date': '2024-11-04', 'semester_end_date': '2025-02-14', 'mid_semester_break_start_date': '2024-12-06', 'mid_semester_break_end_date': '2024-12-08', 'midsem_exams_date': '2024-12-09', 'revision_start_date': '2025-02-10'}
2025-10-05 01:02:44,273 - tmdl - INFO - Calendar events count in TempExtract: 29
2025-10-05 01:02:44,283 - tmdl - INFO - ➕ Added TempExtract entry to session for teacher 7bed2b69-8000-4b36-8e91-7fe0b70c9d82
2025-10-05 01:02:44,286 - tmdl - INFO - Committing TempExtract entry to database
2025-10-05 01:02:44,293 - tmdl - ERROR - ❌ Failed to verify TempExtract entry was saved
2025-10-05 01:02:44,299 - tmdl - ERROR - Teacher ID: 7bed2b69-8000-4b36-8e91-7fe0b70c9d82
2025-10-05 01:02:44,301 - tmdl - ERROR - Entry type: academic calendar
2025-10-05 01:02:44,327 - tmdl - ERROR - All TempExtract entries for teacher: 0
2025-10-05 01:02:44,330 - tmdl - INFO - Creating success notification: Successfully processed academic calendar with 21 events
2025-10-05 01:02:44,331 - tmdl - INFO - Saving notification to database
2025-10-05 01:02:44,333 - tmdl - INFO - Teacher ID: 7bed2b69-8000-4b36-8e91-7fe0b70c9d82
2025-10-05 01:02:44,334 - tmdl - INFO - Notification title: Academic Calendar Processing Complete
2025-10-05 01:02:44,336 - tmdl - INFO - Notification message: Successfully processed academic calendar with 21 events
2025-10-05 01:02:44,339 - tmdl - INFO - Notification type: success
2025-10-05 01:02:44,384 - tmdl - INFO - ✅ Successfully committed to database
2025-10-05 01:02:44,386 - tmdl - INFO - Verifying TempExtract entry was saved
2025-10-05 01:02:44,397 - tmdl - INFO - Notification saved for teacher 7bed2b69-8000-4b36-8e91-7fe0b70c9d82: Academic Calendar Processing Complete
2025-10-05 01:02:44,412 - tmdl - INFO - Success notification saved successfully
2025-10-05 01:02:44,414 - tmdl - INFO - Preparing serializable events from 21 events
2025-10-05 01:02:44,415 - tmdl - INFO - Processing event 1/21 for serialization
2025-10-05 01:02:44,417 - tmdl - INFO - Event data keys: ['event_name', 'event_start_date', 'event_end_date', 'is_holiday', 'requires_no_classes']
2025-10-05 01:02:44,427 - tmdl - INFO - Processing event 2/21 for serialization
2025-10-05 01:02:44,429 - tmdl - INFO - Event data keys: ['event_name', 'event_start_date', 'event_end_date', 'is_holiday', 'requires_no_classes']
2025-10-05 01:02:44,432 - tmdl - INFO - Processing event 3/21 for serialization
2025-10-05 01:02:44,433 - tmdl - INFO - Event data keys: ['event_name', 'event_start_date', 'event_end_date', 'is_holiday', 'requires_no_classes']
2025-10-05 01:02:44,435 - tmdl - INFO - Processing event 4/21 for serialization
2025-10-05 01:02:44,436 - tmdl - INFO - Event data keys: ['event_name', 'event_start_date', 'event_end_date', 'is_holiday', 'requires_no_classes']
2025-10-05 01:02:44,441 - tmdl - INFO - Processing event 5/21 for serialization
2025-10-05 01:02:44,442 - tmdl - INFO - Event data keys: ['event_name', 'event_start_date', 'event_end_date', 'is_holiday', 'requires_no_classes']
2025-10-05 01:02:44,445 - tmdl - INFO - Processing event 6/21 for serialization
2025-10-05 01:02:44,447 - tmdl - INFO - Event data keys: ['event_name', 'event_start_date', 'event_end_date', 'is_holiday', 'requires_no_classes']
2025-10-05 01:02:44,448 - tmdl - INFO - Processing event 7/21 for serialization
2025-10-05 01:02:44,449 - tmdl - INFO - Event data keys: ['event_name', 'event_start_date', 'event_end_date', 'is_holiday', 'requires_no_classes']
2025-10-05 01:02:44,453 - tmdl - INFO - Processing event 8/21 for serialization
2025-10-05 01:02:44,458 - tmdl - INFO - Event data keys: ['event_name', 'event_start_date', 'event_end_date', 'is_holiday', 'requires_no_classes']
2025-10-05 01:02:44,459 - tmdl - INFO - Processing event 9/21 for serialization
2025-10-05 01:02:44,460 - tmdl - INFO - Event data keys: ['event_name', 'event_start_date', 'event_end_date', 'is_holiday', 'requires_no_classes']
2025-10-05 01:02:44,618 - tmdl - INFO - Processing event 10/21 for serialization
2025-10-05 01:02:44,627 - tmdl - INFO - Event data keys: ['event_name', 'event_start_date', 'event_end_date', 'is_holiday', 'requires_no_classes']
2025-10-05 01:02:44,632 - tmdl - INFO - Processing event 11/21 for serialization
2025-10-05 01:02:44,633 - tmdl - INFO - Event data keys: ['event_name', 'event_start_date', 'event_end_date', 'is_holiday', 'requires_no_classes']
2025-10-05 01:02:44,635 - tmdl - INFO - Processing event 12/21 for serialization
2025-10-05 01:02:44,636 - tmdl - INFO - Event data keys: ['event_name', 'event_start_date', 'event_end_date', 'is_holiday', 'requires_no_classes']
2025-10-05 01:02:44,637 - tmdl - INFO - Processing event 13/21 for serialization
2025-10-05 01:02:44,638 - tmdl - INFO - Event data keys: ['event_name', 'event_start_date', 'event_end_date', 'is_holiday', 'requires_no_classes']
2025-10-05 01:02:44,639 - tmdl - INFO - Processing event 14/21 for serialization
2025-10-05 01:02:44,640 - tmdl - INFO - Event data keys: ['event_name', 'event_start_date', 'event_end_date', 'is_holiday', 'requires_no_classes']
2025-10-05 01:02:44,641 - tmdl - INFO - Processing event 15/21 for serialization
2025-10-05 01:02:44,642 - tmdl - INFO - Event data keys: ['event_name', 'event_start_date', 'event_end_date', 'is_holiday', 'requires_no_classes']
2025-10-05 01:02:44,643 - tmdl - INFO - Processing event 16/21 for serialization
2025-10-05 01:02:44,644 - tmdl - INFO - Event data keys: ['event_name', 'event_start_date', 'event_end_date', 'is_holiday', 'requires_no_classes']
2025-10-05 01:02:44,645 - tmdl - INFO - Processing event 17/21 for serialization
2025-10-05 01:02:44,646 - tmdl - INFO - Event data keys: ['event_name', 'event_start_date', 'event_end_date', 'is_holiday', 'requires_no_classes']
2025-10-05 01:02:44,647 - tmdl - INFO - Processing event 18/21 for serialization
2025-10-05 01:02:44,648 - tmdl - INFO - Event data keys: ['event_name', 'event_start_date', 'event_end_date', 'is_holiday', 'requires_no_classes']
2025-10-05 01:02:44,672 - tmdl - INFO - Processing event 19/21 for serialization
2025-10-05 01:02:44,676 - tmdl - INFO - Event data keys: ['event_name', 'event_start_date', 'event_end_date', 'is_holiday', 'requires_no_classes']
2025-10-05 01:02:44,677 - tmdl - INFO - Processing event 20/21 for serialization
2025-10-05 01:02:44,679 - tmdl - INFO - Event data keys: ['event_name', 'event_start_date', 'event_end_date', 'is_holiday', 'requires_no_classes']
2025-10-05 01:02:44,681 - tmdl - INFO - Processing event 21/21 for serialization
2025-10-05 01:02:44,683 - tmdl - INFO - Event data keys: ['event_name', 'event_start_date', 'event_end_date', 'is_holiday', 'requires_no_classes']
2025-10-05 01:02:44,691 - tmdl - INFO - Prepared serializable events count: 21
2025-10-05 01:02:44,708 - tmdl - INFO - First serializable event keys: ['event_name', 'event_start_date', 'event_end_date', 'is_holiday', 'requires_no_classes']
2025-10-05 01:02:44,746 - tmdl - INFO - Sending completion message: {'status': 'complete', 'type': 'COMPLETED_ACADEMIC_CALENDER', 'message': 'Successfully processed academic calendar with 21 events', 'teacher_id': '7bed2b69-8000-4b36-8e91-7fe0b70c9d82', 'event_count': 21}
2025-10-05 01:02:44,759 - tmdl - INFO - 🔍 [DEDUPLICATION] Checking message hash: d1a6418a5a361332d1a3d30493d0717d for key: complete_COMPLETED_ACADEMIC_CALENDER_Successfully processed academic calendar with 21 events_21
2025-10-05 01:02:44,776 - tmdl - INFO - 🔍 [DEDUPLICATION] Local sent_messages set size: 4
2025-10-05 01:02:44,780 - tmdl - INFO - 🔍 [DEDUPLICATION] Global SENT_MESSAGES set size: 4
2025-10-05 01:02:44,785 - tmdl - INFO - 🔍 [DEDUPLICATION] Message content: {'status': 'complete', 'type': 'COMPLETED_ACADEMIC_CALENDER', 'message': 'Successfully processed academic calendar with 21 events', 'teacher_id': '7bed2b69-8000-4b36-8e91-7fe0b70c9d82', 'event_count': 21}
2025-10-05 01:02:44,796 - tmdl - INFO - 🔍 [DEDUPLICATION] Message status: complete
2025-10-05 01:02:44,800 - tmdl - INFO - 🔍 [DEDUPLICATION] Message type: COMPLETED_ACADEMIC_CALENDER
2025-10-05 01:02:44,812 - tmdl - INFO - 🔍 [DEDUPLICATION] Message text: Successfully processed academic calendar with 21 events
2025-10-05 01:02:44,815 - tmdl - INFO - ➕ [DEDUPLICATION] Adding message hash to both local and global sent_messages: d1a6418a5a361332d1a3d30493d0717d
2025-10-05 01:02:44,826 - tmdl - INFO - ➕ [DEDUPLICATION] Local set now contains 5 items
2025-10-05 01:02:44,830 - tmdl - INFO - ➕ [DEDUPLICATION] Global set now contains 5 items
2025-10-05 01:02:44,833 - tmdl - INFO - Sending WebSocket message to teacher 7bed2b69-8000-4b36-8e91-7fe0b70c9d82
2025-10-05 01:02:44,835 - tmdl - INFO - Message content: {'status': 'complete', 'type': 'COMPLETED_ACADEMIC_CALENDER', 'message': 'Successfully processed academic calendar with 21 events', 'teacher_id': '7bed2b69-8000-4b36-8e91-7fe0b70c9d82', 'event_count': 21}
2025-10-05 01:02:44,881 - tmdl - INFO - ✅ Verified TempExtract entry saved with ID: 11ff5379-7389-48ea-b580-504b3a06e4ab
2025-10-05 01:02:44,885 - tmdl - INFO - ✅ Saved data keys: ['event_count', 'extracted_at', 'calendar_events', 'academic_calendar']
2025-10-05 01:02:44,895 - tmdl - INFO - ✅ Academic calendar in saved entry: {'semester_name': 'First Semester 2024/2025', 'midsem_exams_date': '2024-12-09', 'semester_end_date': '2025-02-14', 'revision_start_date': '2025-02-10', 'semester_start_date': '2024-11-04', 'mid_semester_break_end_date': '2024-12-08', 'mid_semester_break_start_date': '2024-12-06'}
2025-10-05 01:02:44,901 - tmdl - INFO - ✅ Calendar events count in saved entry: 29
2025-10-05 01:02:44,907 - tmdl - INFO - ✅ Extracted at timestamp: 2025-10-05T00:02:43.917526
2025-10-05 01:02:44,911 - tmdl - INFO - Creating success notification: Successfully processed academic calendar with 29 events
2025-10-05 01:02:44,913 - tmdl - INFO - Saving notification to database
2025-10-05 01:02:44,915 - tmdl - INFO - Teacher ID: 7bed2b69-8000-4b36-8e91-7fe0b70c9d82
2025-10-05 01:02:44,918 - tmdl - INFO - Notification title: Academic Calendar Processing Complete
2025-10-05 01:02:44,929 - tmdl - INFO - Notification message: Successfully processed academic calendar with 29 events
2025-10-05 01:02:44,931 - tmdl - INFO - Notification type: success
2025-10-05 01:02:44,960 - tmdl - INFO - Notification saved for teacher 7bed2b69-8000-4b36-8e91-7fe0b70c9d82: Schedule Update
2025-10-05 01:02:44,997 - tmdl - INFO - [Redis] Published to ws:teacher:7bed2b69-8000-4b36-8e91-7fe0b70c9d82: {'status': 'complete', 'type': 'COMPLETED_ACADEMIC_CALENDER', 'message': 'Successfully processed academic calendar with 21 events', 'teacher_id': '7bed2b69-8000-4b36-8e91-7fe0b70c9d82', 'event_count': 21}
2025-10-05 01:02:45,055 - tmdl - INFO - Token decoded: user@gmail.com (Role: sch_teacher, School: None, individual ID: 791dbae6-21e7-4b48-bb82-5c378aca8886)
2025-10-05 01:02:45,057 - tmdl - INFO - ✅ [DEDUPLICATION] Sent unique WebSocket message with hash: d1a6418a5a361332d1a3d30493d0717d
2025-10-05 01:02:45,066 - tmdl - INFO - Completion message sent successfully, result: True
2025-10-05 01:02:45,085 - tmdl - INFO - Cleaning up temporary file: ./uploads/academic_calendar/7bed2b69-8000-4b36-8e91-7fe0b70c9d82.pdf
2025-10-05 01:02:45,099 - tmdl - INFO - File exists before cleanup: True
2025-10-05 01:02:45,104 - tmdl - INFO - 🧹 Cleaned up temporary file: ./uploads/academic_calendar/7bed2b69-8000-4b36-8e91-7fe0b70c9d82.pdf
2025-10-05 01:02:45,112 - tmdl - INFO - Current user resolved: user@gmail.com (ID: 7bed2b69-8000-4b36-8e91-7fe0b70c9d82)
2025-10-05 01:02:45,116 - tmdl - INFO - Prepared final serializable events count: 21
2025-10-05 01:02:45,184 - tmdl - INFO - Returning result: {'status': 'success', 'message': 'Successfully processed academic calendar with 21 events', 'event_count': 21, 'academic_calendar': {'semester_name': 'First Semester 2024/2025', 'semester_start_date': '2024-11-04', 'semester_end_date': '2025-02-14', 'mid_semester_break_start_date': '2024-12-06', 'mid_semester_break_end_date': '2024-12-08', 'midsem_exams_date': '2024-12-09', 'revision_start_date': '2025-02-10'}, 'calendar_events': [{'event_name': 'Deadline for Uploading Courses and Linking of First Semester Courses to Lecturers (Levels 200, 300 & 400)', 'event_start_date': '2024-08-19', 'event_end_date': '2024-08-19', 'is_holiday': False, 'requires_no_classes': False}, {'event_name': 'Registration (LEVELS 200, 300 & 400)', 'event_start_date': '2024-09-04', 'event_end_date': '2024-11-08', 'is_holiday': False, 'requires_no_classes': True}, {'event_name': 'Add/Drop of Courses/Deferment', 'event_start_date': '2024-09-04', 'event_end_date': '2024-11-08', 'is_holiday': False, 'requires_no_classes': True}, {'event_name': 'Registration for Re-sit of First Semester Courses', 'event_start_date': '2024-10-28', 'event_end_date': '2024-11-15', 'is_holiday': False, 'requires_no_classes': True}, {'event_name': 'Continuing Students Report', 'event_start_date': '2024-10-31', 'event_end_date': '2024-11-03', 'is_holiday': False, 'requires_no_classes': True}, {'event_name': 'Teaching Begins', 'event_start_date': '2024-11-04', 'event_end_date': '2024-11-04', 'is_holiday': False, 'requires_no_classes': False}, {'event_name': 'Break for Farmers’ Day and Elections 2024', 'event_start_date': '2024-12-06', 'event_end_date': '2024-12-08', 'is_holiday': True, 'requires_no_classes': True}, {'event_name': 'Interim Assessment', 'event_start_date': '2024-12-09', 'event_end_date': '2024-12-22', 'is_holiday': False, 'requires_no_classes': False}, {'event_name': 'Registration for Supplementary Re-sit Exams for Second Semester Courses', 'event_start_date': '2024-12-09', 'event_end_date': '2024-12-13', 'is_holiday': False, 'requires_no_classes': True}, {'event_name': 'UG OPEN DAY', 'event_start_date': '2024-12-11', 'event_end_date': '2024-12-13', 'is_holiday': False, 'requires_no_classes': False}, {'event_name': 'Christmas Break', 'event_start_date': '2024-12-21', 'event_end_date': '2025-01-06', 'is_holiday': True, 'requires_no_classes': True}, {'event_name': 'Christmas Day', 'event_start_date': '2024-12-25', 'event_end_date': '2024-12-25', 'is_holiday': True, 'requires_no_classes': True}, {'event_name': 'Boxing Day', 'event_start_date': '2024-12-26', 'event_end_date': '2024-12-26', 'is_holiday': True, 'requires_no_classes': True}, {'event_name': 'New Year’s Day', 'event_start_date': '2025-01-01', 'event_end_date': '2025-01-01', 'is_holiday': True, 'requires_no_classes': True}, {'event_name': 'Teaching resumes', 'event_start_date': '2025-01-08', 'event_end_date': '2025-01-08', 'is_holiday': False, 'requires_no_classes': False}, {'event_name': 'Constitution Day', 'event_start_date': '2025-01-07', 'event_end_date': '2025-01-07', 'is_holiday': True, 'requires_no_classes': True}, {'event_name': 'Students’ Evaluation of Lecturers', 'event_start_date': '2025-01-27', 'event_end_date': '2025-02-07', 'is_holiday': False, 'requires_no_classes': False}, {'event_name': 'Teaching Ends', 'event_start_date': '2025-02-07', 'event_end_date': '2025-02-07', 'is_holiday': False, 'requires_no_classes': False}, {'event_name': 'Revision', 'event_start_date': '2025-02-10', 'event_end_date': '2025-02-14', 'is_holiday': False, 'requires_no_classes': True}, {'event_name': 'First Semester Examinations', 'event_start_date': '2025-02-15', 'event_end_date': '2025-03-09', 'is_holiday': False, 'requires_no_classes': True}, {'event_name': 'Independence Day', 'event_start_date': '2025-03-06', 'event_end_date': '2025-03-06', 'is_holiday': True, 'requires_no_classes': True}]}
2025-10-05 01:02:45,362 - tmdl - INFO - Result keys: ['status', 'message', 'event_count', 'academic_calendar', 'calendar_events']
2025-10-05 01:02:45,399 - tmdl - INFO - Academic calendar in result: {'semester_name': 'First Semester 2024/2025', 'semester_start_date': '2024-11-04', 'semester_end_date': '2025-02-14', 'mid_semester_break_start_date': '2024-12-06', 'mid_semester_break_end_date': '2024-12-08', 'midsem_exams_date': '2024-12-09', 'revision_start_date': '2025-02-10'}
2025-10-05 01:02:45,409 - tmdl - INFO - Calendar events count in result: 21
2025-10-05 01:02:45,413 - tmdl - INFO - Token decoded: user@gmail.com (Role: sch_teacher, School: None, individual ID: 791dbae6-21e7-4b48-bb82-5c378aca8886)
2025-10-05 01:02:45,452 - tmdl - INFO - Calendar events in result: 21
2025-10-05 01:02:45,473 - tmdl - INFO - Current user resolved: user@gmail.com (ID: 7bed2b69-8000-4b36-8e91-7fe0b70c9d82)
2025-10-05 01:02:45,497 - tmdl - INFO - Cleaning up global sent messages, current local set size: 5
2025-10-05 01:02:45,513 - tmdl - INFO - 🧹 Cleaned up 5 message hashes from global set
2025-10-05 01:02:45,518 - tmdl - INFO - Token decoded: user@gmail.com (Role: sch_teacher, School: None, individual ID: 791dbae6-21e7-4b48-bb82-5c378aca8886)
2025-10-05 01:02:45,535 - tmdl - INFO - Global set size after cleanup: 0
2025-10-05 01:02:45,553 - tmdl - INFO - Current user resolved: user@gmail.com (ID: 7bed2b69-8000-4b36-8e91-7fe0b70c9d82)
2025-10-05 01:02:45,582 - tmdl - INFO - Token decoded: user@gmail.com (Role: sch_teacher, School: None, individual ID: 791dbae6-21e7-4b48-bb82-5c378aca8886)
2025-10-05 01:02:45,598 - tmdl - INFO - Current user resolved: user@gmail.com (ID: 7bed2b69-8000-4b36-8e91-7fe0b70c9d82)
2025-10-05 01:02:45,629 - tmdl - INFO - Token decoded: user@gmail.com (Role: sch_teacher, School: None, individual ID: 791dbae6-21e7-4b48-bb82-5c378aca8886)
2025-10-05 01:02:45,645 - tmdl - INFO - Current user resolved: user@gmail.com (ID: 7bed2b69-8000-4b36-8e91-7fe0b70c9d82)
2025-10-05 01:02:45,771 - tmdl - INFO - Notification saved for teacher 7bed2b69-8000-4b36-8e91-7fe0b70c9d82: Academic Calendar Processing Complete
2025-10-05 01:02:45,774 - tmdl - INFO - Success notification saved successfully
2025-10-05 01:02:45,778 - tmdl - INFO - Preparing serializable events from 29 events
2025-10-05 01:02:45,779 - tmdl - INFO - Processing event 1/29 for serialization
2025-10-05 01:02:45,782 - tmdl - INFO - Event data keys: ['event_name', 'event_start_date', 'event_end_date', 'is_holiday', 'requires_no_classes']
2025-10-05 01:02:45,783 - tmdl - INFO - Processing event 2/29 for serialization
2025-10-05 01:02:45,786 - tmdl - INFO - Event data keys: ['event_name', 'event_start_date', 'event_end_date', 'is_holiday', 'requires_no_classes']
2025-10-05 01:02:45,788 - tmdl - INFO - Processing event 3/29 for serialization
2025-10-05 01:02:45,789 - tmdl - INFO - Event data keys: ['event_name', 'event_start_date', 'event_end_date', 'is_holiday', 'requires_no_classes']
2025-10-05 01:02:45,792 - tmdl - INFO - Processing event 4/29 for serialization
2025-10-05 01:02:45,793 - tmdl - INFO - Event data keys: ['event_name', 'event_start_date', 'event_end_date', 'is_holiday', 'requires_no_classes']
2025-10-05 01:02:45,794 - tmdl - INFO - Processing event 5/29 for serialization
2025-10-05 01:02:45,795 - tmdl - INFO - Event data keys: ['event_name', 'event_start_date', 'event_end_date', 'is_holiday', 'requires_no_classes']
2025-10-05 01:02:45,796 - tmdl - INFO - Processing event 6/29 for serialization
2025-10-05 01:02:45,797 - tmdl - INFO - Event data keys: ['event_name', 'event_start_date', 'event_end_date', 'is_holiday', 'requires_no_classes']
2025-10-05 01:02:45,803 - tmdl - INFO - Processing event 7/29 for serialization
2025-10-05 01:02:45,805 - tmdl - INFO - Event data keys: ['event_name', 'event_start_date', 'event_end_date', 'is_holiday', 'requires_no_classes']
2025-10-05 01:02:45,811 - tmdl - INFO - Processing event 8/29 for serialization
2025-10-05 01:02:45,813 - tmdl - INFO - Event data keys: ['event_name', 'event_start_date', 'event_end_date', 'is_holiday', 'requires_no_classes']
2025-10-05 01:02:45,814 - tmdl - INFO - Processing event 9/29 for serialization
2025-10-05 01:02:45,815 - tmdl - INFO - Event data keys: ['event_name', 'event_start_date', 'event_end_date', 'is_holiday', 'requires_no_classes']
2025-10-05 01:02:45,818 - tmdl - INFO - Processing event 10/29 for serialization
2025-10-05 01:02:45,820 - tmdl - INFO - Event data keys: ['event_name', 'event_start_date', 'event_end_date', 'is_holiday', 'requires_no_classes']
2025-10-05 01:02:45,825 - tmdl - INFO - Processing event 11/29 for serialization
2025-10-05 01:02:45,827 - tmdl - INFO - Event data keys: ['event_name', 'event_start_date', 'event_end_date', 'is_holiday', 'requires_no_classes']
2025-10-05 01:02:45,828 - tmdl - INFO - Processing event 12/29 for serialization
2025-10-05 01:02:45,829 - tmdl - INFO - Event data keys: ['event_name', 'event_start_date', 'event_end_date', 'is_holiday', 'requires_no_classes']
2025-10-05 01:02:45,831 - tmdl - INFO - Processing event 13/29 for serialization
2025-10-05 01:02:45,832 - tmdl - INFO - Event data keys: ['event_name', 'event_start_date', 'event_end_date', 'is_holiday', 'requires_no_classes']
2025-10-05 01:02:45,833 - tmdl - INFO - Processing event 14/29 for serialization
2025-10-05 01:02:45,835 - tmdl - INFO - Event data keys: ['event_name', 'event_start_date', 'event_end_date', 'is_holiday', 'requires_no_classes']
2025-10-05 01:02:45,836 - tmdl - INFO - Processing event 15/29 for serialization
2025-10-05 01:02:45,839 - tmdl - INFO - Event data keys: ['event_name', 'event_start_date', 'event_end_date', 'is_holiday', 'requires_no_classes']
2025-10-05 01:02:45,841 - tmdl - INFO - Processing event 16/29 for serialization
2025-10-05 01:02:45,842 - tmdl - INFO - Event data keys: ['event_name', 'event_start_date', 'event_end_date', 'is_holiday', 'requires_no_classes']
2025-10-05 01:02:45,845 - tmdl - INFO - Processing event 17/29 for serialization
2025-10-05 01:02:45,846 - tmdl - INFO - Event data keys: ['event_name', 'event_start_date', 'event_end_date', 'is_holiday', 'requires_no_classes']
2025-10-05 01:02:45,847 - tmdl - INFO - Processing event 18/29 for serialization
2025-10-05 01:02:45,852 - tmdl - INFO - Event data keys: ['event_name', 'event_start_date', 'event_end_date', 'is_holiday', 'requires_no_classes']
2025-10-05 01:02:45,876 - tmdl - INFO - Processing event 19/29 for serialization
2025-10-05 01:02:45,880 - tmdl - INFO - Event data keys: ['event_name', 'event_start_date', 'event_end_date', 'is_holiday', 'requires_no_classes']
2025-10-05 01:02:45,897 - tmdl - INFO - Processing event 20/29 for serialization
2025-10-05 01:02:45,899 - tmdl - INFO - Event data keys: ['event_name', 'event_start_date', 'event_end_date', 'is_holiday', 'requires_no_classes']
2025-10-05 01:02:45,901 - tmdl - INFO - Processing event 21/29 for serialization
2025-10-05 01:02:45,903 - tmdl - INFO - Event data keys: ['event_name', 'event_start_date', 'event_end_date', 'is_holiday', 'requires_no_classes']
2025-10-05 01:02:45,909 - tmdl - INFO - Processing event 22/29 for serialization
2025-10-05 01:02:45,914 - tmdl - INFO - Event data keys: ['event_name', 'event_start_date', 'event_end_date', 'is_holiday', 'requires_no_classes']
2025-10-05 01:02:45,916 - tmdl - INFO - Processing event 23/29 for serialization
2025-10-05 01:02:45,918 - tmdl - INFO - Event data keys: ['event_name', 'event_start_date', 'event_end_date', 'is_holiday', 'requires_no_classes']
2025-10-05 01:02:45,925 - tmdl - INFO - Processing event 24/29 for serialization
2025-10-05 01:02:45,942 - tmdl - INFO - Event data keys: ['event_name', 'event_start_date', 'event_end_date', 'is_holiday', 'requires_no_classes']
2025-10-05 01:02:45,950 - tmdl - INFO - Processing event 25/29 for serialization
2025-10-05 01:02:45,959 - tmdl - INFO - Event data keys: ['event_name', 'event_start_date', 'event_end_date', 'is_holiday', 'requires_no_classes']
2025-10-05 01:02:45,964 - tmdl - INFO - Processing event 26/29 for serialization
2025-10-05 01:02:45,967 - tmdl - INFO - Event data keys: ['event_name', 'event_start_date', 'event_end_date', 'is_holiday', 'requires_no_classes']
2025-10-05 01:02:45,976 - tmdl - INFO - Processing event 27/29 for serialization
2025-10-05 01:02:45,980 - tmdl - INFO - Event data keys: ['event_name', 'event_start_date', 'event_end_date', 'is_holiday', 'requires_no_classes']
2025-10-05 01:02:45,982 - tmdl - INFO - Processing event 28/29 for serialization
2025-10-05 01:02:45,983 - tmdl - INFO - Event data keys: ['event_name', 'event_start_date', 'event_end_date', 'is_holiday', 'requires_no_classes']
2025-10-05 01:02:45,984 - tmdl - INFO - Processing event 29/29 for serialization
2025-10-05 01:02:45,986 - tmdl - INFO - Event data keys: ['event_name', 'event_start_date', 'event_end_date', 'is_holiday', 'requires_no_classes']
2025-10-05 01:02:45,990 - tmdl - INFO - Prepared serializable events count: 29
2025-10-05 01:02:45,992 - tmdl - INFO - First serializable event keys: ['event_name', 'event_start_date', 'event_end_date', 'is_holiday', 'requires_no_classes']
2025-10-05 01:02:45,993 - tmdl - INFO - Sending completion message: {'status': 'complete', 'type': 'COMPLETED_ACADEMIC_CALENDER', 'message': 'Successfully processed academic calendar with 29 events', 'teacher_id': '7bed2b69-8000-4b36-8e91-7fe0b70c9d82', 'event_count': 29}
2025-10-05 01:02:45,995 - tmdl - INFO - 🔍 [DEDUPLICATION] Checking message hash: 14603819c779e747e26fd1bb67e3a410 for key: complete_COMPLETED_ACADEMIC_CALENDER_Successfully processed academic calendar with 29 events_29
2025-10-05 01:02:45,996 - tmdl - INFO - 🔍 [DEDUPLICATION] Local sent_messages set size: 4
2025-10-05 01:02:45,996 - tmdl - INFO - 🔍 [DEDUPLICATION] Global SENT_MESSAGES set size: 4
2025-10-05 01:02:45,998 - tmdl - INFO - 🔍 [DEDUPLICATION] Message content: {'status': 'complete', 'type': 'COMPLETED_ACADEMIC_CALENDER', 'message': 'Successfully processed academic calendar with 29 events', 'teacher_id': '7bed2b69-8000-4b36-8e91-7fe0b70c9d82', 'event_count': 29}
2025-10-05 01:02:45,999 - tmdl - INFO - 🔍 [DEDUPLICATION] Message status: complete
2025-10-05 01:02:46,000 - tmdl - INFO - 🔍 [DEDUPLICATION] Message type: COMPLETED_ACADEMIC_CALENDER
2025-10-05 01:02:46,004 - tmdl - INFO - 🔍 [DEDUPLICATION] Message text: Successfully processed academic calendar with 29 events
2025-10-05 01:02:46,009 - tmdl - INFO - ➕ [DEDUPLICATION] Adding message hash to both local and global sent_messages: 14603819c779e747e26fd1bb67e3a410
2025-10-05 01:02:46,012 - tmdl - INFO - ➕ [DEDUPLICATION] Local set now contains 5 items
2025-10-05 01:02:46,016 - tmdl - INFO - ➕ [DEDUPLICATION] Global set now contains 5 items
2025-10-05 01:02:46,032 - tmdl - INFO - Sending WebSocket message to teacher 7bed2b69-8000-4b36-8e91-7fe0b70c9d82
2025-10-05 01:02:46,047 - tmdl - INFO - Message content: {'status': 'complete', 'type': 'COMPLETED_ACADEMIC_CALENDER', 'message': 'Successfully processed academic calendar with 29 events', 'teacher_id': '7bed2b69-8000-4b36-8e91-7fe0b70c9d82', 'event_count': 29}
2025-10-05 01:02:46,136 - tmdl - INFO - Notification saved for teacher 7bed2b69-8000-4b36-8e91-7fe0b70c9d82: Schedule Update
2025-10-05 01:02:46,151 - tmdl - INFO - [Redis] Published to ws:teacher:7bed2b69-8000-4b36-8e91-7fe0b70c9d82: {'status': 'complete', 'type': 'COMPLETED_ACADEMIC_CALENDER', 'message': 'Successfully processed academic calendar with 29 events', 'teacher_id': '7bed2b69-8000-4b36-8e91-7fe0b70c9d82', 'event_count': 29}
2025-10-05 01:02:46,169 - tmdl - INFO - ✅ [DEDUPLICATION] Sent unique WebSocket message with hash: 14603819c779e747e26fd1bb67e3a410
2025-10-05 01:02:46,175 - tmdl - INFO - Completion message sent successfully, result: True
2025-10-05 01:02:46,177 - tmdl - INFO - Cleaning up temporary file: ./uploads/academic_calendar/7bed2b69-8000-4b36-8e91-7fe0b70c9d82.pdf
2025-10-05 01:02:46,179 - tmdl - INFO - File exists before cleanup: False
2025-10-05 01:02:46,181 - tmdl - WARNING - Temporary file does not exist: ./uploads/academic_calendar/7bed2b69-8000-4b36-8e91-7fe0b70c9d82.pdf
2025-10-05 01:02:46,182 - tmdl - INFO - Prepared final serializable events count: 29
2025-10-05 01:02:46,186 - tmdl - INFO - Returning result: {'status': 'success', 'message': 'Successfully processed academic calendar with 29 events', 'event_count': 29, 'academic_calendar': {'semester_name': 'First Semester 2024/2025', 'semester_start_date': '2024-11-04', 'semester_end_date': '2025-02-14', 'mid_semester_break_start_date': '2024-12-06', 'mid_semester_break_end_date': '2024-12-08', 'midsem_exams_date': '2024-12-09', 'revision_start_date': '2025-02-10'}, 'calendar_events': [{'event_name': 'Deadline for Uploading Courses and Linking of First Semester Courses to Lecturers (All Levels 200, 300 & 400)', 'event_start_date': '2024-08-19', 'event_end_date': '2024-08-19', 'is_holiday': False, 'requires_no_classes': False}, {'event_name': 'Registration (LEVELS 200, 300 & 400)', 'event_start_date': '2024-09-04', 'event_end_date': '2024-11-08', 'is_holiday': False, 'requires_no_classes': True}, {'event_name': 'Add/Drop of Courses/Deferment', 'event_start_date': '2024-09-04', 'event_end_date': '2024-11-08', 'is_holiday': False, 'requires_no_classes': True}, {'event_name': 'Registration for Re-sit of First Semester Courses', 'event_start_date': '2024-10-28', 'event_end_date': '2024-11-15', 'is_holiday': False, 'requires_no_classes': True}, {'event_name': 'Continuing Students Report', 'event_start_date': '2024-10-31', 'event_end_date': '2024-11-03', 'is_holiday': False, 'requires_no_classes': True}, {'event_name': 'Teaching Begins', 'event_start_date': '2024-11-04', 'event_end_date': '2024-11-04', 'is_holiday': False, 'requires_no_classes': False}, {'event_name': 'Break for Farmers’ Day and Elections 2024', 'event_start_date': '2024-12-06', 'event_end_date': '2024-12-08', 'is_holiday': True, 'requires_no_classes': True}, {'event_name': 'Interim Assessment', 'event_start_date': '2024-12-09', 'event_end_date': '2024-12-22', 'is_holiday': False, 'requires_no_classes': False}, {'event_name': 'Registration for Supplementary Re-sit Exams for Second Semester Courses', 'event_start_date': '2024-12-09', 'event_end_date': '2024-12-13', 'is_holiday': False, 'requires_no_classes': True}, {'event_name': 'UG OPEN DAY', 'event_start_date': '2024-12-11', 'event_end_date': '2024-12-13', 'is_holiday': False, 'requires_no_classes': False}, {'event_name': 'Christmas Break', 'event_start_date': '2024-12-21', 'event_end_date': '2025-01-06', 'is_holiday': True, 'requires_no_classes': True}, {'event_name': "New Year's Day", 'event_start_date': '2025-01-01', 'event_end_date': '2025-01-01', 'is_holiday': True, 'requires_no_classes': True}, {'event_name': 'Teaching resumes', 'event_start_date': '2025-01-08', 'event_end_date': '2025-01-08', 'is_holiday': False, 'requires_no_classes': False}, {'event_name': 'Constitution Day', 'event_start_date': '2025-01-07', 'event_end_date': '2025-01-07', 'is_holiday': True, 'requires_no_classes': True}, {'event_name': 'Students’ Evaluation of Lecturers', 'event_start_date': '2025-01-27', 'event_end_date': '2025-02-07', 'is_holiday': False, 'requires_no_classes': False}, {'event_name': 'Teaching Ends', 'event_start_date': '2025-02-07', 'event_end_date': '2025-02-07', 'is_holiday': False, 'requires_no_classes': False}, {'event_name': 'Revision', 'event_start_date': '2025-02-10', 'event_end_date': '2025-02-14', 'is_holiday': False, 'requires_no_classes': True}, {'event_name': 'First Semester Examinations', 'event_start_date': '2025-02-15', 'event_end_date': '2025-03-09', 'is_holiday': False, 'requires_no_classes': True}, {'event_name': 'Supplementary Re-Sit Examinations for Second Semester Courses', 'event_start_date': '2025-03-10', 'event_end_date': '2025-03-21', 'is_holiday': False, 'requires_no_classes': True}, {'event_name': 'Inter-Semester Break', 'event_start_date': '2025-03-10', 'event_end_date': '2025-05-22', 'is_holiday': True, 'requires_no_classes': True}, {'event_name': 'Independence Day', 'event_start_date': '2025-03-06', 'event_end_date': '2025-03-06', 'is_holiday': True, 'requires_no_classes': True}, {'event_name': 'Good Friday', 'event_start_date': '2025-04-18', 'event_end_date': '2025-04-18', 'is_holiday': True, 'requires_no_classes': True}, {'event_name': 'Easter Monday', 'event_start_date': '2025-04-21', 'event_end_date': '2025-04-21', 'is_holiday': True, 'requires_no_classes': True}, {'event_name': 'May Day', 'event_start_date': '2025-05-01', 'event_end_date': '2025-05-01', 'is_holiday': True, 'requires_no_classes': True}, {'event_name': 'Founders’ Day', 'event_start_date': '2025-08-04', 'event_end_date': '2025-08-04', 'is_holiday': True, 'requires_no_classes': True}, {'event_name': 'Kwame Nkrumah Mem. Day', 'event_start_date': '2025-09-21', 'event_end_date': '2025-09-21', 'is_holiday': True, 'requires_no_classes': True}, {'event_name': 'Christmas Day', 'event_start_date': '2024-12-25', 'event_end_date': '2024-12-25', 'is_holiday': True, 'requires_no_classes': True}, {'event_name': 'Boxing Day', 'event_start_date': '2024-12-26', 'event_end_date': '2024-12-26', 'is_holiday': True, 'requires_no_classes': True}, {'event_name': 'WEAR UG DAY', 'event_start_date': '2024-11-20', 'event_end_date': '2024-11-20', 'is_holiday': False, 'requires_no_classes': False}]}
2025-10-05 01:02:46,249 - tmdl - INFO - Result keys: ['status', 'message', 'event_count', 'academic_calendar', 'calendar_events']
2025-10-05 01:02:46,250 - tmdl - INFO - Academic calendar in result: {'semester_name': 'First Semester 2024/2025', 'semester_start_date': '2024-11-04', 'semester_end_date': '2025-02-14', 'mid_semester_break_start_date': '2024-12-06', 'mid_semester_break_end_date': '2024-12-08', 'midsem_exams_date': '2024-12-09', 'revision_start_date': '2025-02-10'}
2025-10-05 01:02:46,262 - tmdl - INFO - Calendar events count in result: 29
2025-10-05 01:02:46,267 - tmdl - INFO - Calendar events in result: 29
2025-10-05 01:02:46,281 - tmdl - INFO - Cleaning up global sent messages, current local set size: 5
2025-10-05 01:02:46,282 - tmdl - INFO - 🧹 Cleaned up 5 message hashes from global set
2025-10-05 01:02:46,285 - tmdl - INFO - Global set size after cleanup: 0
2025-10-05 01:02:46,354 - tmdl - INFO - Token decoded: user@gmail.com (Role: sch_teacher, School: None, individual ID: 791dbae6-21e7-4b48-bb82-5c378aca8886)
2025-10-05 01:02:46,402 - tmdl - INFO - Current user resolved: user@gmail.com (ID: 7bed2b69-8000-4b36-8e91-7fe0b70c9d82)
2025-10-05 01:02:46,432 - tmdl - INFO - Token decoded: user@gmail.com (Role: sch_teacher, School: None, individual ID: 791dbae6-21e7-4b48-bb82-5c378aca8886)
2025-10-05 01:02:46,454 - tmdl - INFO - Current user resolved: user@gmail.com (ID: 7bed2b69-8000-4b36-8e91-7fe0b70c9d82)
2025-10-05 01:02:47,295 - tmdl - INFO - Token decoded: user@gmail.com (Role: sch_teacher, School: None, individual ID: 791dbae6-21e7-4b48-bb82-5c378aca8886)
2025-10-05 01:02:47,344 - tmdl - INFO - Current user resolved: user@gmail.com (ID: 7bed2b69-8000-4b36-8e91-7fe0b70c9d82)
2025-10-05 01:02:47,974 - tmdl - INFO - Token decoded: user@gmail.com (Role: sch_teacher, School: None, individual ID: 791dbae6-21e7-4b48-bb82-5c378aca8886)
2025-10-05 01:02:47,995 - tmdl - INFO - Current user resolved: user@gmail.com (ID: 7bed2b69-8000-4b36-8e91-7fe0b70c9d82)
2025-10-05 01:02:48,013 - tmdl - INFO - Token decoded: user@gmail.com (Role: sch_teacher, School: None, individual ID: 791dbae6-21e7-4b48-bb82-5c378aca8886)
2025-10-05 01:02:48,093 - tmdl - INFO - Current user resolved: user@gmail.com (ID: 7bed2b69-8000-4b36-8e91-7fe0b70c9d82)
2025-10-05 01:02:56,685 - tmdl - INFO - Token decoded: user@gmail.com (Role: sch_teacher, School: None, individual ID: 791dbae6-21e7-4b48-bb82-5c378aca8886)
2025-10-05 01:02:56,757 - tmdl - INFO - Current user resolved: user@gmail.com (ID: 7bed2b69-8000-4b36-8e91-7fe0b70c9d82)
2025-10-05 01:03:13,636 - tmdl - INFO - Token decoded: user@gmail.com (Role: sch_teacher, School: None, individual ID: 791dbae6-21e7-4b48-bb82-5c378aca8886)
2025-10-05 01:03:13,643 - tmdl - INFO - Current user resolved: user@gmail.com (ID: 7bed2b69-8000-4b36-8e91-7fe0b70c9d82)
2025-10-05 01:03:14,650 - tmdl - INFO - Token decoded: user@gmail.com (Role: sch_teacher, School: None, individual ID: 791dbae6-21e7-4b48-bb82-5c378aca8886)
2025-10-05 01:03:14,658 - tmdl - INFO - Current user resolved: user@gmail.com (ID: 7bed2b69-8000-4b36-8e91-7fe0b70c9d82)
2025-10-05 01:03:16,816 - tmdl - INFO - Token decoded: user@gmail.com (Role: sch_teacher, School: None, individual ID: 791dbae6-21e7-4b48-bb82-5c378aca8886)
2025-10-05 01:03:17,046 - tmdl - INFO - Current user resolved: user@gmail.com (ID: 7bed2b69-8000-4b36-8e91-7fe0b70c9d82)
2025-10-05 01:03:17,249 - tmdl - INFO - Token decoded: user@gmail.com (Role: sch_teacher, School: None, individual ID: 791dbae6-21e7-4b48-bb82-5c378aca8886)
2025-10-05 01:03:17,284 - tmdl - INFO - Current user resolved: user@gmail.com (ID: 7bed2b69-8000-4b36-8e91-7fe0b70c9d82)
2025-10-05 01:03:17,586 - tmdl - INFO - Token decoded: user@gmail.com (Role: sch_teacher, School: None, individual ID: 791dbae6-21e7-4b48-bb82-5c378aca8886)
2025-10-05 01:03:17,665 - tmdl - INFO - Current user resolved: user@gmail.com (ID: 7bed2b69-8000-4b36-8e91-7fe0b70c9d82)
2025-10-05 01:03:17,675 - tmdl - INFO - Received request for central user info (teacher: 7bed2b69-8000-4b36-8e91-7fe0b70c9d82)
2025-10-05 01:03:17,707 - tmdl - INFO - Sending request to core service /api/me endpoint
2025-10-05 01:03:18,039 - tmdl - INFO - Token decoded: user@gmail.com (Role: sch_teacher, School: None, individual ID: 791dbae6-21e7-4b48-bb82-5c378aca8886)
2025-10-05 01:03:18,150 - tmdl - INFO - Current user resolved: user@gmail.com (ID: 7bed2b69-8000-4b36-8e91-7fe0b70c9d82)
2025-10-05 01:03:18,671 - tmdl - INFO - Successfully fetched user info from ERP
2025-10-05 01:03:19,150 - tmdl - INFO - Token decoded: user@gmail.com (Role: sch_teacher, School: None, individual ID: 791dbae6-21e7-4b48-bb82-5c378aca8886)
2025-10-05 01:03:19,167 - tmdl - INFO - Token decoded: user@gmail.com (Role: sch_teacher, School: None, individual ID: 791dbae6-21e7-4b48-bb82-5c378aca8886)
2025-10-05 01:03:19,183 - tmdl - INFO - Current user resolved: user@gmail.com (ID: 7bed2b69-8000-4b36-8e91-7fe0b70c9d82)
2025-10-05 01:03:19,190 - tmdl - INFO - Current user resolved: user@gmail.com (ID: 7bed2b69-8000-4b36-8e91-7fe0b70c9d82)
2025-10-05 01:03:56,733 - tmdl - INFO - Token decoded: user@gmail.com (Role: sch_teacher, School: None, individual ID: 791dbae6-21e7-4b48-bb82-5c378aca8886)
2025-10-05 01:03:56,740 - tmdl - INFO - Current user resolved: user@gmail.com (ID: 7bed2b69-8000-4b36-8e91-7fe0b70c9d82)
2025-10-05 01:04:19,627 - tmdl - INFO - Token decoded: user@gmail.com (Role: sch_teacher, School: None, individual ID: 791dbae6-21e7-4b48-bb82-5c378aca8886)
2025-10-05 01:04:19,636 - tmdl - INFO - Current user resolved: user@gmail.com (ID: 7bed2b69-8000-4b36-8e91-7fe0b70c9d82)
2025-10-05 01:04:56,648 - tmdl - INFO - Token decoded: user@gmail.com (Role: sch_teacher, School: None, individual ID: 791dbae6-21e7-4b48-bb82-5c378aca8886)
2025-10-05 01:04:57,012 - tmdl - INFO - Current user resolved: user@gmail.com (ID: 7bed2b69-8000-4b36-8e91-7fe0b70c9d82)
2025-10-05 01:05:19,630 - tmdl - INFO - Token decoded: user@gmail.com (Role: sch_teacher, School: None, individual ID: 791dbae6-21e7-4b48-bb82-5c378aca8886)
2025-10-05 01:05:20,067 - tmdl - INFO - Current user resolved: user@gmail.com (ID: 7bed2b69-8000-4b36-8e91-7fe0b70c9d82)
2025-10-05 01:05:56,642 - tmdl - INFO - Token decoded: user@gmail.com (Role: sch_teacher, School: None, individual ID: 791dbae6-21e7-4b48-bb82-5c378aca8886)
2025-10-05 01:05:56,651 - tmdl - INFO - Current user resolved: user@gmail.com (ID: 7bed2b69-8000-4b36-8e91-7fe0b70c9d82)
2025-10-05 01:06:19,611 - tmdl - INFO - Token decoded: user@gmail.com (Role: sch_teacher, School: None, individual ID: 791dbae6-21e7-4b48-bb82-5c378aca8886)
2025-10-05 01:06:19,983 - tmdl - INFO - Current user resolved: user@gmail.com (ID: 7bed2b69-8000-4b36-8e91-7fe0b70c9d82)
2025-10-05 01:07:19,619 - tmdl - INFO - Token decoded: user@gmail.com (Role: sch_teacher, School: None, individual ID: 791dbae6-21e7-4b48-bb82-5c378aca8886)
2025-10-05 01:07:19,664 - tmdl - INFO - Current user resolved: user@gmail.com (ID: 7bed2b69-8000-4b36-8e91-7fe0b70c9d82)
2025-10-05 01:07:36,649 - tmdl - INFO - Token decoded: user@gmail.com (Role: sch_teacher, School: None, individual ID: 791dbae6-21e7-4b48-bb82-5c378aca8886)
2025-10-05 01:07:36,657 - tmdl - INFO - Current user resolved: user@gmail.com (ID: 7bed2b69-8000-4b36-8e91-7fe0b70c9d82)
2025-10-05 01:08:19,662 - tmdl - INFO - Token decoded: user@gmail.com (Role: sch_teacher, School: None, individual ID: 791dbae6-21e7-4b48-bb82-5c378aca8886)
2025-10-05 01:08:19,667 - tmdl - INFO - Current user resolved: user@gmail.com (ID: 7bed2b69-8000-4b36-8e91-7fe0b70c9d82)
2025-10-05 01:08:36,639 - tmdl - INFO - Token decoded: user@gmail.com (Role: sch_teacher, School: None, individual ID: 791dbae6-21e7-4b48-bb82-5c378aca8886)
2025-10-05 01:08:36,644 - tmdl - INFO - Current user resolved: user@gmail.com (ID: 7bed2b69-8000-4b36-8e91-7fe0b70c9d82)
2025-10-05 01:09:19,621 - tmdl - INFO - Token decoded: user@gmail.com (Role: sch_teacher, School: None, individual ID: 791dbae6-21e7-4b48-bb82-5c378aca8886)
2025-10-05 01:09:19,626 - tmdl - INFO - Current user resolved: user@gmail.com (ID: 7bed2b69-8000-4b36-8e91-7fe0b70c9d82)
2025-10-05 01:09:36,625 - tmdl - INFO - Token decoded: user@gmail.com (Role: sch_teacher, School: None, individual ID: 791dbae6-21e7-4b48-bb82-5c378aca8886)
2025-10-05 01:09:36,630 - tmdl - INFO - Current user resolved: user@gmail.com (ID: 7bed2b69-8000-4b36-8e91-7fe0b70c9d82)
2025-10-05 01:10:36,639 - tmdl - INFO - Token decoded: user@gmail.com (Role: sch_teacher, School: None, individual ID: 791dbae6-21e7-4b48-bb82-5c378aca8886)
2025-10-05 01:10:36,646 - tmdl - INFO - Current user resolved: user@gmail.com (ID: 7bed2b69-8000-4b36-8e91-7fe0b70c9d82)
2025-10-05 01:11:36,668 - tmdl - INFO - Token decoded: user@gmail.com (Role: sch_teacher, School: None, individual ID: 791dbae6-21e7-4b48-bb82-5c378aca8886)
2025-10-05 01:11:36,679 - tmdl - INFO - Current user resolved: user@gmail.com (ID: 7bed2b69-8000-4b36-8e91-7fe0b70c9d82)
2025-10-05 01:12:36,646 - tmdl - INFO - Token decoded: user@gmail.com (Role: sch_teacher, School: None, individual ID: 791dbae6-21e7-4b48-bb82-5c378aca8886)
2025-10-05 01:12:36,652 - tmdl - INFO - Current user resolved: user@gmail.com (ID: 7bed2b69-8000-4b36-8e91-7fe0b70c9d82)
2025-10-05 01:13:36,647 - tmdl - INFO - Token decoded: user@gmail.com (Role: sch_teacher, School: None, individual ID: 791dbae6-21e7-4b48-bb82-5c378aca8886)
2025-10-05 01:13:36,653 - tmdl - INFO - Current user resolved: user@gmail.com (ID: 7bed2b69-8000-4b36-8e91-7fe0b70c9d82)
2025-10-05 02:37:24,325 - tmdl - INFO - Token decoded: user@gmail.com (Role: sch_teacher, School: None, individual ID: 791dbae6-21e7-4b48-bb82-5c378aca8886)
2025-10-05 02:37:24,593 - tmdl - INFO - Current user resolved: user@gmail.com (ID: 7bed2b69-8000-4b36-8e91-7fe0b70c9d82)
2025-10-05 02:37:24,600 - tmdl - INFO - Token decoded: user@gmail.com (Role: sch_teacher, School: None, individual ID: 791dbae6-21e7-4b48-bb82-5c378aca8886)
2025-10-05 02:37:24,638 - tmdl - INFO - Token decoded: user@gmail.com (Role: sch_teacher, School: None, individual ID: 791dbae6-21e7-4b48-bb82-5c378aca8886)
2025-10-05 02:37:24,645 - tmdl - INFO - Current user resolved: user@gmail.com (ID: 7bed2b69-8000-4b36-8e91-7fe0b70c9d82)
2025-10-05 02:37:24,664 - tmdl - INFO - Token decoded: user@gmail.com (Role: sch_teacher, School: None, individual ID: 791dbae6-21e7-4b48-bb82-5c378aca8886)
2025-10-05 02:37:24,670 - tmdl - INFO - Current user resolved: user@gmail.com (ID: 7bed2b69-8000-4b36-8e91-7fe0b70c9d82)
2025-10-05 02:37:24,762 - tmdl - INFO - Token decoded: user@gmail.com (Role: sch_teacher, School: None, individual ID: 791dbae6-21e7-4b48-bb82-5c378aca8886)
2025-10-05 02:37:24,769 - tmdl - INFO - Token decoded: user@gmail.com (Role: sch_teacher, School: None, individual ID: 791dbae6-21e7-4b48-bb82-5c378aca8886)
2025-10-05 02:37:24,774 - tmdl - INFO - Current user resolved: user@gmail.com (ID: 7bed2b69-8000-4b36-8e91-7fe0b70c9d82)
2025-10-05 02:37:24,845 - tmdl - INFO - Current user resolved: user@gmail.com (ID: 7bed2b69-8000-4b36-8e91-7fe0b70c9d82)
2025-10-05 02:37:24,846 - tmdl - INFO - Received request for central user info (teacher: 7bed2b69-8000-4b36-8e91-7fe0b70c9d82)
2025-10-05 02:37:24,847 - tmdl - INFO - Sending request to core service /api/me endpoint
2025-10-05 02:37:25,423 - tmdl - INFO - Successfully fetched user info from ERP
2025-10-05 02:37:25,429 - tmdl - INFO - Token decoded: user@gmail.com (Role: sch_teacher, School: None, individual ID: 791dbae6-21e7-4b48-bb82-5c378aca8886)
2025-10-05 02:37:25,434 - tmdl - INFO - Current user resolved: user@gmail.com (ID: 7bed2b69-8000-4b36-8e91-7fe0b70c9d82)
2025-10-05 02:37:25,435 - tmdl - INFO - Received request for central user info (teacher: 7bed2b69-8000-4b36-8e91-7fe0b70c9d82)
2025-10-05 02:37:25,437 - tmdl - INFO - Sending request to core service /api/me endpoint
2025-10-05 02:37:25,452 - tmdl - INFO - Current user resolved: user@gmail.com (ID: 7bed2b69-8000-4b36-8e91-7fe0b70c9d82)
2025-10-05 02:37:25,470 - tmdl - INFO - Successfully fetched user info from ERP
2025-10-05 02:37:25,481 - tmdl - INFO - Token decoded: user@gmail.com (Role: sch_teacher, School: None, individual ID: 791dbae6-21e7-4b48-bb82-5c378aca8886)
2025-10-05 02:37:25,488 - tmdl - INFO - Current user resolved: user@gmail.com (ID: 7bed2b69-8000-4b36-8e91-7fe0b70c9d82)
2025-10-05 02:43:43,882 - tmdl - INFO - Token decoded: user@gmail.com (Role: sch_teacher, School: None, individual ID: 791dbae6-21e7-4b48-bb82-5c378aca8886)
2025-10-05 02:43:43,885 - tmdl - INFO - Current user resolved: user@gmail.com (ID: 7bed2b69-8000-4b36-8e91-7fe0b70c9d82)
2025-10-05 02:43:43,898 - tmdl - INFO - Token decoded: user@gmail.com (Role: sch_teacher, School: None, individual ID: 791dbae6-21e7-4b48-bb82-5c378aca8886)
2025-10-05 02:43:43,902 - tmdl - INFO - Current user resolved: user@gmail.com (ID: 7bed2b69-8000-4b36-8e91-7fe0b70c9d82)
2025-10-05 02:43:43,913 - tmdl - INFO - Token decoded: user@gmail.com (Role: sch_teacher, School: None, individual ID: 791dbae6-21e7-4b48-bb82-5c378aca8886)
2025-10-05 02:43:43,917 - tmdl - INFO - Current user resolved: user@gmail.com (ID: 7bed2b69-8000-4b36-8e91-7fe0b70c9d82)
2025-10-05 02:43:43,964 - tmdl - INFO - Token decoded: user@gmail.com (Role: sch_teacher, School: None, individual ID: 791dbae6-21e7-4b48-bb82-5c378aca8886)
2025-10-05 02:43:43,966 - tmdl - INFO - Current user resolved: user@gmail.com (ID: 7bed2b69-8000-4b36-8e91-7fe0b70c9d82)
2025-10-05 02:43:43,984 - tmdl - INFO - Token decoded: user@gmail.com (Role: sch_teacher, School: None, individual ID: 791dbae6-21e7-4b48-bb82-5c378aca8886)
2025-10-05 02:43:43,989 - tmdl - INFO - Current user resolved: user@gmail.com (ID: 7bed2b69-8000-4b36-8e91-7fe0b70c9d82)
2025-10-05 02:43:44,002 - tmdl - INFO - Token decoded: user@gmail.com (Role: sch_teacher, School: None, individual ID: 791dbae6-21e7-4b48-bb82-5c378aca8886)
2025-10-05 02:43:44,005 - tmdl - INFO - Current user resolved: user@gmail.com (ID: 7bed2b69-8000-4b36-8e91-7fe0b70c9d82)
2025-10-05 02:43:44,176 - tmdl - INFO - Token decoded: user@gmail.com (Role: sch_teacher, School: None, individual ID: 791dbae6-21e7-4b48-bb82-5c378aca8886)
2025-10-05 02:43:44,179 - tmdl - INFO - Current user resolved: user@gmail.com (ID: 7bed2b69-8000-4b36-8e91-7fe0b70c9d82)
2025-10-05 02:43:44,179 - tmdl - INFO - Received request for central user info (teacher: 7bed2b69-8000-4b36-8e91-7fe0b70c9d82)
2025-10-05 02:43:44,179 - tmdl - INFO - Sending request to core service /api/me endpoint
2025-10-05 02:43:44,199 - tmdl - INFO - Successfully fetched user info from ERP
2025-10-05 02:43:44,206 - tmdl - INFO - Token decoded: user@gmail.com (Role: sch_teacher, School: None, individual ID: 791dbae6-21e7-4b48-bb82-5c378aca8886)
2025-10-05 02:43:44,209 - tmdl - INFO - Current user resolved: user@gmail.com (ID: 7bed2b69-8000-4b36-8e91-7fe0b70c9d82)
2025-10-05 02:43:44,210 - tmdl - INFO - Received request for central user info (teacher: 7bed2b69-8000-4b36-8e91-7fe0b70c9d82)
2025-10-05 02:43:44,210 - tmdl - INFO - Sending request to core service /api/me endpoint
2025-10-05 02:43:44,246 - tmdl - INFO - Successfully fetched user info from ERP
2025-10-05 02:43:45,263 - tmdl - INFO - Token decoded: user@gmail.com (Role: sch_teacher, School: None, individual ID: 791dbae6-21e7-4b48-bb82-5c378aca8886)
2025-10-05 02:43:45,268 - tmdl - INFO - Current user resolved: user@gmail.com (ID: 7bed2b69-8000-4b36-8e91-7fe0b70c9d82)
2025-10-05 02:43:45,597 - tmdl - INFO - Token decoded: user@gmail.com (Role: sch_teacher, School: None, individual ID: 791dbae6-21e7-4b48-bb82-5c378aca8886)
2025-10-05 02:43:45,605 - tmdl - INFO - Current user resolved: user@gmail.com (ID: 7bed2b69-8000-4b36-8e91-7fe0b70c9d82)
2025-10-05 02:44:45,571 - tmdl - INFO - Token decoded: user@gmail.com (Role: sch_teacher, School: None, individual ID: 791dbae6-21e7-4b48-bb82-5c378aca8886)
2025-10-05 02:44:45,577 - tmdl - INFO - Current user resolved: user@gmail.com (ID: 7bed2b69-8000-4b36-8e91-7fe0b70c9d82)
2025-10-05 02:44:51,807 - tmdl - INFO - Token decoded: user@gmail.com (Role: sch_teacher, School: None, individual ID: 791dbae6-21e7-4b48-bb82-5c378aca8886)
2025-10-05 02:44:51,835 - tmdl - INFO - Current user resolved: user@gmail.com (ID: 7bed2b69-8000-4b36-8e91-7fe0b70c9d82)
2025-10-05 02:45:45,558 - tmdl - INFO - Token decoded: user@gmail.com (Role: sch_teacher, School: None, individual ID: 791dbae6-21e7-4b48-bb82-5c378aca8886)
2025-10-05 02:45:45,561 - tmdl - INFO - Current user resolved: user@gmail.com (ID: 7bed2b69-8000-4b36-8e91-7fe0b70c9d82)
2025-10-05 02:46:45,552 - tmdl - INFO - Token decoded: user@gmail.com (Role: sch_teacher, School: None, individual ID: 791dbae6-21e7-4b48-bb82-5c378aca8886)
2025-10-05 02:46:45,556 - tmdl - INFO - Current user resolved: user@gmail.com (ID: 7bed2b69-8000-4b36-8e91-7fe0b70c9d82)
2025-10-05 02:47:45,550 - tmdl - INFO - Token decoded: user@gmail.com (Role: sch_teacher, School: None, individual ID: 791dbae6-21e7-4b48-bb82-5c378aca8886)
2025-10-05 02:47:45,553 - tmdl - INFO - Current user resolved: user@gmail.com (ID: 7bed2b69-8000-4b36-8e91-7fe0b70c9d82)
2025-10-05 02:48:45,548 - tmdl - INFO - Token decoded: user@gmail.com (Role: sch_teacher, School: None, individual ID: 791dbae6-21e7-4b48-bb82-5c378aca8886)
2025-10-05 02:48:45,551 - tmdl - INFO - Current user resolved: user@gmail.com (ID: 7bed2b69-8000-4b36-8e91-7fe0b70c9d82)
2025-10-05 02:49:45,553 - tmdl - INFO - Token decoded: user@gmail.com (Role: sch_teacher, School: None, individual ID: 791dbae6-21e7-4b48-bb82-5c378aca8886)
2025-10-05 02:49:45,556 - tmdl - INFO - Current user resolved: user@gmail.com (ID: 7bed2b69-8000-4b36-8e91-7fe0b70c9d82)
2025-10-05 02:50:45,567 - tmdl - INFO - Token decoded: user@gmail.com (Role: sch_teacher, School: None, individual ID: 791dbae6-21e7-4b48-bb82-5c378aca8886)
2025-10-05 02:50:45,570 - tmdl - INFO - Current user resolved: user@gmail.com (ID: 7bed2b69-8000-4b36-8e91-7fe0b70c9d82)
2025-10-05 02:51:45,574 - tmdl - INFO - Token decoded: user@gmail.com (Role: sch_teacher, School: None, individual ID: 791dbae6-21e7-4b48-bb82-5c378aca8886)
2025-10-05 02:51:45,577 - tmdl - INFO - Current user resolved: user@gmail.com (ID: 7bed2b69-8000-4b36-8e91-7fe0b70c9d82)
2025-10-05 02:52:45,552 - tmdl - INFO - Token decoded: user@gmail.com (Role: sch_teacher, School: None, individual ID: 791dbae6-21e7-4b48-bb82-5c378aca8886)
2025-10-05 02:52:45,789 - tmdl - INFO - Current user resolved: user@gmail.com (ID: 7bed2b69-8000-4b36-8e91-7fe0b70c9d82)
2025-10-05 02:53:45,561 - tmdl - INFO - Token decoded: user@gmail.com (Role: sch_teacher, School: None, individual ID: 791dbae6-21e7-4b48-bb82-5c378aca8886)
2025-10-05 02:53:45,725 - tmdl - INFO - Current user resolved: user@gmail.com (ID: 7bed2b69-8000-4b36-8e91-7fe0b70c9d82)
2025-10-05 02:54:45,565 - tmdl - INFO - Token decoded: user@gmail.com (Role: sch_teacher, School: None, individual ID: 791dbae6-21e7-4b48-bb82-5c378aca8886)
2025-10-05 02:54:45,728 - tmdl - INFO - Current user resolved: user@gmail.com (ID: 7bed2b69-8000-4b36-8e91-7fe0b70c9d82)
2025-10-05 02:55:45,558 - tmdl - INFO - Token decoded: user@gmail.com (Role: sch_teacher, School: None, individual ID: 791dbae6-21e7-4b48-bb82-5c378aca8886)
2025-10-05 02:55:45,561 - tmdl - INFO - Current user resolved: user@gmail.com (ID: 7bed2b69-8000-4b36-8e91-7fe0b70c9d82)
2025-10-05 02:56:45,553 - tmdl - INFO - Token decoded: user@gmail.com (Role: sch_teacher, School: None, individual ID: 791dbae6-21e7-4b48-bb82-5c378aca8886)
2025-10-05 02:56:45,557 - tmdl - INFO - Current user resolved: user@gmail.com (ID: 7bed2b69-8000-4b36-8e91-7fe0b70c9d82)
2025-10-05 02:57:45,556 - tmdl - INFO - Token decoded: user@gmail.com (Role: sch_teacher, School: None, individual ID: 791dbae6-21e7-4b48-bb82-5c378aca8886)
2025-10-05 02:57:45,560 - tmdl - INFO - Current user resolved: user@gmail.com (ID: 7bed2b69-8000-4b36-8e91-7fe0b70c9d82)
2025-10-05 02:58:45,558 - tmdl - INFO - Token decoded: user@gmail.com (Role: sch_teacher, School: None, individual ID: 791dbae6-21e7-4b48-bb82-5c378aca8886)
2025-10-05 02:58:45,561 - tmdl - INFO - Current user resolved: user@gmail.com (ID: 7bed2b69-8000-4b36-8e91-7fe0b70c9d82)
2025-10-05 02:59:45,551 - tmdl - INFO - Token decoded: user@gmail.com (Role: sch_teacher, School: None, individual ID: 791dbae6-21e7-4b48-bb82-5c378aca8886)
2025-10-05 02:59:45,554 - tmdl - INFO - Current user resolved: user@gmail.com (ID: 7bed2b69-8000-4b36-8e91-7fe0b70c9d82)
2025-10-05 03:00:08,141 - tmdl - INFO - Token decoded: user@gmail.com (Role: sch_teacher, School: None, individual ID: 791dbae6-21e7-4b48-bb82-5c378aca8886)
2025-10-05 03:00:08,182 - tmdl - INFO - Current user resolved: user@gmail.com (ID: 7bed2b69-8000-4b36-8e91-7fe0b70c9d82)
2025-10-05 03:00:08,350 - tmdl - INFO - Token decoded: user@gmail.com (Role: sch_teacher, School: None, individual ID: 791dbae6-21e7-4b48-bb82-5c378aca8886)
2025-10-05 03:00:08,421 - tmdl - INFO - Current user resolved: user@gmail.com (ID: 7bed2b69-8000-4b36-8e91-7fe0b70c9d82)
2025-10-05 03:00:08,425 - tmdl - INFO - Received request for central user info (teacher: 7bed2b69-8000-4b36-8e91-7fe0b70c9d82)
2025-10-05 03:00:08,449 - tmdl - INFO - Sending request to core service /api/me endpoint
2025-10-05 03:00:08,519 - tmdl - INFO - Token decoded: user@gmail.com (Role: sch_teacher, School: None, individual ID: 791dbae6-21e7-4b48-bb82-5c378aca8886)
2025-10-05 03:00:08,581 - tmdl - INFO - Current user resolved: user@gmail.com (ID: 7bed2b69-8000-4b36-8e91-7fe0b70c9d82)
2025-10-05 03:00:08,889 - tmdl - INFO - Token decoded: user@gmail.com (Role: sch_teacher, School: None, individual ID: 791dbae6-21e7-4b48-bb82-5c378aca8886)
2025-10-05 03:00:08,952 - tmdl - INFO - Successfully fetched user info from ERP
2025-10-05 03:00:08,965 - tmdl - INFO - Current user resolved: user@gmail.com (ID: 7bed2b69-8000-4b36-8e91-7fe0b70c9d82)
2025-10-05 03:00:09,547 - tmdl - INFO - Token decoded: user@gmail.com (Role: sch_teacher, School: None, individual ID: 791dbae6-21e7-4b48-bb82-5c378aca8886)
2025-10-05 03:00:09,613 - tmdl - INFO - Current user resolved: user@gmail.com (ID: 7bed2b69-8000-4b36-8e91-7fe0b70c9d82)
2025-10-05 03:01:09,627 - tmdl - INFO - Token decoded: user@gmail.com (Role: sch_teacher, School: None, individual ID: 791dbae6-21e7-4b48-bb82-5c378aca8886)
2025-10-05 03:01:09,783 - tmdl - INFO - Current user resolved: user@gmail.com (ID: 7bed2b69-8000-4b36-8e91-7fe0b70c9d82)
2025-10-05 03:01:57,762 - tmdl - INFO - Token decoded: user@gmail.com (Role: sch_teacher, School: None, individual ID: 791dbae6-21e7-4b48-bb82-5c378aca8886)
2025-10-05 03:01:57,804 - tmdl - INFO - Current user resolved: user@gmail.com (ID: 7bed2b69-8000-4b36-8e91-7fe0b70c9d82)
2025-10-05 03:02:02,471 - tmdl - INFO - Token decoded: user@gmail.com (Role: sch_teacher, School: None, individual ID: 791dbae6-21e7-4b48-bb82-5c378aca8886)
2025-10-05 03:02:02,478 - tmdl - INFO - Current user resolved: user@gmail.com (ID: 7bed2b69-8000-4b36-8e91-7fe0b70c9d82)
2025-10-05 03:02:09,542 - tmdl - INFO - Token decoded: user@gmail.com (Role: sch_teacher, School: None, individual ID: 791dbae6-21e7-4b48-bb82-5c378aca8886)
2025-10-05 03:02:09,546 - tmdl - INFO - Current user resolved: user@gmail.com (ID: 7bed2b69-8000-4b36-8e91-7fe0b70c9d82)
2025-10-05 03:02:16,220 - tmdl - INFO - Token decoded: user@gmail.com (Role: sch_teacher, School: None, individual ID: 791dbae6-21e7-4b48-bb82-5c378aca8886)
2025-10-05 03:02:16,225 - tmdl - INFO - Current user resolved: user@gmail.com (ID: 7bed2b69-8000-4b36-8e91-7fe0b70c9d82)
2025-10-05 03:02:40,532 - tmdl - INFO - Shutting down academic calendar processing worker
2025-10-05 03:02:40,555 - tmdl - INFO - Context keys: ['redis']
2025-10-05 03:02:40,556 - tmdl - INFO - Closing Redis connection
2025-10-05 03:02:40,836 - tmdl - INFO - Disposing database engine
2025-10-05 03:02:41,187 - tmdl - INFO - Academic calendar processing worker shutdown
2025-10-05 03:03:09,613 - tmdl - INFO - Token decoded: user@gmail.com (Role: sch_teacher, School: None, individual ID: 791dbae6-21e7-4b48-bb82-5c378aca8886)
2025-10-05 03:03:09,803 - tmdl - INFO - Current user resolved: user@gmail.com (ID: 7bed2b69-8000-4b36-8e91-7fe0b70c9d82)
2025-10-05 03:04:09,647 - tmdl - INFO - Token decoded: user@gmail.com (Role: sch_teacher, School: None, individual ID: 791dbae6-21e7-4b48-bb82-5c378aca8886)
2025-10-05 03:04:09,652 - tmdl - INFO - Current user resolved: user@gmail.com (ID: 7bed2b69-8000-4b36-8e91-7fe0b70c9d82)
2025-10-05 03:05:09,789 - tmdl - INFO - Token decoded: user@gmail.com (Role: sch_teacher, School: None, individual ID: 791dbae6-21e7-4b48-bb82-5c378aca8886)
2025-10-05 03:05:10,022 - tmdl - INFO - Current user resolved: user@gmail.com (ID: 7bed2b69-8000-4b36-8e91-7fe0b70c9d82)
2025-10-05 03:06:09,623 - tmdl - INFO - Token decoded: user@gmail.com (Role: sch_teacher, School: None, individual ID: 791dbae6-21e7-4b48-bb82-5c378aca8886)
2025-10-05 03:06:09,628 - tmdl - INFO - Current user resolved: user@gmail.com (ID: 7bed2b69-8000-4b36-8e91-7fe0b70c9d82)
2025-10-05 03:06:56,449 - tmdl - INFO - Arq worker started
2025-10-05 03:07:05,215 - tmdl - INFO - Token decoded: user@gmail.com (Role: sch_teacher, School: None, individual ID: 791dbae6-21e7-4b48-bb82-5c378aca8886)
2025-10-05 03:07:05,220 - tmdl - INFO - Current user resolved: user@gmail.com (ID: 7bed2b69-8000-4b36-8e91-7fe0b70c9d82)
2025-10-05 03:07:06,158 - tmdl - INFO - Starting generate_schedule_task for teacher: 7bed2b69-8000-4b36-8e91-7fe0b70c9d82
2025-10-05 03:07:06,690 - tmdl - INFO - Notification saved for teacher 7bed2b69-8000-4b36-8e91-7fe0b70c9d82: Schedule Update
2025-10-05 03:07:06,699 - tmdl - INFO - [Redis] Published to ws:teacher:7bed2b69-8000-4b36-8e91-7fe0b70c9d82: {'status': 'started', 'message': 'Generating schedule...', 'teacher_id': '7bed2b69-8000-4b36-8e91-7fe0b70c9d82'}
2025-10-05 03:07:06,756 - tmdl - INFO - Found: 20 timetable entries, 29 events
2025-10-05 03:07:06,766 - tmdl - INFO - Generated 300 sessions before filtering
2025-10-05 03:07:07,965 - tmdl - INFO - Fetched 0 holidays
2025-10-05 03:07:07,968 - tmdl - INFO - No-class dates: ['2024-09-04', '2024-09-05', '2024-09-06', '2024-09-07', '2024-09-08', '2024-09-09', '2024-09-10', '2024-09-11', '2024-09-12', '2024-09-13', '2024-09-14', '2024-09-15', '2024-09-16', '2024-09-17', '2024-09-18', '2024-09-19', '2024-09-20', '2024-09-21', '2024-09-22', '2024-09-23', '2024-09-24', '2024-09-25', '2024-09-26', '2024-09-27', '2024-09-28', '2024-09-29', '2024-09-30', '2024-10-01', '2024-10-02', '2024-10-03', '2024-10-04', '2024-10-05', '2024-10-06', '2024-10-07', '2024-10-08', '2024-10-09', '2024-10-10', '2024-10-11', '2024-10-12', '2024-10-13', '2024-10-14', '2024-10-15', '2024-10-16', '2024-10-17', '2024-10-18', '2024-10-19', '2024-10-20', '2024-10-21', '2024-10-22', '2024-10-23', '2024-10-24', '2024-10-25', '2024-10-26', '2024-10-27', '2024-10-28', '2024-10-29', '2024-10-30', '2024-10-31', '2024-11-01', '2024-11-02', '2024-11-03', '2024-11-04', '2024-11-05', '2024-11-06', '2024-11-07', '2024-11-08', '2024-11-09', '2024-11-10', '2024-11-11', '2024-11-12', '2024-11-13', '2024-11-14', '2024-11-15', '2024-12-06', '2024-12-07', '2024-12-08', '2024-12-09', '2024-12-10', '2024-12-11', '2024-12-12', '2024-12-13', '2024-12-21', '2024-12-22', '2024-12-23', '2024-12-24', '2024-12-25', '2024-12-26', '2024-12-27', '2024-12-28', '2024-12-29', '2024-12-30', '2024-12-31', '2025-01-01', '2025-01-02', '2025-01-03', '2025-01-04', '2025-01-05', '2025-01-06', '2025-01-07', '2025-02-10', '2025-02-11', '2025-02-12', '2025-02-13', '2025-02-14', '2025-02-15', '2025-02-16', '2025-02-17', '2025-02-18', '2025-02-19', '2025-02-20', '2025-02-21', '2025-02-22', '2025-02-23', '2025-02-24', '2025-02-25', '2025-02-26', '2025-02-27', '2025-02-28', '2025-03-01', '2025-03-02', '2025-03-03', '2025-03-04', '2025-03-05', '2025-03-06', '2025-03-07', '2025-03-08', '2025-03-09', '2025-03-10', '2025-03-11', '2025-03-12', '2025-03-13', '2025-03-14', '2025-03-15', '2025-03-16', '2025-03-17', '2025-03-18', '2025-03-19', '2025-03-20', '2025-03-21', '2025-03-22', '2025-03-23', '2025-03-24', '2025-03-25', '2025-03-26', '2025-03-27', '2025-03-28', '2025-03-29', '2025-03-30', '2025-03-31', '2025-04-01', '2025-04-02', '2025-04-03', '2025-04-04', '2025-04-05', '2025-04-06', '2025-04-07', '2025-04-08', '2025-04-09', '2025-04-10', '2025-04-11', '2025-04-12', '2025-04-13', '2025-04-14', '2025-04-15', '2025-04-16', '2025-04-17', '2025-04-18', '2025-04-19', '2025-04-20', '2025-04-21', '2025-04-22', '2025-04-23', '2025-04-24', '2025-04-25', '2025-04-26', '2025-04-27', '2025-04-28', '2025-04-29', '2025-04-30', '2025-05-01', '2025-05-02', '2025-05-03', '2025-05-04', '2025-05-05', '2025-05-06', '2025-05-07', '2025-05-08', '2025-05-09', '2025-05-10', '2025-05-11', '2025-05-12', '2025-05-13', '2025-05-14', '2025-05-15', '2025-05-16', '2025-05-17', '2025-05-18', '2025-05-19', '2025-05-20', '2025-05-21', '2025-05-22', '2025-08-04', '2025-09-21']
2025-10-05 03:07:07,972 - tmdl - INFO - 169 sessions remain after filtering
2025-10-05 03:07:08,046 - tmdl - INFO - 169 sessions saved to ClassSession
2025-10-05 03:07:09,542 - tmdl - INFO - Token decoded: user@gmail.com (Role: sch_teacher, School: None, individual ID: 791dbae6-21e7-4b48-bb82-5c378aca8886)
2025-10-05 03:07:09,590 - tmdl - INFO - Current user resolved: user@gmail.com (ID: 7bed2b69-8000-4b36-8e91-7fe0b70c9d82)
2025-10-05 03:07:09,846 - tmdl - ERROR - Unexpected error saving TeacherPlannerEvents: Multiple rows were found when one or none was required
Traceback (most recent call last):
  File "c:\Users\HP\tmdl5\sch_ground\background.py", line 302, in populate_teacher_planner_events
    )).scalar_one_or_none()
       ~~~~~~~~~~~~~~~~~~^^
  File "C:\Users\HP\tmdl5\env\Lib\site-packages\sqlalchemy\engine\result.py", line 1492, in scalar_one_or_none
    return self._only_one_row(
           ~~~~~~~~~~~~~~~~~~^
        raise_for_second_row=True, raise_for_none=False, scalar=True
        ^^^^^^^^^^^^^^^^^^^^^^^^^^^^^^^^^^^^^^^^^^^^^^^^^^^^^^^^^^^^
    )
    ^
  File "C:\Users\HP\tmdl5\env\Lib\site-packages\sqlalchemy\engine\result.py", line 813, in _only_one_row
    raise exc.MultipleResultsFound(
    ...<4 lines>...
    )
sqlalchemy.exc.MultipleResultsFound: Multiple rows were found when one or none was required

2025-10-05 03:07:09,852 - tmdl - ERROR - Unexpected error in async task: Multiple rows were found when one or none was required
Traceback (most recent call last):
  File "c:\Users\HP\tmdl5\sch_ground\background.py", line 461, in generate_schedule_task
    await populate_teacher_planner_events(teacher_id, calendar_data, events_data, holidays)
  File "c:\Users\HP\tmdl5\sch_ground\background.py", line 302, in populate_teacher_planner_events
    )).scalar_one_or_none()
       ~~~~~~~~~~~~~~~~~~^^
  File "C:\Users\HP\tmdl5\env\Lib\site-packages\sqlalchemy\engine\result.py", line 1492, in scalar_one_or_none
    return self._only_one_row(
           ~~~~~~~~~~~~~~~~~~^
        raise_for_second_row=True, raise_for_none=False, scalar=True
        ^^^^^^^^^^^^^^^^^^^^^^^^^^^^^^^^^^^^^^^^^^^^^^^^^^^^^^^^^^^^
    )
    ^
  File "C:\Users\HP\tmdl5\env\Lib\site-packages\sqlalchemy\engine\result.py", line 813, in _only_one_row
    raise exc.MultipleResultsFound(
    ...<4 lines>...
    )
sqlalchemy.exc.MultipleResultsFound: Multiple rows were found when one or none was required

2025-10-05 03:07:09,867 - tmdl - INFO - Notification saved for teacher 7bed2b69-8000-4b36-8e91-7fe0b70c9d82: Error Occurred
2025-10-05 03:07:09,873 - tmdl - INFO - [Redis] Published to ws:teacher:7bed2b69-8000-4b36-8e91-7fe0b70c9d82: {'status': 'error', 'message': 'Unexpected error in async task: Multiple rows were found when one or none was required\nTraceback (most recent call last):\n  File "c:\\Users\\HP\\tmdl5\\sch_ground\\background.py", line 461, in generate_schedule_task\n    await populate_teacher_planner_events(teacher_id, calendar_data, events_data, holidays)\n  File "c:\\Users\\HP\\tmdl5\\sch_ground\\background.py", line 302, in populate_teacher_planner_events\n    )).scalar_one_or_none()\n       ~~~~~~~~~~~~~~~~~~^^\n  File "C:\\Users\\HP\\tmdl5\\env\\Lib\\site-packages\\sqlalchemy\\engine\\result.py", line 1492, in scalar_one_or_none\n    return self._only_one_row(\n           ~~~~~~~~~~~~~~~~~~^\n        raise_for_second_row=True, raise_for_none=False, scalar=True\n        ^^^^^^^^^^^^^^^^^^^^^^^^^^^^^^^^^^^^^^^^^^^^^^^^^^^^^^^^^^^^\n    )\n    ^\n  File "C:\\Users\\HP\\tmdl5\\env\\Lib\\site-packages\\sqlalchemy\\engine\\result.py", line 813, in _only_one_row\n    raise exc.MultipleResultsFound(\n    ...<4 lines>...\n    )\nsqlalchemy.exc.MultipleResultsFound: Multiple rows were found when one or none was required\n', 'teacher_id': '7bed2b69-8000-4b36-8e91-7fe0b70c9d82'}
2025-10-05 03:07:09,877 - tmdl - ERROR - Task failed: Multiple rows were found when one or none was required
Traceback (most recent call last):
  File "c:\Users\HP\tmdl5\sch_ground\background.py", line 461, in generate_schedule_task
    await populate_teacher_planner_events(teacher_id, calendar_data, events_data, holidays)
  File "c:\Users\HP\tmdl5\sch_ground\background.py", line 302, in populate_teacher_planner_events
    )).scalar_one_or_none()
       ~~~~~~~~~~~~~~~~~~^^
  File "C:\Users\HP\tmdl5\env\Lib\site-packages\sqlalchemy\engine\result.py", line 1492, in scalar_one_or_none
    return self._only_one_row(
           ~~~~~~~~~~~~~~~~~~^
        raise_for_second_row=True, raise_for_none=False, scalar=True
        ^^^^^^^^^^^^^^^^^^^^^^^^^^^^^^^^^^^^^^^^^^^^^^^^^^^^^^^^^^^^
    )
    ^
  File "C:\Users\HP\tmdl5\env\Lib\site-packages\sqlalchemy\engine\result.py", line 813, in _only_one_row
    raise exc.MultipleResultsFound(
    ...<4 lines>...
    )
sqlalchemy.exc.MultipleResultsFound: Multiple rows were found when one or none was required

2025-10-05 03:08:09,638 - tmdl - INFO - Token decoded: user@gmail.com (Role: sch_teacher, School: None, individual ID: 791dbae6-21e7-4b48-bb82-5c378aca8886)
2025-10-05 03:08:09,837 - tmdl - INFO - Current user resolved: user@gmail.com (ID: 7bed2b69-8000-4b36-8e91-7fe0b70c9d82)
2025-10-05 03:08:43,664 - tmdl - INFO - Arq worker shutdown
2025-10-05 03:08:54,437 - tmdl - INFO - Arq worker started
2025-10-05 03:08:58,403 - tmdl - INFO - Token decoded: user@gmail.com (Role: sch_teacher, School: None, individual ID: 791dbae6-21e7-4b48-bb82-5c378aca8886)
2025-10-05 03:08:58,805 - tmdl - INFO - Current user resolved: user@gmail.com (ID: 7bed2b69-8000-4b36-8e91-7fe0b70c9d82)
2025-10-05 03:08:59,567 - tmdl - INFO - Starting generate_schedule_task for teacher: 7bed2b69-8000-4b36-8e91-7fe0b70c9d82
2025-10-05 03:08:59,969 - tmdl - INFO - Notification saved for teacher 7bed2b69-8000-4b36-8e91-7fe0b70c9d82: Schedule Update
2025-10-05 03:08:59,977 - tmdl - INFO - [Redis] Published to ws:teacher:7bed2b69-8000-4b36-8e91-7fe0b70c9d82: {'status': 'started', 'message': 'Generating schedule...', 'teacher_id': '7bed2b69-8000-4b36-8e91-7fe0b70c9d82'}
2025-10-05 03:09:00,037 - tmdl - INFO - Found: 20 timetable entries, 29 events
2025-10-05 03:09:00,048 - tmdl - INFO - Generated 300 sessions before filtering
2025-10-05 03:09:00,973 - tmdl - INFO - Fetched 0 holidays
2025-10-05 03:09:00,976 - tmdl - INFO - No-class dates: ['2024-09-04', '2024-09-05', '2024-09-06', '2024-09-07', '2024-09-08', '2024-09-09', '2024-09-10', '2024-09-11', '2024-09-12', '2024-09-13', '2024-09-14', '2024-09-15', '2024-09-16', '2024-09-17', '2024-09-18', '2024-09-19', '2024-09-20', '2024-09-21', '2024-09-22', '2024-09-23', '2024-09-24', '2024-09-25', '2024-09-26', '2024-09-27', '2024-09-28', '2024-09-29', '2024-09-30', '2024-10-01', '2024-10-02', '2024-10-03', '2024-10-04', '2024-10-05', '2024-10-06', '2024-10-07', '2024-10-08', '2024-10-09', '2024-10-10', '2024-10-11', '2024-10-12', '2024-10-13', '2024-10-14', '2024-10-15', '2024-10-16', '2024-10-17', '2024-10-18', '2024-10-19', '2024-10-20', '2024-10-21', '2024-10-22', '2024-10-23', '2024-10-24', '2024-10-25', '2024-10-26', '2024-10-27', '2024-10-28', '2024-10-29', '2024-10-30', '2024-10-31', '2024-11-01', '2024-11-02', '2024-11-03', '2024-11-04', '2024-11-05', '2024-11-06', '2024-11-07', '2024-11-08', '2024-11-09', '2024-11-10', '2024-11-11', '2024-11-12', '2024-11-13', '2024-11-14', '2024-11-15', '2024-12-06', '2024-12-07', '2024-12-08', '2024-12-09', '2024-12-10', '2024-12-11', '2024-12-12', '2024-12-13', '2024-12-21', '2024-12-22', '2024-12-23', '2024-12-24', '2024-12-25', '2024-12-26', '2024-12-27', '2024-12-28', '2024-12-29', '2024-12-30', '2024-12-31', '2025-01-01', '2025-01-02', '2025-01-03', '2025-01-04', '2025-01-05', '2025-01-06', '2025-01-07', '2025-02-10', '2025-02-11', '2025-02-12', '2025-02-13', '2025-02-14', '2025-02-15', '2025-02-16', '2025-02-17', '2025-02-18', '2025-02-19', '2025-02-20', '2025-02-21', '2025-02-22', '2025-02-23', '2025-02-24', '2025-02-25', '2025-02-26', '2025-02-27', '2025-02-28', '2025-03-01', '2025-03-02', '2025-03-03', '2025-03-04', '2025-03-05', '2025-03-06', '2025-03-07', '2025-03-08', '2025-03-09', '2025-03-10', '2025-03-11', '2025-03-12', '2025-03-13', '2025-03-14', '2025-03-15', '2025-03-16', '2025-03-17', '2025-03-18', '2025-03-19', '2025-03-20', '2025-03-21', '2025-03-22', '2025-03-23', '2025-03-24', '2025-03-25', '2025-03-26', '2025-03-27', '2025-03-28', '2025-03-29', '2025-03-30', '2025-03-31', '2025-04-01', '2025-04-02', '2025-04-03', '2025-04-04', '2025-04-05', '2025-04-06', '2025-04-07', '2025-04-08', '2025-04-09', '2025-04-10', '2025-04-11', '2025-04-12', '2025-04-13', '2025-04-14', '2025-04-15', '2025-04-16', '2025-04-17', '2025-04-18', '2025-04-19', '2025-04-20', '2025-04-21', '2025-04-22', '2025-04-23', '2025-04-24', '2025-04-25', '2025-04-26', '2025-04-27', '2025-04-28', '2025-04-29', '2025-04-30', '2025-05-01', '2025-05-02', '2025-05-03', '2025-05-04', '2025-05-05', '2025-05-06', '2025-05-07', '2025-05-08', '2025-05-09', '2025-05-10', '2025-05-11', '2025-05-12', '2025-05-13', '2025-05-14', '2025-05-15', '2025-05-16', '2025-05-17', '2025-05-18', '2025-05-19', '2025-05-20', '2025-05-21', '2025-05-22', '2025-08-04', '2025-09-21']
2025-10-05 03:09:00,979 - tmdl - INFO - 169 sessions remain after filtering
2025-10-05 03:09:01,052 - tmdl - INFO - 169 sessions saved to ClassSession
2025-10-05 03:09:02,328 - tmdl - ERROR - Unexpected error saving TeacherPlannerEvents: Multiple rows were found when one or none was required
Traceback (most recent call last):
  File "c:\Users\HP\tmdl5\sch_ground\background.py", line 302, in populate_teacher_planner_events
    )).scalar_one_or_none()
       ~~~~~~~~~~~~~~~~~~^^
  File "C:\Users\HP\tmdl5\env\Lib\site-packages\sqlalchemy\engine\result.py", line 1492, in scalar_one_or_none
    return self._only_one_row(
           ~~~~~~~~~~~~~~~~~~^
        raise_for_second_row=True, raise_for_none=False, scalar=True
        ^^^^^^^^^^^^^^^^^^^^^^^^^^^^^^^^^^^^^^^^^^^^^^^^^^^^^^^^^^^^
    )
    ^
  File "C:\Users\HP\tmdl5\env\Lib\site-packages\sqlalchemy\engine\result.py", line 813, in _only_one_row
    raise exc.MultipleResultsFound(
    ...<4 lines>...
    )
sqlalchemy.exc.MultipleResultsFound: Multiple rows were found when one or none was required

2025-10-05 03:09:02,331 - tmdl - ERROR - Unexpected error in async task: Multiple rows were found when one or none was required
Traceback (most recent call last):
  File "c:\Users\HP\tmdl5\sch_ground\background.py", line 461, in generate_schedule_task
    await populate_teacher_planner_events(teacher_id, calendar_data, events_data, holidays)
  File "c:\Users\HP\tmdl5\sch_ground\background.py", line 302, in populate_teacher_planner_events
    )).scalar_one_or_none()
       ~~~~~~~~~~~~~~~~~~^^
  File "C:\Users\HP\tmdl5\env\Lib\site-packages\sqlalchemy\engine\result.py", line 1492, in scalar_one_or_none
    return self._only_one_row(
           ~~~~~~~~~~~~~~~~~~^
        raise_for_second_row=True, raise_for_none=False, scalar=True
        ^^^^^^^^^^^^^^^^^^^^^^^^^^^^^^^^^^^^^^^^^^^^^^^^^^^^^^^^^^^^
    )
    ^
  File "C:\Users\HP\tmdl5\env\Lib\site-packages\sqlalchemy\engine\result.py", line 813, in _only_one_row
    raise exc.MultipleResultsFound(
    ...<4 lines>...
    )
sqlalchemy.exc.MultipleResultsFound: Multiple rows were found when one or none was required

2025-10-05 03:09:02,341 - tmdl - INFO - Notification saved for teacher 7bed2b69-8000-4b36-8e91-7fe0b70c9d82: Error Occurred
2025-10-05 03:09:02,344 - tmdl - INFO - [Redis] Published to ws:teacher:7bed2b69-8000-4b36-8e91-7fe0b70c9d82: {'status': 'error', 'message': 'Unexpected error in async task: Multiple rows were found when one or none was required\nTraceback (most recent call last):\n  File "c:\\Users\\HP\\tmdl5\\sch_ground\\background.py", line 461, in generate_schedule_task\n    await populate_teacher_planner_events(teacher_id, calendar_data, events_data, holidays)\n  File "c:\\Users\\HP\\tmdl5\\sch_ground\\background.py", line 302, in populate_teacher_planner_events\n    )).scalar_one_or_none()\n       ~~~~~~~~~~~~~~~~~~^^\n  File "C:\\Users\\HP\\tmdl5\\env\\Lib\\site-packages\\sqlalchemy\\engine\\result.py", line 1492, in scalar_one_or_none\n    return self._only_one_row(\n           ~~~~~~~~~~~~~~~~~~^\n        raise_for_second_row=True, raise_for_none=False, scalar=True\n        ^^^^^^^^^^^^^^^^^^^^^^^^^^^^^^^^^^^^^^^^^^^^^^^^^^^^^^^^^^^^\n    )\n    ^\n  File "C:\\Users\\HP\\tmdl5\\env\\Lib\\site-packages\\sqlalchemy\\engine\\result.py", line 813, in _only_one_row\n    raise exc.MultipleResultsFound(\n    ...<4 lines>...\n    )\nsqlalchemy.exc.MultipleResultsFound: Multiple rows were found when one or none was required\n', 'teacher_id': '7bed2b69-8000-4b36-8e91-7fe0b70c9d82'}
2025-10-05 03:09:02,349 - tmdl - ERROR - Task failed: Multiple rows were found when one or none was required
Traceback (most recent call last):
  File "c:\Users\HP\tmdl5\sch_ground\background.py", line 461, in generate_schedule_task
    await populate_teacher_planner_events(teacher_id, calendar_data, events_data, holidays)
  File "c:\Users\HP\tmdl5\sch_ground\background.py", line 302, in populate_teacher_planner_events
    )).scalar_one_or_none()
       ~~~~~~~~~~~~~~~~~~^^
  File "C:\Users\HP\tmdl5\env\Lib\site-packages\sqlalchemy\engine\result.py", line 1492, in scalar_one_or_none
    return self._only_one_row(
           ~~~~~~~~~~~~~~~~~~^
        raise_for_second_row=True, raise_for_none=False, scalar=True
        ^^^^^^^^^^^^^^^^^^^^^^^^^^^^^^^^^^^^^^^^^^^^^^^^^^^^^^^^^^^^
    )
    ^
  File "C:\Users\HP\tmdl5\env\Lib\site-packages\sqlalchemy\engine\result.py", line 813, in _only_one_row
    raise exc.MultipleResultsFound(
    ...<4 lines>...
    )
sqlalchemy.exc.MultipleResultsFound: Multiple rows were found when one or none was required

2025-10-05 03:09:09,532 - tmdl - INFO - Token decoded: user@gmail.com (Role: sch_teacher, School: None, individual ID: 791dbae6-21e7-4b48-bb82-5c378aca8886)
2025-10-05 03:09:09,537 - tmdl - INFO - Current user resolved: user@gmail.com (ID: 7bed2b69-8000-4b36-8e91-7fe0b70c9d82)
2025-10-05 03:10:09,527 - tmdl - INFO - Token decoded: user@gmail.com (Role: sch_teacher, School: None, individual ID: 791dbae6-21e7-4b48-bb82-5c378aca8886)
2025-10-05 03:10:09,537 - tmdl - INFO - Current user resolved: user@gmail.com (ID: 7bed2b69-8000-4b36-8e91-7fe0b70c9d82)
2025-10-05 03:10:10,476 - tmdl - INFO - Token decoded: user@gmail.com (Role: sch_teacher, School: None, individual ID: 791dbae6-21e7-4b48-bb82-5c378aca8886)
2025-10-05 03:10:10,491 - tmdl - INFO - Current user resolved: user@gmail.com (ID: 7bed2b69-8000-4b36-8e91-7fe0b70c9d82)
2025-10-05 03:10:10,521 - tmdl - INFO - Token decoded: user@gmail.com (Role: sch_teacher, School: None, individual ID: 791dbae6-21e7-4b48-bb82-5c378aca8886)
2025-10-05 03:10:10,549 - tmdl - INFO - Current user resolved: user@gmail.com (ID: 7bed2b69-8000-4b36-8e91-7fe0b70c9d82)
2025-10-05 03:11:09,628 - tmdl - INFO - Token decoded: user@gmail.com (Role: sch_teacher, School: None, individual ID: 791dbae6-21e7-4b48-bb82-5c378aca8886)
2025-10-05 03:11:09,633 - tmdl - INFO - Current user resolved: user@gmail.com (ID: 7bed2b69-8000-4b36-8e91-7fe0b70c9d82)
2025-10-05 03:12:30,964 - tmdl - INFO - Arq worker shutdown
2025-10-05 03:12:36,628 - tmdl - INFO - Token decoded: user@gmail.com (Role: sch_teacher, School: None, individual ID: 791dbae6-21e7-4b48-bb82-5c378aca8886)
2025-10-05 03:12:36,634 - tmdl - INFO - Current user resolved: user@gmail.com (ID: 7bed2b69-8000-4b36-8e91-7fe0b70c9d82)
2025-10-05 03:12:45,302 - tmdl - INFO - Arq worker started
2025-10-05 03:12:53,046 - tmdl - INFO - Token decoded: user@gmail.com (Role: sch_teacher, School: None, individual ID: 791dbae6-21e7-4b48-bb82-5c378aca8886)
2025-10-05 03:12:53,053 - tmdl - INFO - Current user resolved: user@gmail.com (ID: 7bed2b69-8000-4b36-8e91-7fe0b70c9d82)
2025-10-05 03:12:53,356 - tmdl - INFO - Token decoded: user@gmail.com (Role: sch_teacher, School: None, individual ID: 791dbae6-21e7-4b48-bb82-5c378aca8886)
2025-10-05 03:12:53,362 - tmdl - INFO - Current user resolved: user@gmail.com (ID: 7bed2b69-8000-4b36-8e91-7fe0b70c9d82)
2025-10-05 03:12:53,377 - tmdl - INFO - Token decoded: user@gmail.com (Role: sch_teacher, School: None, individual ID: 791dbae6-21e7-4b48-bb82-5c378aca8886)
2025-10-05 03:12:53,385 - tmdl - INFO - Current user resolved: user@gmail.com (ID: 7bed2b69-8000-4b36-8e91-7fe0b70c9d82)
2025-10-05 03:12:53,510 - tmdl - INFO - Starting generate_schedule_task for teacher: 7bed2b69-8000-4b36-8e91-7fe0b70c9d82
2025-10-05 03:12:54,025 - tmdl - INFO - Notification saved for teacher 7bed2b69-8000-4b36-8e91-7fe0b70c9d82: Schedule Update
2025-10-05 03:12:54,032 - tmdl - INFO - [Redis] Published to ws:teacher:7bed2b69-8000-4b36-8e91-7fe0b70c9d82: {'status': 'started', 'message': 'Generating schedule...', 'teacher_id': '7bed2b69-8000-4b36-8e91-7fe0b70c9d82'}
2025-10-05 03:12:54,112 - tmdl - INFO - Found: 20 timetable entries, 29 events
2025-10-05 03:12:54,122 - tmdl - INFO - Generated 300 sessions before filtering
2025-10-05 03:12:55,268 - tmdl - INFO - Fetched 0 holidays
2025-10-05 03:12:55,271 - tmdl - INFO - No-class dates: ['2024-09-04', '2024-09-05', '2024-09-06', '2024-09-07', '2024-09-08', '2024-09-09', '2024-09-10', '2024-09-11', '2024-09-12', '2024-09-13', '2024-09-14', '2024-09-15', '2024-09-16', '2024-09-17', '2024-09-18', '2024-09-19', '2024-09-20', '2024-09-21', '2024-09-22', '2024-09-23', '2024-09-24', '2024-09-25', '2024-09-26', '2024-09-27', '2024-09-28', '2024-09-29', '2024-09-30', '2024-10-01', '2024-10-02', '2024-10-03', '2024-10-04', '2024-10-05', '2024-10-06', '2024-10-07', '2024-10-08', '2024-10-09', '2024-10-10', '2024-10-11', '2024-10-12', '2024-10-13', '2024-10-14', '2024-10-15', '2024-10-16', '2024-10-17', '2024-10-18', '2024-10-19', '2024-10-20', '2024-10-21', '2024-10-22', '2024-10-23', '2024-10-24', '2024-10-25', '2024-10-26', '2024-10-27', '2024-10-28', '2024-10-29', '2024-10-30', '2024-10-31', '2024-11-01', '2024-11-02', '2024-11-03', '2024-11-04', '2024-11-05', '2024-11-06', '2024-11-07', '2024-11-08', '2024-11-09', '2024-11-10', '2024-11-11', '2024-11-12', '2024-11-13', '2024-11-14', '2024-11-15', '2024-12-06', '2024-12-07', '2024-12-08', '2024-12-09', '2024-12-10', '2024-12-11', '2024-12-12', '2024-12-13', '2024-12-21', '2024-12-22', '2024-12-23', '2024-12-24', '2024-12-25', '2024-12-26', '2024-12-27', '2024-12-28', '2024-12-29', '2024-12-30', '2024-12-31', '2025-01-01', '2025-01-02', '2025-01-03', '2025-01-04', '2025-01-05', '2025-01-06', '2025-01-07', '2025-02-10', '2025-02-11', '2025-02-12', '2025-02-13', '2025-02-14', '2025-02-15', '2025-02-16', '2025-02-17', '2025-02-18', '2025-02-19', '2025-02-20', '2025-02-21', '2025-02-22', '2025-02-23', '2025-02-24', '2025-02-25', '2025-02-26', '2025-02-27', '2025-02-28', '2025-03-01', '2025-03-02', '2025-03-03', '2025-03-04', '2025-03-05', '2025-03-06', '2025-03-07', '2025-03-08', '2025-03-09', '2025-03-10', '2025-03-11', '2025-03-12', '2025-03-13', '2025-03-14', '2025-03-15', '2025-03-16', '2025-03-17', '2025-03-18', '2025-03-19', '2025-03-20', '2025-03-21', '2025-03-22', '2025-03-23', '2025-03-24', '2025-03-25', '2025-03-26', '2025-03-27', '2025-03-28', '2025-03-29', '2025-03-30', '2025-03-31', '2025-04-01', '2025-04-02', '2025-04-03', '2025-04-04', '2025-04-05', '2025-04-06', '2025-04-07', '2025-04-08', '2025-04-09', '2025-04-10', '2025-04-11', '2025-04-12', '2025-04-13', '2025-04-14', '2025-04-15', '2025-04-16', '2025-04-17', '2025-04-18', '2025-04-19', '2025-04-20', '2025-04-21', '2025-04-22', '2025-04-23', '2025-04-24', '2025-04-25', '2025-04-26', '2025-04-27', '2025-04-28', '2025-04-29', '2025-04-30', '2025-05-01', '2025-05-02', '2025-05-03', '2025-05-04', '2025-05-05', '2025-05-06', '2025-05-07', '2025-05-08', '2025-05-09', '2025-05-10', '2025-05-11', '2025-05-12', '2025-05-13', '2025-05-14', '2025-05-15', '2025-05-16', '2025-05-17', '2025-05-18', '2025-05-19', '2025-05-20', '2025-05-21', '2025-05-22', '2025-08-04', '2025-09-21']
2025-10-05 03:12:55,275 - tmdl - INFO - 169 sessions remain after filtering
2025-10-05 03:12:55,393 - tmdl - INFO - 169 sessions saved to ClassSession
2025-10-05 03:12:55,964 - tmdl - ERROR - Unexpected error saving TeacherPlannerEvents: (sqlalchemy.dialects.postgresql.asyncpg.ProgrammingError) <class 'asyncpg.exceptions.UndefinedTableError'>: relation "teacherplannerevent" does not exist
[SQL: SELECT teacherplannerevent.id, teacherplannerevent.teacher_id, teacherplannerevent.date, teacherplannerevent.start_time, teacherplannerevent.end_time, teacherplannerevent.title, teacherplannerevent.description, teacherplannerevent.event_type, teacherplannerevent.is_required, teacherplannerevent.related_session_id 
FROM teacherplannerevent 
WHERE teacherplannerevent.teacher_id = $1::UUID AND teacherplannerevent.date = $2::DATE AND teacherplannerevent.title = $3::VARCHAR]
[parameters: ('7bed2b69-8000-4b36-8e91-7fe0b70c9d82', datetime.date(2024, 11, 4), 'Semester Begins')]
(Background on this error at: https://sqlalche.me/e/20/f405)
Traceback (most recent call last):
  File "C:\Users\HP\tmdl5\env\Lib\site-packages\sqlalchemy\dialects\postgresql\asyncpg.py", line 521, in _prepare_and_execute
    prepared_stmt, attributes = await adapt_connection._prepare(
                                ^^^^^^^^^^^^^^^^^^^^^^^^^^^^^^^^
        operation, self._invalidate_schema_cache_asof
        ^^^^^^^^^^^^^^^^^^^^^^^^^^^^^^^^^^^^^^^^^^^^^
    )
    ^
  File "C:\Users\HP\tmdl5\env\Lib\site-packages\sqlalchemy\dialects\postgresql\asyncpg.py", line 768, in _prepare
    prepared_stmt = await self._connection.prepare(
                    ^^^^^^^^^^^^^^^^^^^^^^^^^^^^^^^
        operation, name=self._prepared_statement_name_func()
        ^^^^^^^^^^^^^^^^^^^^^^^^^^^^^^^^^^^^^^^^^^^^^^^^^^^^
    )
    ^
  File "C:\Users\HP\tmdl5\env\Lib\site-packages\asyncpg\connection.py", line 635, in prepare
    return await self._prepare(
           ^^^^^^^^^^^^^^^^^^^^
    ...<5 lines>...
    )
    ^
  File "C:\Users\HP\tmdl5\env\Lib\site-packages\asyncpg\connection.py", line 653, in _prepare
    stmt = await self._get_statement(
           ^^^^^^^^^^^^^^^^^^^^^^^^^^
    ...<5 lines>...
    )
    ^
  File "C:\Users\HP\tmdl5\env\Lib\site-packages\asyncpg\connection.py", line 432, in _get_statement
    statement = await self._protocol.prepare(
                ^^^^^^^^^^^^^^^^^^^^^^^^^^^^^
    ...<5 lines>...
    )
    ^
  File "asyncpg\\protocol\\protocol.pyx", line 165, in prepare
  File "C:\Program Files\WindowsApps\PythonSoftwareFoundation.Python.3.13_3.13.2032.0_x64__qbz5n2kfra8p0\Lib\asyncio\futures.py", line 286, in __await__
    yield self  # This tells Task to wait for completion.
    ^^^^^^^^^^
  File "C:\Program Files\WindowsApps\PythonSoftwareFoundation.Python.3.13_3.13.2032.0_x64__qbz5n2kfra8p0\Lib\asyncio\tasks.py", line 375, in __wakeup
    future.result()
    ~~~~~~~~~~~~~^^
  File "C:\Program Files\WindowsApps\PythonSoftwareFoundation.Python.3.13_3.13.2032.0_x64__qbz5n2kfra8p0\Lib\asyncio\futures.py", line 199, in result
    raise self._exception.with_traceback(self._exception_tb)
asyncpg.exceptions.UndefinedTableError: relation "teacherplannerevent" does not exist

The above exception was the direct cause of the following exception:

Traceback (most recent call last):
  File "C:\Users\HP\tmdl5\env\Lib\site-packages\sqlalchemy\engine\base.py", line 1967, in _exec_single_context
    self.dialect.do_execute(
    ~~~~~~~~~~~~~~~~~~~~~~~^
        cursor, str_statement, effective_parameters, context
        ^^^^^^^^^^^^^^^^^^^^^^^^^^^^^^^^^^^^^^^^^^^^^^^^^^^^
    )
    ^
  File "C:\Users\HP\tmdl5\env\Lib\site-packages\sqlalchemy\engine\default.py", line 951, in do_execute
    cursor.execute(statement, parameters)
    ~~~~~~~~~~~~~~^^^^^^^^^^^^^^^^^^^^^^^
  File "C:\Users\HP\tmdl5\env\Lib\site-packages\sqlalchemy\dialects\postgresql\asyncpg.py", line 580, in execute
    self._adapt_connection.await_(
    ~~~~~~~~~~~~~~~~~~~~~~~~~~~~~^
        self._prepare_and_execute(operation, parameters)
        ^^^^^^^^^^^^^^^^^^^^^^^^^^^^^^^^^^^^^^^^^^^^^^^^
    )
    ^
  File "C:\Users\HP\tmdl5\env\Lib\site-packages\sqlalchemy\util\_concurrency_py3k.py", line 132, in await_only
    return current.parent.switch(awaitable)  # type: ignore[no-any-return,attr-defined] # noqa: E501
           ~~~~~~~~~~~~~~~~~~~~~^^^^^^^^^^^
  File "C:\Users\HP\tmdl5\env\Lib\site-packages\sqlalchemy\util\_concurrency_py3k.py", line 196, in greenlet_spawn
    value = await result
            ^^^^^^^^^^^^
  File "C:\Users\HP\tmdl5\env\Lib\site-packages\sqlalchemy\dialects\postgresql\asyncpg.py", line 558, in _prepare_and_execute
    self._handle_exception(error)
    ~~~~~~~~~~~~~~~~~~~~~~^^^^^^^
  File "C:\Users\HP\tmdl5\env\Lib\site-packages\sqlalchemy\dialects\postgresql\asyncpg.py", line 508, in _handle_exception
    self._adapt_connection._handle_exception(error)
    ~~~~~~~~~~~~~~~~~~~~~~~~~~~~~~~~~~~~~~~~^^^^^^^
  File "C:\Users\HP\tmdl5\env\Lib\site-packages\sqlalchemy\dialects\postgresql\asyncpg.py", line 792, in _handle_exception
    raise translated_error from error
sqlalchemy.dialects.postgresql.asyncpg.AsyncAdapt_asyncpg_dbapi.ProgrammingError: <class 'asyncpg.exceptions.UndefinedTableError'>: relation "teacherplannerevent" does not exist

The above exception was the direct cause of the following exception:

Traceback (most recent call last):
  File "c:\Users\HP\tmdl5\sch_ground\background.py", line 296, in populate_teacher_planner_events
    existing = (await session.execute(
                ^^^^^^^^^^^^^^^^^^^^^^
    ...<5 lines>...
    )).scalar_one_or_none()
    ^
  File "C:\Users\HP\tmdl5\env\Lib\site-packages\sqlalchemy\ext\asyncio\session.py", line 463, in execute
    result = await greenlet_spawn(
             ^^^^^^^^^^^^^^^^^^^^^
    ...<6 lines>...
    )
    ^
  File "C:\Users\HP\tmdl5\env\Lib\site-packages\sqlalchemy\util\_concurrency_py3k.py", line 201, in greenlet_spawn
    result = context.throw(*sys.exc_info())
  File "C:\Users\HP\tmdl5\env\Lib\site-packages\sqlalchemy\orm\session.py", line 2365, in execute
    return self._execute_internal(
           ~~~~~~~~~~~~~~~~~~~~~~^
        statement,
        ^^^^^^^^^^
    ...<4 lines>...
        _add_event=_add_event,
        ^^^^^^^^^^^^^^^^^^^^^^
    )
    ^
  File "C:\Users\HP\tmdl5\env\Lib\site-packages\sqlalchemy\orm\session.py", line 2251, in _execute_internal
    result: Result[Any] = compile_state_cls.orm_execute_statement(
                          ~~~~~~~~~~~~~~~~~~~~~~~~~~~~~~~~~~~~~~~^
        self,
        ^^^^^
    ...<4 lines>...
        conn,
        ^^^^^
    )
    ^
  File "C:\Users\HP\tmdl5\env\Lib\site-packages\sqlalchemy\orm\context.py", line 306, in orm_execute_statement
    result = conn.execute(
        statement, params or {}, execution_options=execution_options
    )
  File "C:\Users\HP\tmdl5\env\Lib\site-packages\sqlalchemy\engine\base.py", line 1419, in execute
    return meth(
        self,
        distilled_parameters,
        execution_options or NO_OPTIONS,
    )
  File "C:\Users\HP\tmdl5\env\Lib\site-packages\sqlalchemy\sql\elements.py", line 526, in _execute_on_connection
    return connection._execute_clauseelement(
           ~~~~~~~~~~~~~~~~~~~~~~~~~~~~~~~~~^
        self, distilled_params, execution_options
        ^^^^^^^^^^^^^^^^^^^^^^^^^^^^^^^^^^^^^^^^^
    )
    ^
  File "C:\Users\HP\tmdl5\env\Lib\site-packages\sqlalchemy\engine\base.py", line 1641, in _execute_clauseelement
    ret = self._execute_context(
        dialect,
    ...<8 lines>...
        cache_hit=cache_hit,
    )
  File "C:\Users\HP\tmdl5\env\Lib\site-packages\sqlalchemy\engine\base.py", line 1846, in _execute_context
    return self._exec_single_context(
           ~~~~~~~~~~~~~~~~~~~~~~~~~^
        dialect, context, statement, parameters
        ^^^^^^^^^^^^^^^^^^^^^^^^^^^^^^^^^^^^^^^
    )
    ^
  File "C:\Users\HP\tmdl5\env\Lib\site-packages\sqlalchemy\engine\base.py", line 1986, in _exec_single_context
    self._handle_dbapi_exception(
    ~~~~~~~~~~~~~~~~~~~~~~~~~~~~^
        e, str_statement, effective_parameters, cursor, context
        ^^^^^^^^^^^^^^^^^^^^^^^^^^^^^^^^^^^^^^^^^^^^^^^^^^^^^^^
    )
    ^
  File "C:\Users\HP\tmdl5\env\Lib\site-packages\sqlalchemy\engine\base.py", line 2355, in _handle_dbapi_exception
    raise sqlalchemy_exception.with_traceback(exc_info[2]) from e
  File "C:\Users\HP\tmdl5\env\Lib\site-packages\sqlalchemy\engine\base.py", line 1967, in _exec_single_context
    self.dialect.do_execute(
    ~~~~~~~~~~~~~~~~~~~~~~~^
        cursor, str_statement, effective_parameters, context
        ^^^^^^^^^^^^^^^^^^^^^^^^^^^^^^^^^^^^^^^^^^^^^^^^^^^^
    )
    ^
  File "C:\Users\HP\tmdl5\env\Lib\site-packages\sqlalchemy\engine\default.py", line 951, in do_execute
    cursor.execute(statement, parameters)
    ~~~~~~~~~~~~~~^^^^^^^^^^^^^^^^^^^^^^^
  File "C:\Users\HP\tmdl5\env\Lib\site-packages\sqlalchemy\dialects\postgresql\asyncpg.py", line 580, in execute
    self._adapt_connection.await_(
    ~~~~~~~~~~~~~~~~~~~~~~~~~~~~~^
        self._prepare_and_execute(operation, parameters)
        ^^^^^^^^^^^^^^^^^^^^^^^^^^^^^^^^^^^^^^^^^^^^^^^^
    )
    ^
  File "C:\Users\HP\tmdl5\env\Lib\site-packages\sqlalchemy\util\_concurrency_py3k.py", line 132, in await_only
    return current.parent.switch(awaitable)  # type: ignore[no-any-return,attr-defined] # noqa: E501
           ~~~~~~~~~~~~~~~~~~~~~^^^^^^^^^^^
  File "C:\Users\HP\tmdl5\env\Lib\site-packages\sqlalchemy\util\_concurrency_py3k.py", line 196, in greenlet_spawn
    value = await result
            ^^^^^^^^^^^^
  File "C:\Users\HP\tmdl5\env\Lib\site-packages\sqlalchemy\dialects\postgresql\asyncpg.py", line 558, in _prepare_and_execute
    self._handle_exception(error)
    ~~~~~~~~~~~~~~~~~~~~~~^^^^^^^
  File "C:\Users\HP\tmdl5\env\Lib\site-packages\sqlalchemy\dialects\postgresql\asyncpg.py", line 508, in _handle_exception
    self._adapt_connection._handle_exception(error)
    ~~~~~~~~~~~~~~~~~~~~~~~~~~~~~~~~~~~~~~~~^^^^^^^
  File "C:\Users\HP\tmdl5\env\Lib\site-packages\sqlalchemy\dialects\postgresql\asyncpg.py", line 792, in _handle_exception
    raise translated_error from error
sqlalchemy.exc.ProgrammingError: (sqlalchemy.dialects.postgresql.asyncpg.ProgrammingError) <class 'asyncpg.exceptions.UndefinedTableError'>: relation "teacherplannerevent" does not exist
[SQL: SELECT teacherplannerevent.id, teacherplannerevent.teacher_id, teacherplannerevent.date, teacherplannerevent.start_time, teacherplannerevent.end_time, teacherplannerevent.title, teacherplannerevent.description, teacherplannerevent.event_type, teacherplannerevent.is_required, teacherplannerevent.related_session_id 
FROM teacherplannerevent 
WHERE teacherplannerevent.teacher_id = $1::UUID AND teacherplannerevent.date = $2::DATE AND teacherplannerevent.title = $3::VARCHAR]
[parameters: ('7bed2b69-8000-4b36-8e91-7fe0b70c9d82', datetime.date(2024, 11, 4), 'Semester Begins')]
(Background on this error at: https://sqlalche.me/e/20/f405)

2025-10-05 03:12:55,983 - tmdl - ERROR - Unexpected error in async task: (sqlalchemy.dialects.postgresql.asyncpg.ProgrammingError) <class 'asyncpg.exceptions.UndefinedTableError'>: relation "teacherplannerevent" does not exist
[SQL: SELECT teacherplannerevent.id, teacherplannerevent.teacher_id, teacherplannerevent.date, teacherplannerevent.start_time, teacherplannerevent.end_time, teacherplannerevent.title, teacherplannerevent.description, teacherplannerevent.event_type, teacherplannerevent.is_required, teacherplannerevent.related_session_id 
FROM teacherplannerevent 
WHERE teacherplannerevent.teacher_id = $1::UUID AND teacherplannerevent.date = $2::DATE AND teacherplannerevent.title = $3::VARCHAR]
[parameters: ('7bed2b69-8000-4b36-8e91-7fe0b70c9d82', datetime.date(2024, 11, 4), 'Semester Begins')]
(Background on this error at: https://sqlalche.me/e/20/f405)
Traceback (most recent call last):
  File "C:\Users\HP\tmdl5\env\Lib\site-packages\sqlalchemy\dialects\postgresql\asyncpg.py", line 521, in _prepare_and_execute
    prepared_stmt, attributes = await adapt_connection._prepare(
                                ^^^^^^^^^^^^^^^^^^^^^^^^^^^^^^^^
        operation, self._invalidate_schema_cache_asof
        ^^^^^^^^^^^^^^^^^^^^^^^^^^^^^^^^^^^^^^^^^^^^^
    )
    ^
  File "C:\Users\HP\tmdl5\env\Lib\site-packages\sqlalchemy\dialects\postgresql\asyncpg.py", line 768, in _prepare
    prepared_stmt = await self._connection.prepare(
                    ^^^^^^^^^^^^^^^^^^^^^^^^^^^^^^^
        operation, name=self._prepared_statement_name_func()
        ^^^^^^^^^^^^^^^^^^^^^^^^^^^^^^^^^^^^^^^^^^^^^^^^^^^^
    )
    ^
  File "C:\Users\HP\tmdl5\env\Lib\site-packages\asyncpg\connection.py", line 635, in prepare
    return await self._prepare(
           ^^^^^^^^^^^^^^^^^^^^
    ...<5 lines>...
    )
    ^
  File "C:\Users\HP\tmdl5\env\Lib\site-packages\asyncpg\connection.py", line 653, in _prepare
    stmt = await self._get_statement(
           ^^^^^^^^^^^^^^^^^^^^^^^^^^
    ...<5 lines>...
    )
    ^
  File "C:\Users\HP\tmdl5\env\Lib\site-packages\asyncpg\connection.py", line 432, in _get_statement
    statement = await self._protocol.prepare(
                ^^^^^^^^^^^^^^^^^^^^^^^^^^^^^
    ...<5 lines>...
    )
    ^
  File "asyncpg\\protocol\\protocol.pyx", line 165, in prepare
  File "C:\Program Files\WindowsApps\PythonSoftwareFoundation.Python.3.13_3.13.2032.0_x64__qbz5n2kfra8p0\Lib\asyncio\futures.py", line 286, in __await__
    yield self  # This tells Task to wait for completion.
    ^^^^^^^^^^
  File "C:\Program Files\WindowsApps\PythonSoftwareFoundation.Python.3.13_3.13.2032.0_x64__qbz5n2kfra8p0\Lib\asyncio\tasks.py", line 375, in __wakeup
    future.result()
    ~~~~~~~~~~~~~^^
  File "C:\Program Files\WindowsApps\PythonSoftwareFoundation.Python.3.13_3.13.2032.0_x64__qbz5n2kfra8p0\Lib\asyncio\futures.py", line 199, in result
    raise self._exception.with_traceback(self._exception_tb)
asyncpg.exceptions.UndefinedTableError: relation "teacherplannerevent" does not exist

The above exception was the direct cause of the following exception:

Traceback (most recent call last):
  File "C:\Users\HP\tmdl5\env\Lib\site-packages\sqlalchemy\engine\base.py", line 1967, in _exec_single_context
    self.dialect.do_execute(
    ~~~~~~~~~~~~~~~~~~~~~~~^
        cursor, str_statement, effective_parameters, context
        ^^^^^^^^^^^^^^^^^^^^^^^^^^^^^^^^^^^^^^^^^^^^^^^^^^^^
    )
    ^
  File "C:\Users\HP\tmdl5\env\Lib\site-packages\sqlalchemy\engine\default.py", line 951, in do_execute
    cursor.execute(statement, parameters)
    ~~~~~~~~~~~~~~^^^^^^^^^^^^^^^^^^^^^^^
  File "C:\Users\HP\tmdl5\env\Lib\site-packages\sqlalchemy\dialects\postgresql\asyncpg.py", line 580, in execute
    self._adapt_connection.await_(
    ~~~~~~~~~~~~~~~~~~~~~~~~~~~~~^
        self._prepare_and_execute(operation, parameters)
        ^^^^^^^^^^^^^^^^^^^^^^^^^^^^^^^^^^^^^^^^^^^^^^^^
    )
    ^
  File "C:\Users\HP\tmdl5\env\Lib\site-packages\sqlalchemy\util\_concurrency_py3k.py", line 132, in await_only
    return current.parent.switch(awaitable)  # type: ignore[no-any-return,attr-defined] # noqa: E501
           ~~~~~~~~~~~~~~~~~~~~~^^^^^^^^^^^
  File "C:\Users\HP\tmdl5\env\Lib\site-packages\sqlalchemy\util\_concurrency_py3k.py", line 196, in greenlet_spawn
    value = await result
            ^^^^^^^^^^^^
  File "C:\Users\HP\tmdl5\env\Lib\site-packages\sqlalchemy\dialects\postgresql\asyncpg.py", line 558, in _prepare_and_execute
    self._handle_exception(error)
    ~~~~~~~~~~~~~~~~~~~~~~^^^^^^^
  File "C:\Users\HP\tmdl5\env\Lib\site-packages\sqlalchemy\dialects\postgresql\asyncpg.py", line 508, in _handle_exception
    self._adapt_connection._handle_exception(error)
    ~~~~~~~~~~~~~~~~~~~~~~~~~~~~~~~~~~~~~~~~^^^^^^^
  File "C:\Users\HP\tmdl5\env\Lib\site-packages\sqlalchemy\dialects\postgresql\asyncpg.py", line 792, in _handle_exception
    raise translated_error from error
sqlalchemy.dialects.postgresql.asyncpg.AsyncAdapt_asyncpg_dbapi.ProgrammingError: <class 'asyncpg.exceptions.UndefinedTableError'>: relation "teacherplannerevent" does not exist

The above exception was the direct cause of the following exception:

Traceback (most recent call last):
  File "c:\Users\HP\tmdl5\sch_ground\background.py", line 461, in generate_schedule_task
    await populate_teacher_planner_events(teacher_id, calendar_data, events_data, holidays)
  File "c:\Users\HP\tmdl5\sch_ground\background.py", line 296, in populate_teacher_planner_events
    existing = (await session.execute(
                ^^^^^^^^^^^^^^^^^^^^^^
    ...<5 lines>...
    )).scalar_one_or_none()
    ^
  File "C:\Users\HP\tmdl5\env\Lib\site-packages\sqlalchemy\ext\asyncio\session.py", line 463, in execute
    result = await greenlet_spawn(
             ^^^^^^^^^^^^^^^^^^^^^
    ...<6 lines>...
    )
    ^
  File "C:\Users\HP\tmdl5\env\Lib\site-packages\sqlalchemy\util\_concurrency_py3k.py", line 201, in greenlet_spawn
    result = context.throw(*sys.exc_info())
  File "C:\Users\HP\tmdl5\env\Lib\site-packages\sqlalchemy\orm\session.py", line 2365, in execute
    return self._execute_internal(
           ~~~~~~~~~~~~~~~~~~~~~~^
        statement,
        ^^^^^^^^^^
    ...<4 lines>...
        _add_event=_add_event,
        ^^^^^^^^^^^^^^^^^^^^^^
    )
    ^
  File "C:\Users\HP\tmdl5\env\Lib\site-packages\sqlalchemy\orm\session.py", line 2251, in _execute_internal
    result: Result[Any] = compile_state_cls.orm_execute_statement(
                          ~~~~~~~~~~~~~~~~~~~~~~~~~~~~~~~~~~~~~~~^
        self,
        ^^^^^
    ...<4 lines>...
        conn,
        ^^^^^
    )
    ^
  File "C:\Users\HP\tmdl5\env\Lib\site-packages\sqlalchemy\orm\context.py", line 306, in orm_execute_statement
    result = conn.execute(
        statement, params or {}, execution_options=execution_options
    )
  File "C:\Users\HP\tmdl5\env\Lib\site-packages\sqlalchemy\engine\base.py", line 1419, in execute
    return meth(
        self,
        distilled_parameters,
        execution_options or NO_OPTIONS,
    )
  File "C:\Users\HP\tmdl5\env\Lib\site-packages\sqlalchemy\sql\elements.py", line 526, in _execute_on_connection
    return connection._execute_clauseelement(
           ~~~~~~~~~~~~~~~~~~~~~~~~~~~~~~~~~^
        self, distilled_params, execution_options
        ^^^^^^^^^^^^^^^^^^^^^^^^^^^^^^^^^^^^^^^^^
    )
    ^
  File "C:\Users\HP\tmdl5\env\Lib\site-packages\sqlalchemy\engine\base.py", line 1641, in _execute_clauseelement
    ret = self._execute_context(
        dialect,
    ...<8 lines>...
        cache_hit=cache_hit,
    )
  File "C:\Users\HP\tmdl5\env\Lib\site-packages\sqlalchemy\engine\base.py", line 1846, in _execute_context
    return self._exec_single_context(
           ~~~~~~~~~~~~~~~~~~~~~~~~~^
        dialect, context, statement, parameters
        ^^^^^^^^^^^^^^^^^^^^^^^^^^^^^^^^^^^^^^^
    )
    ^
  File "C:\Users\HP\tmdl5\env\Lib\site-packages\sqlalchemy\engine\base.py", line 1986, in _exec_single_context
    self._handle_dbapi_exception(
    ~~~~~~~~~~~~~~~~~~~~~~~~~~~~^
        e, str_statement, effective_parameters, cursor, context
        ^^^^^^^^^^^^^^^^^^^^^^^^^^^^^^^^^^^^^^^^^^^^^^^^^^^^^^^
    )
    ^
  File "C:\Users\HP\tmdl5\env\Lib\site-packages\sqlalchemy\engine\base.py", line 2355, in _handle_dbapi_exception
    raise sqlalchemy_exception.with_traceback(exc_info[2]) from e
  File "C:\Users\HP\tmdl5\env\Lib\site-packages\sqlalchemy\engine\base.py", line 1967, in _exec_single_context
    self.dialect.do_execute(
    ~~~~~~~~~~~~~~~~~~~~~~~^
        cursor, str_statement, effective_parameters, context
        ^^^^^^^^^^^^^^^^^^^^^^^^^^^^^^^^^^^^^^^^^^^^^^^^^^^^
    )
    ^
  File "C:\Users\HP\tmdl5\env\Lib\site-packages\sqlalchemy\engine\default.py", line 951, in do_execute
    cursor.execute(statement, parameters)
    ~~~~~~~~~~~~~~^^^^^^^^^^^^^^^^^^^^^^^
  File "C:\Users\HP\tmdl5\env\Lib\site-packages\sqlalchemy\dialects\postgresql\asyncpg.py", line 580, in execute
    self._adapt_connection.await_(
    ~~~~~~~~~~~~~~~~~~~~~~~~~~~~~^
        self._prepare_and_execute(operation, parameters)
        ^^^^^^^^^^^^^^^^^^^^^^^^^^^^^^^^^^^^^^^^^^^^^^^^
    )
    ^
  File "C:\Users\HP\tmdl5\env\Lib\site-packages\sqlalchemy\util\_concurrency_py3k.py", line 132, in await_only
    return current.parent.switch(awaitable)  # type: ignore[no-any-return,attr-defined] # noqa: E501
           ~~~~~~~~~~~~~~~~~~~~~^^^^^^^^^^^
  File "C:\Users\HP\tmdl5\env\Lib\site-packages\sqlalchemy\util\_concurrency_py3k.py", line 196, in greenlet_spawn
    value = await result
            ^^^^^^^^^^^^
  File "C:\Users\HP\tmdl5\env\Lib\site-packages\sqlalchemy\dialects\postgresql\asyncpg.py", line 558, in _prepare_and_execute
    self._handle_exception(error)
    ~~~~~~~~~~~~~~~~~~~~~~^^^^^^^
  File "C:\Users\HP\tmdl5\env\Lib\site-packages\sqlalchemy\dialects\postgresql\asyncpg.py", line 508, in _handle_exception
    self._adapt_connection._handle_exception(error)
    ~~~~~~~~~~~~~~~~~~~~~~~~~~~~~~~~~~~~~~~~^^^^^^^
  File "C:\Users\HP\tmdl5\env\Lib\site-packages\sqlalchemy\dialects\postgresql\asyncpg.py", line 792, in _handle_exception
    raise translated_error from error
sqlalchemy.exc.ProgrammingError: (sqlalchemy.dialects.postgresql.asyncpg.ProgrammingError) <class 'asyncpg.exceptions.UndefinedTableError'>: relation "teacherplannerevent" does not exist
[SQL: SELECT teacherplannerevent.id, teacherplannerevent.teacher_id, teacherplannerevent.date, teacherplannerevent.start_time, teacherplannerevent.end_time, teacherplannerevent.title, teacherplannerevent.description, teacherplannerevent.event_type, teacherplannerevent.is_required, teacherplannerevent.related_session_id 
FROM teacherplannerevent 
WHERE teacherplannerevent.teacher_id = $1::UUID AND teacherplannerevent.date = $2::DATE AND teacherplannerevent.title = $3::VARCHAR]
[parameters: ('7bed2b69-8000-4b36-8e91-7fe0b70c9d82', datetime.date(2024, 11, 4), 'Semester Begins')]
(Background on this error at: https://sqlalche.me/e/20/f405)

2025-10-05 03:12:56,006 - tmdl - INFO - Notification saved for teacher 7bed2b69-8000-4b36-8e91-7fe0b70c9d82: Error Occurred
2025-10-05 03:12:56,011 - tmdl - INFO - [Redis] Published to ws:teacher:7bed2b69-8000-4b36-8e91-7fe0b70c9d82: {'status': 'error', 'message': 'Unexpected error in async task: (sqlalchemy.dialects.postgresql.asyncpg.ProgrammingError) <class \'asyncpg.exceptions.UndefinedTableError\'>: relation "teacherplannerevent" does not exist\n[SQL: SELECT teacherplannerevent.id, teacherplannerevent.teacher_id, teacherplannerevent.date, teacherplannerevent.start_time, teacherplannerevent.end_time, teacherplannerevent.title, teacherplannerevent.description, teacherplannerevent.event_type, teacherplannerevent.is_required, teacherplannerevent.related_session_id \nFROM teacherplannerevent \nWHERE teacherplannerevent.teacher_id = $1::UUID AND teacherplannerevent.date = $2::DATE AND teacherplannerevent.title = $3::VARCHAR]\n[parameters: (\'7bed2b69-8000-4b36-8e91-7fe0b70c9d82\', datetime.date(2024, 11, 4), \'Semester Begins\')]\n(Background on this error at: https://sqlalche.me/e/20/f405)\nTraceback (most recent call last):\n  File "C:\\Users\\HP\\tmdl5\\env\\Lib\\site-packages\\sqlalchemy\\dialects\\postgresql\\asyncpg.py", line 521, in _prepare_and_execute\n    prepared_stmt, attributes = await adapt_connection._prepare(\n                                ^^^^^^^^^^^^^^^^^^^^^^^^^^^^^^^^\n        operation, self._invalidate_schema_cache_asof\n        ^^^^^^^^^^^^^^^^^^^^^^^^^^^^^^^^^^^^^^^^^^^^^\n    )\n    ^\n  File "C:\\Users\\HP\\tmdl5\\env\\Lib\\site-packages\\sqlalchemy\\dialects\\postgresql\\asyncpg.py", line 768, in _prepare\n    prepared_stmt = await self._connection.prepare(\n                    ^^^^^^^^^^^^^^^^^^^^^^^^^^^^^^^\n        operation, name=self._prepared_statement_name_func()\n        ^^^^^^^^^^^^^^^^^^^^^^^^^^^^^^^^^^^^^^^^^^^^^^^^^^^^\n    )\n    ^\n  File "C:\\Users\\HP\\tmdl5\\env\\Lib\\site-packages\\asyncpg\\connection.py", line 635, in prepare\n    return await self._prepare(\n           ^^^^^^^^^^^^^^^^^^^^\n    ...<5 lines>...\n    )\n    ^\n  File "C:\\Users\\HP\\tmdl5\\env\\Lib\\site-packages\\asyncpg\\connection.py", line 653, in _prepare\n    stmt = await self._get_statement(\n           ^^^^^^^^^^^^^^^^^^^^^^^^^^\n    ...<5 lines>...\n    )\n    ^\n  File "C:\\Users\\HP\\tmdl5\\env\\Lib\\site-packages\\asyncpg\\connection.py", line 432, in _get_statement\n    statement = await self._protocol.prepare(\n                ^^^^^^^^^^^^^^^^^^^^^^^^^^^^^\n    ...<5 lines>...\n    )\n    ^\n  File "asyncpg\\\\protocol\\\\protocol.pyx", line 165, in prepare\n  File "C:\\Program Files\\WindowsApps\\PythonSoftwareFoundation.Python.3.13_3.13.2032.0_x64__qbz5n2kfra8p0\\Lib\\asyncio\\futures.py", line 286, in __await__\n    yield self  # This tells Task to wait for completion.\n    ^^^^^^^^^^\n  File "C:\\Program Files\\WindowsApps\\PythonSoftwareFoundation.Python.3.13_3.13.2032.0_x64__qbz5n2kfra8p0\\Lib\\asyncio\\tasks.py", line 375, in __wakeup\n    future.result()\n    ~~~~~~~~~~~~~^^\n  File "C:\\Program Files\\WindowsApps\\PythonSoftwareFoundation.Python.3.13_3.13.2032.0_x64__qbz5n2kfra8p0\\Lib\\asyncio\\futures.py", line 199, in result\n    raise self._exception.with_traceback(self._exception_tb)\nasyncpg.exceptions.UndefinedTableError: relation "teacherplannerevent" does not exist\n\nThe above exception was the direct cause of the following exception:\n\nTraceback (most recent call last):\n  File "C:\\Users\\HP\\tmdl5\\env\\Lib\\site-packages\\sqlalchemy\\engine\\base.py", line 1967, in _exec_single_context\n    self.dialect.do_execute(\n    ~~~~~~~~~~~~~~~~~~~~~~~^\n        cursor, str_statement, effective_parameters, context\n        ^^^^^^^^^^^^^^^^^^^^^^^^^^^^^^^^^^^^^^^^^^^^^^^^^^^^\n    )\n    ^\n  File "C:\\Users\\HP\\tmdl5\\env\\Lib\\site-packages\\sqlalchemy\\engine\\default.py", line 951, in do_execute\n    cursor.execute(statement, parameters)\n    ~~~~~~~~~~~~~~^^^^^^^^^^^^^^^^^^^^^^^\n  File "C:\\Users\\HP\\tmdl5\\env\\Lib\\site-packages\\sqlalchemy\\dialects\\postgresql\\asyncpg.py", line 580, in execute\n    self._adapt_connection.await_(\n    ~~~~~~~~~~~~~~~~~~~~~~~~~~~~~^\n        self._prepare_and_execute(operation, parameters)\n        ^^^^^^^^^^^^^^^^^^^^^^^^^^^^^^^^^^^^^^^^^^^^^^^^\n    )\n    ^\n  File "C:\\Users\\HP\\tmdl5\\env\\Lib\\site-packages\\sqlalchemy\\util\\_concurrency_py3k.py", line 132, in await_only\n    return current.parent.switch(awaitable)  # type: ignore[no-any-return,attr-defined] # noqa: E501\n           ~~~~~~~~~~~~~~~~~~~~~^^^^^^^^^^^\n  File "C:\\Users\\HP\\tmdl5\\env\\Lib\\site-packages\\sqlalchemy\\util\\_concurrency_py3k.py", line 196, in greenlet_spawn\n    value = await result\n            ^^^^^^^^^^^^\n  File "C:\\Users\\HP\\tmdl5\\env\\Lib\\site-packages\\sqlalchemy\\dialects\\postgresql\\asyncpg.py", line 558, in _prepare_and_execute\n    self._handle_exception(error)\n    ~~~~~~~~~~~~~~~~~~~~~~^^^^^^^\n  File "C:\\Users\\HP\\tmdl5\\env\\Lib\\site-packages\\sqlalchemy\\dialects\\postgresql\\asyncpg.py", line 508, in _handle_exception\n    self._adapt_connection._handle_exception(error)\n    ~~~~~~~~~~~~~~~~~~~~~~~~~~~~~~~~~~~~~~~~^^^^^^^\n  File "C:\\Users\\HP\\tmdl5\\env\\Lib\\site-packages\\sqlalchemy\\dialects\\postgresql\\asyncpg.py", line 792, in _handle_exception\n    raise translated_error from error\nsqlalchemy.dialects.postgresql.asyncpg.AsyncAdapt_asyncpg_dbapi.ProgrammingError: <class \'asyncpg.exceptions.UndefinedTableError\'>: relation "teacherplannerevent" does not exist\n\nThe above exception was the direct cause of the following exception:\n\nTraceback (most recent call last):\n  File "c:\\Users\\HP\\tmdl5\\sch_ground\\background.py", line 461, in generate_schedule_task\n    await populate_teacher_planner_events(teacher_id, calendar_data, events_data, holidays)\n  File "c:\\Users\\HP\\tmdl5\\sch_ground\\background.py", line 296, in populate_teacher_planner_events\n    existing = (await session.execute(\n                ^^^^^^^^^^^^^^^^^^^^^^\n    ...<5 lines>...\n    )).scalar_one_or_none()\n    ^\n  File "C:\\Users\\HP\\tmdl5\\env\\Lib\\site-packages\\sqlalchemy\\ext\\asyncio\\session.py", line 463, in execute\n    result = await greenlet_spawn(\n             ^^^^^^^^^^^^^^^^^^^^^\n    ...<6 lines>...\n    )\n    ^\n  File "C:\\Users\\HP\\tmdl5\\env\\Lib\\site-packages\\sqlalchemy\\util\\_concurrency_py3k.py", line 201, in greenlet_spawn\n    result = context.throw(*sys.exc_info())\n  File "C:\\Users\\HP\\tmdl5\\env\\Lib\\site-packages\\sqlalchemy\\orm\\session.py", line 2365, in execute\n    return self._execute_internal(\n           ~~~~~~~~~~~~~~~~~~~~~~^\n        statement,\n        ^^^^^^^^^^\n    ...<4 lines>...\n        _add_event=_add_event,\n        ^^^^^^^^^^^^^^^^^^^^^^\n    )\n    ^\n  File "C:\\Users\\HP\\tmdl5\\env\\Lib\\site-packages\\sqlalchemy\\orm\\session.py", line 2251, in _execute_internal\n    result: Result[Any] = compile_state_cls.orm_execute_statement(\n                          ~~~~~~~~~~~~~~~~~~~~~~~~~~~~~~~~~~~~~~~^\n        self,\n        ^^^^^\n    ...<4 lines>...\n        conn,\n        ^^^^^\n    )\n    ^\n  File "C:\\Users\\HP\\tmdl5\\env\\Lib\\site-packages\\sqlalchemy\\orm\\context.py", line 306, in orm_execute_statement\n    result = conn.execute(\n        statement, params or {}, execution_options=execution_options\n    )\n  File "C:\\Users\\HP\\tmdl5\\env\\Lib\\site-packages\\sqlalchemy\\engine\\base.py", line 1419, in execute\n    return meth(\n        self,\n        distilled_parameters,\n        execution_options or NO_OPTIONS,\n    )\n  File "C:\\Users\\HP\\tmdl5\\env\\Lib\\site-packages\\sqlalchemy\\sql\\elements.py", line 526, in _execute_on_connection\n    return connection._execute_clauseelement(\n           ~~~~~~~~~~~~~~~~~~~~~~~~~~~~~~~~~^\n        self, distilled_params, execution_options\n        ^^^^^^^^^^^^^^^^^^^^^^^^^^^^^^^^^^^^^^^^^\n    )\n    ^\n  File "C:\\Users\\HP\\tmdl5\\env\\Lib\\site-packages\\sqlalchemy\\engine\\base.py", line 1641, in _execute_clauseelement\n    ret = self._execute_context(\n        dialect,\n    ...<8 lines>...\n        cache_hit=cache_hit,\n    )\n  File "C:\\Users\\HP\\tmdl5\\env\\Lib\\site-packages\\sqlalchemy\\engine\\base.py", line 1846, in _execute_context\n    return self._exec_single_context(\n           ~~~~~~~~~~~~~~~~~~~~~~~~~^\n        dialect, context, statement, parameters\n        ^^^^^^^^^^^^^^^^^^^^^^^^^^^^^^^^^^^^^^^\n    )\n    ^\n  File "C:\\Users\\HP\\tmdl5\\env\\Lib\\site-packages\\sqlalchemy\\engine\\base.py", line 1986, in _exec_single_context\n    self._handle_dbapi_exception(\n    ~~~~~~~~~~~~~~~~~~~~~~~~~~~~^\n        e, str_statement, effective_parameters, cursor, context\n        ^^^^^^^^^^^^^^^^^^^^^^^^^^^^^^^^^^^^^^^^^^^^^^^^^^^^^^^\n    )\n    ^\n  File "C:\\Users\\HP\\tmdl5\\env\\Lib\\site-packages\\sqlalchemy\\engine\\base.py", line 2355, in _handle_dbapi_exception\n    raise sqlalchemy_exception.with_traceback(exc_info[2]) from e\n  File "C:\\Users\\HP\\tmdl5\\env\\Lib\\site-packages\\sqlalchemy\\engine\\base.py", line 1967, in _exec_single_context\n    self.dialect.do_execute(\n    ~~~~~~~~~~~~~~~~~~~~~~~^\n        cursor, str_statement, effective_parameters, context\n        ^^^^^^^^^^^^^^^^^^^^^^^^^^^^^^^^^^^^^^^^^^^^^^^^^^^^\n    )\n    ^\n  File "C:\\Users\\HP\\tmdl5\\env\\Lib\\site-packages\\sqlalchemy\\engine\\default.py", line 951, in do_execute\n    cursor.execute(statement, parameters)\n    ~~~~~~~~~~~~~~^^^^^^^^^^^^^^^^^^^^^^^\n  File "C:\\Users\\HP\\tmdl5\\env\\Lib\\site-packages\\sqlalchemy\\dialects\\postgresql\\asyncpg.py", line 580, in execute\n    self._adapt_connection.await_(\n    ~~~~~~~~~~~~~~~~~~~~~~~~~~~~~^\n        self._prepare_and_execute(operation, parameters)\n        ^^^^^^^^^^^^^^^^^^^^^^^^^^^^^^^^^^^^^^^^^^^^^^^^\n    )\n    ^\n  File "C:\\Users\\HP\\tmdl5\\env\\Lib\\site-packages\\sqlalchemy\\util\\_concurrency_py3k.py", line 132, in await_only\n    return current.parent.switch(awaitable)  # type: ignore[no-any-return,attr-defined] # noqa: E501\n           ~~~~~~~~~~~~~~~~~~~~~^^^^^^^^^^^\n  File "C:\\Users\\HP\\tmdl5\\env\\Lib\\site-packages\\sqlalchemy\\util\\_concurrency_py3k.py", line 196, in greenlet_spawn\n    value = await result\n            ^^^^^^^^^^^^\n  File "C:\\Users\\HP\\tmdl5\\env\\Lib\\site-packages\\sqlalchemy\\dialects\\postgresql\\asyncpg.py", line 558, in _prepare_and_execute\n    self._handle_exception(error)\n    ~~~~~~~~~~~~~~~~~~~~~~^^^^^^^\n  File "C:\\Users\\HP\\tmdl5\\env\\Lib\\site-packages\\sqlalchemy\\dialects\\postgresql\\asyncpg.py", line 508, in _handle_exception\n    self._adapt_connection._handle_exception(error)\n    ~~~~~~~~~~~~~~~~~~~~~~~~~~~~~~~~~~~~~~~~^^^^^^^\n  File "C:\\Users\\HP\\tmdl5\\env\\Lib\\site-packages\\sqlalchemy\\dialects\\postgresql\\asyncpg.py", line 792, in _handle_exception\n    raise translated_error from error\nsqlalchemy.exc.ProgrammingError: (sqlalchemy.dialects.postgresql.asyncpg.ProgrammingError) <class \'asyncpg.exceptions.UndefinedTableError\'>: relation "teacherplannerevent" does not exist\n[SQL: SELECT teacherplannerevent.id, teacherplannerevent.teacher_id, teacherplannerevent.date, teacherplannerevent.start_time, teacherplannerevent.end_time, teacherplannerevent.title, teacherplannerevent.description, teacherplannerevent.event_type, teacherplannerevent.is_required, teacherplannerevent.related_session_id \nFROM teacherplannerevent \nWHERE teacherplannerevent.teacher_id = $1::UUID AND teacherplannerevent.date = $2::DATE AND teacherplannerevent.title = $3::VARCHAR]\n[parameters: (\'7bed2b69-8000-4b36-8e91-7fe0b70c9d82\', datetime.date(2024, 11, 4), \'Semester Begins\')]\n(Background on this error at: https://sqlalche.me/e/20/f405)\n', 'teacher_id': '7bed2b69-8000-4b36-8e91-7fe0b70c9d82'}
2025-10-05 03:12:56,077 - tmdl - ERROR - Task failed: (sqlalchemy.dialects.postgresql.asyncpg.ProgrammingError) <class 'asyncpg.exceptions.UndefinedTableError'>: relation "teacherplannerevent" does not exist
[SQL: SELECT teacherplannerevent.id, teacherplannerevent.teacher_id, teacherplannerevent.date, teacherplannerevent.start_time, teacherplannerevent.end_time, teacherplannerevent.title, teacherplannerevent.description, teacherplannerevent.event_type, teacherplannerevent.is_required, teacherplannerevent.related_session_id 
FROM teacherplannerevent 
WHERE teacherplannerevent.teacher_id = $1::UUID AND teacherplannerevent.date = $2::DATE AND teacherplannerevent.title = $3::VARCHAR]
[parameters: ('7bed2b69-8000-4b36-8e91-7fe0b70c9d82', datetime.date(2024, 11, 4), 'Semester Begins')]
(Background on this error at: https://sqlalche.me/e/20/f405)
Traceback (most recent call last):
  File "C:\Users\HP\tmdl5\env\Lib\site-packages\sqlalchemy\dialects\postgresql\asyncpg.py", line 521, in _prepare_and_execute
    prepared_stmt, attributes = await adapt_connection._prepare(
                                ^^^^^^^^^^^^^^^^^^^^^^^^^^^^^^^^
        operation, self._invalidate_schema_cache_asof
        ^^^^^^^^^^^^^^^^^^^^^^^^^^^^^^^^^^^^^^^^^^^^^
    )
    ^
  File "C:\Users\HP\tmdl5\env\Lib\site-packages\sqlalchemy\dialects\postgresql\asyncpg.py", line 768, in _prepare
    prepared_stmt = await self._connection.prepare(
                    ^^^^^^^^^^^^^^^^^^^^^^^^^^^^^^^
        operation, name=self._prepared_statement_name_func()
        ^^^^^^^^^^^^^^^^^^^^^^^^^^^^^^^^^^^^^^^^^^^^^^^^^^^^
    )
    ^
  File "C:\Users\HP\tmdl5\env\Lib\site-packages\asyncpg\connection.py", line 635, in prepare
    return await self._prepare(
           ^^^^^^^^^^^^^^^^^^^^
    ...<5 lines>...
    )
    ^
  File "C:\Users\HP\tmdl5\env\Lib\site-packages\asyncpg\connection.py", line 653, in _prepare
    stmt = await self._get_statement(
           ^^^^^^^^^^^^^^^^^^^^^^^^^^
    ...<5 lines>...
    )
    ^
  File "C:\Users\HP\tmdl5\env\Lib\site-packages\asyncpg\connection.py", line 432, in _get_statement
    statement = await self._protocol.prepare(
                ^^^^^^^^^^^^^^^^^^^^^^^^^^^^^
    ...<5 lines>...
    )
    ^
  File "asyncpg\\protocol\\protocol.pyx", line 165, in prepare
  File "C:\Program Files\WindowsApps\PythonSoftwareFoundation.Python.3.13_3.13.2032.0_x64__qbz5n2kfra8p0\Lib\asyncio\futures.py", line 286, in __await__
    yield self  # This tells Task to wait for completion.
    ^^^^^^^^^^
  File "C:\Program Files\WindowsApps\PythonSoftwareFoundation.Python.3.13_3.13.2032.0_x64__qbz5n2kfra8p0\Lib\asyncio\tasks.py", line 375, in __wakeup
    future.result()
    ~~~~~~~~~~~~~^^
  File "C:\Program Files\WindowsApps\PythonSoftwareFoundation.Python.3.13_3.13.2032.0_x64__qbz5n2kfra8p0\Lib\asyncio\futures.py", line 199, in result
    raise self._exception.with_traceback(self._exception_tb)
asyncpg.exceptions.UndefinedTableError: relation "teacherplannerevent" does not exist

The above exception was the direct cause of the following exception:

Traceback (most recent call last):
  File "C:\Users\HP\tmdl5\env\Lib\site-packages\sqlalchemy\engine\base.py", line 1967, in _exec_single_context
    self.dialect.do_execute(
    ~~~~~~~~~~~~~~~~~~~~~~~^
        cursor, str_statement, effective_parameters, context
        ^^^^^^^^^^^^^^^^^^^^^^^^^^^^^^^^^^^^^^^^^^^^^^^^^^^^
    )
    ^
  File "C:\Users\HP\tmdl5\env\Lib\site-packages\sqlalchemy\engine\default.py", line 951, in do_execute
    cursor.execute(statement, parameters)
    ~~~~~~~~~~~~~~^^^^^^^^^^^^^^^^^^^^^^^
  File "C:\Users\HP\tmdl5\env\Lib\site-packages\sqlalchemy\dialects\postgresql\asyncpg.py", line 580, in execute
    self._adapt_connection.await_(
    ~~~~~~~~~~~~~~~~~~~~~~~~~~~~~^
        self._prepare_and_execute(operation, parameters)
        ^^^^^^^^^^^^^^^^^^^^^^^^^^^^^^^^^^^^^^^^^^^^^^^^
    )
    ^
  File "C:\Users\HP\tmdl5\env\Lib\site-packages\sqlalchemy\util\_concurrency_py3k.py", line 132, in await_only
    return current.parent.switch(awaitable)  # type: ignore[no-any-return,attr-defined] # noqa: E501
           ~~~~~~~~~~~~~~~~~~~~~^^^^^^^^^^^
  File "C:\Users\HP\tmdl5\env\Lib\site-packages\sqlalchemy\util\_concurrency_py3k.py", line 196, in greenlet_spawn
    value = await result
            ^^^^^^^^^^^^
  File "C:\Users\HP\tmdl5\env\Lib\site-packages\sqlalchemy\dialects\postgresql\asyncpg.py", line 558, in _prepare_and_execute
    self._handle_exception(error)
    ~~~~~~~~~~~~~~~~~~~~~~^^^^^^^
  File "C:\Users\HP\tmdl5\env\Lib\site-packages\sqlalchemy\dialects\postgresql\asyncpg.py", line 508, in _handle_exception
    self._adapt_connection._handle_exception(error)
    ~~~~~~~~~~~~~~~~~~~~~~~~~~~~~~~~~~~~~~~~^^^^^^^
  File "C:\Users\HP\tmdl5\env\Lib\site-packages\sqlalchemy\dialects\postgresql\asyncpg.py", line 792, in _handle_exception
    raise translated_error from error
sqlalchemy.dialects.postgresql.asyncpg.AsyncAdapt_asyncpg_dbapi.ProgrammingError: <class 'asyncpg.exceptions.UndefinedTableError'>: relation "teacherplannerevent" does not exist

The above exception was the direct cause of the following exception:

Traceback (most recent call last):
  File "c:\Users\HP\tmdl5\sch_ground\background.py", line 461, in generate_schedule_task
    await populate_teacher_planner_events(teacher_id, calendar_data, events_data, holidays)
  File "c:\Users\HP\tmdl5\sch_ground\background.py", line 296, in populate_teacher_planner_events
    existing = (await session.execute(
                ^^^^^^^^^^^^^^^^^^^^^^
    ...<5 lines>...
    )).scalar_one_or_none()
    ^
  File "C:\Users\HP\tmdl5\env\Lib\site-packages\sqlalchemy\ext\asyncio\session.py", line 463, in execute
    result = await greenlet_spawn(
             ^^^^^^^^^^^^^^^^^^^^^
    ...<6 lines>...
    )
    ^
  File "C:\Users\HP\tmdl5\env\Lib\site-packages\sqlalchemy\util\_concurrency_py3k.py", line 201, in greenlet_spawn
    result = context.throw(*sys.exc_info())
  File "C:\Users\HP\tmdl5\env\Lib\site-packages\sqlalchemy\orm\session.py", line 2365, in execute
    return self._execute_internal(
           ~~~~~~~~~~~~~~~~~~~~~~^
        statement,
        ^^^^^^^^^^
    ...<4 lines>...
        _add_event=_add_event,
        ^^^^^^^^^^^^^^^^^^^^^^
    )
    ^
  File "C:\Users\HP\tmdl5\env\Lib\site-packages\sqlalchemy\orm\session.py", line 2251, in _execute_internal
    result: Result[Any] = compile_state_cls.orm_execute_statement(
                          ~~~~~~~~~~~~~~~~~~~~~~~~~~~~~~~~~~~~~~~^
        self,
        ^^^^^
    ...<4 lines>...
        conn,
        ^^^^^
    )
    ^
  File "C:\Users\HP\tmdl5\env\Lib\site-packages\sqlalchemy\orm\context.py", line 306, in orm_execute_statement
    result = conn.execute(
        statement, params or {}, execution_options=execution_options
    )
  File "C:\Users\HP\tmdl5\env\Lib\site-packages\sqlalchemy\engine\base.py", line 1419, in execute
    return meth(
        self,
        distilled_parameters,
        execution_options or NO_OPTIONS,
    )
  File "C:\Users\HP\tmdl5\env\Lib\site-packages\sqlalchemy\sql\elements.py", line 526, in _execute_on_connection
    return connection._execute_clauseelement(
           ~~~~~~~~~~~~~~~~~~~~~~~~~~~~~~~~~^
        self, distilled_params, execution_options
        ^^^^^^^^^^^^^^^^^^^^^^^^^^^^^^^^^^^^^^^^^
    )
    ^
  File "C:\Users\HP\tmdl5\env\Lib\site-packages\sqlalchemy\engine\base.py", line 1641, in _execute_clauseelement
    ret = self._execute_context(
        dialect,
    ...<8 lines>...
        cache_hit=cache_hit,
    )
  File "C:\Users\HP\tmdl5\env\Lib\site-packages\sqlalchemy\engine\base.py", line 1846, in _execute_context
    return self._exec_single_context(
           ~~~~~~~~~~~~~~~~~~~~~~~~~^
        dialect, context, statement, parameters
        ^^^^^^^^^^^^^^^^^^^^^^^^^^^^^^^^^^^^^^^
    )
    ^
  File "C:\Users\HP\tmdl5\env\Lib\site-packages\sqlalchemy\engine\base.py", line 1986, in _exec_single_context
    self._handle_dbapi_exception(
    ~~~~~~~~~~~~~~~~~~~~~~~~~~~~^
        e, str_statement, effective_parameters, cursor, context
        ^^^^^^^^^^^^^^^^^^^^^^^^^^^^^^^^^^^^^^^^^^^^^^^^^^^^^^^
    )
    ^
  File "C:\Users\HP\tmdl5\env\Lib\site-packages\sqlalchemy\engine\base.py", line 2355, in _handle_dbapi_exception
    raise sqlalchemy_exception.with_traceback(exc_info[2]) from e
  File "C:\Users\HP\tmdl5\env\Lib\site-packages\sqlalchemy\engine\base.py", line 1967, in _exec_single_context
    self.dialect.do_execute(
    ~~~~~~~~~~~~~~~~~~~~~~~^
        cursor, str_statement, effective_parameters, context
        ^^^^^^^^^^^^^^^^^^^^^^^^^^^^^^^^^^^^^^^^^^^^^^^^^^^^
    )
    ^
  File "C:\Users\HP\tmdl5\env\Lib\site-packages\sqlalchemy\engine\default.py", line 951, in do_execute
    cursor.execute(statement, parameters)
    ~~~~~~~~~~~~~~^^^^^^^^^^^^^^^^^^^^^^^
  File "C:\Users\HP\tmdl5\env\Lib\site-packages\sqlalchemy\dialects\postgresql\asyncpg.py", line 580, in execute
    self._adapt_connection.await_(
    ~~~~~~~~~~~~~~~~~~~~~~~~~~~~~^
        self._prepare_and_execute(operation, parameters)
        ^^^^^^^^^^^^^^^^^^^^^^^^^^^^^^^^^^^^^^^^^^^^^^^^
    )
    ^
  File "C:\Users\HP\tmdl5\env\Lib\site-packages\sqlalchemy\util\_concurrency_py3k.py", line 132, in await_only
    return current.parent.switch(awaitable)  # type: ignore[no-any-return,attr-defined] # noqa: E501
           ~~~~~~~~~~~~~~~~~~~~~^^^^^^^^^^^
  File "C:\Users\HP\tmdl5\env\Lib\site-packages\sqlalchemy\util\_concurrency_py3k.py", line 196, in greenlet_spawn
    value = await result
            ^^^^^^^^^^^^
  File "C:\Users\HP\tmdl5\env\Lib\site-packages\sqlalchemy\dialects\postgresql\asyncpg.py", line 558, in _prepare_and_execute
    self._handle_exception(error)
    ~~~~~~~~~~~~~~~~~~~~~~^^^^^^^
  File "C:\Users\HP\tmdl5\env\Lib\site-packages\sqlalchemy\dialects\postgresql\asyncpg.py", line 508, in _handle_exception
    self._adapt_connection._handle_exception(error)
    ~~~~~~~~~~~~~~~~~~~~~~~~~~~~~~~~~~~~~~~~^^^^^^^
  File "C:\Users\HP\tmdl5\env\Lib\site-packages\sqlalchemy\dialects\postgresql\asyncpg.py", line 792, in _handle_exception
    raise translated_error from error
sqlalchemy.exc.ProgrammingError: (sqlalchemy.dialects.postgresql.asyncpg.ProgrammingError) <class 'asyncpg.exceptions.UndefinedTableError'>: relation "teacherplannerevent" does not exist
[SQL: SELECT teacherplannerevent.id, teacherplannerevent.teacher_id, teacherplannerevent.date, teacherplannerevent.start_time, teacherplannerevent.end_time, teacherplannerevent.title, teacherplannerevent.description, teacherplannerevent.event_type, teacherplannerevent.is_required, teacherplannerevent.related_session_id 
FROM teacherplannerevent 
WHERE teacherplannerevent.teacher_id = $1::UUID AND teacherplannerevent.date = $2::DATE AND teacherplannerevent.title = $3::VARCHAR]
[parameters: ('7bed2b69-8000-4b36-8e91-7fe0b70c9d82', datetime.date(2024, 11, 4), 'Semester Begins')]
(Background on this error at: https://sqlalche.me/e/20/f405)

2025-10-05 03:13:09,523 - tmdl - INFO - Token decoded: user@gmail.com (Role: sch_teacher, School: None, individual ID: 791dbae6-21e7-4b48-bb82-5c378aca8886)
2025-10-05 03:13:09,528 - tmdl - INFO - Current user resolved: user@gmail.com (ID: 7bed2b69-8000-4b36-8e91-7fe0b70c9d82)
2025-10-05 03:14:36,644 - tmdl - INFO - Token decoded: user@gmail.com (Role: sch_teacher, School: None, individual ID: 791dbae6-21e7-4b48-bb82-5c378aca8886)
2025-10-05 03:14:36,649 - tmdl - INFO - Current user resolved: user@gmail.com (ID: 7bed2b69-8000-4b36-8e91-7fe0b70c9d82)
2025-10-05 03:15:36,644 - tmdl - INFO - Token decoded: user@gmail.com (Role: sch_teacher, School: None, individual ID: 791dbae6-21e7-4b48-bb82-5c378aca8886)
2025-10-05 03:15:36,650 - tmdl - INFO - Current user resolved: user@gmail.com (ID: 7bed2b69-8000-4b36-8e91-7fe0b70c9d82)
2025-10-05 03:16:36,625 - tmdl - INFO - Token decoded: user@gmail.com (Role: sch_teacher, School: None, individual ID: 791dbae6-21e7-4b48-bb82-5c378aca8886)
2025-10-05 03:16:36,630 - tmdl - INFO - Current user resolved: user@gmail.com (ID: 7bed2b69-8000-4b36-8e91-7fe0b70c9d82)
2025-10-05 03:17:42,076 - tmdl - INFO - Token decoded: user@gmail.com (Role: sch_teacher, School: None, individual ID: 791dbae6-21e7-4b48-bb82-5c378aca8886)
2025-10-05 03:17:42,346 - tmdl - INFO - Current user resolved: user@gmail.com (ID: 7bed2b69-8000-4b36-8e91-7fe0b70c9d82)
2025-10-05 03:18:36,621 - tmdl - INFO - Token decoded: user@gmail.com (Role: sch_teacher, School: None, individual ID: 791dbae6-21e7-4b48-bb82-5c378aca8886)
2025-10-05 03:18:36,824 - tmdl - INFO - Current user resolved: user@gmail.com (ID: 7bed2b69-8000-4b36-8e91-7fe0b70c9d82)
2025-10-05 03:19:35,820 - tmdl - INFO - Token decoded: user@gmail.com (Role: sch_teacher, School: None, individual ID: 791dbae6-21e7-4b48-bb82-5c378aca8886)
2025-10-05 03:19:36,401 - tmdl - INFO - Current user resolved: user@gmail.com (ID: 7bed2b69-8000-4b36-8e91-7fe0b70c9d82)
2025-10-05 03:19:38,131 - tmdl - INFO - Token decoded: user@gmail.com (Role: sch_teacher, School: None, individual ID: 791dbae6-21e7-4b48-bb82-5c378aca8886)
2025-10-05 03:19:38,135 - tmdl - INFO - Current user resolved: user@gmail.com (ID: 7bed2b69-8000-4b36-8e91-7fe0b70c9d82)
2025-10-05 03:19:41,489 - tmdl - INFO - Token decoded: user@gmail.com (Role: sch_teacher, School: None, individual ID: 791dbae6-21e7-4b48-bb82-5c378aca8886)
2025-10-05 03:19:41,499 - tmdl - INFO - Current user resolved: user@gmail.com (ID: 7bed2b69-8000-4b36-8e91-7fe0b70c9d82)
2025-10-05 03:19:41,528 - tmdl - INFO - Token decoded: user@gmail.com (Role: sch_teacher, School: None, individual ID: 791dbae6-21e7-4b48-bb82-5c378aca8886)
2025-10-05 03:19:41,541 - tmdl - INFO - Current user resolved: user@gmail.com (ID: 7bed2b69-8000-4b36-8e91-7fe0b70c9d82)
2025-10-05 03:19:41,873 - tmdl - INFO - Starting generate_schedule_task for teacher: 7bed2b69-8000-4b36-8e91-7fe0b70c9d82
2025-10-05 03:19:42,255 - tmdl - INFO - Notification saved for teacher 7bed2b69-8000-4b36-8e91-7fe0b70c9d82: Schedule Update
2025-10-05 03:19:42,258 - tmdl - INFO - [Redis] Published to ws:teacher:7bed2b69-8000-4b36-8e91-7fe0b70c9d82: {'status': 'started', 'message': 'Generating schedule...', 'teacher_id': '7bed2b69-8000-4b36-8e91-7fe0b70c9d82'}
2025-10-05 03:19:42,473 - tmdl - INFO - Found: 20 timetable entries, 29 events
2025-10-05 03:19:42,479 - tmdl - INFO - Generated 300 sessions before filtering
2025-10-05 03:19:43,297 - tmdl - INFO - Fetched 0 holidays
2025-10-05 03:19:43,300 - tmdl - INFO - No-class dates: ['2024-09-04', '2024-09-05', '2024-09-06', '2024-09-07', '2024-09-08', '2024-09-09', '2024-09-10', '2024-09-11', '2024-09-12', '2024-09-13', '2024-09-14', '2024-09-15', '2024-09-16', '2024-09-17', '2024-09-18', '2024-09-19', '2024-09-20', '2024-09-21', '2024-09-22', '2024-09-23', '2024-09-24', '2024-09-25', '2024-09-26', '2024-09-27', '2024-09-28', '2024-09-29', '2024-09-30', '2024-10-01', '2024-10-02', '2024-10-03', '2024-10-04', '2024-10-05', '2024-10-06', '2024-10-07', '2024-10-08', '2024-10-09', '2024-10-10', '2024-10-11', '2024-10-12', '2024-10-13', '2024-10-14', '2024-10-15', '2024-10-16', '2024-10-17', '2024-10-18', '2024-10-19', '2024-10-20', '2024-10-21', '2024-10-22', '2024-10-23', '2024-10-24', '2024-10-25', '2024-10-26', '2024-10-27', '2024-10-28', '2024-10-29', '2024-10-30', '2024-10-31', '2024-11-01', '2024-11-02', '2024-11-03', '2024-11-04', '2024-11-05', '2024-11-06', '2024-11-07', '2024-11-08', '2024-11-09', '2024-11-10', '2024-11-11', '2024-11-12', '2024-11-13', '2024-11-14', '2024-11-15', '2024-12-06', '2024-12-07', '2024-12-08', '2024-12-09', '2024-12-10', '2024-12-11', '2024-12-12', '2024-12-13', '2024-12-21', '2024-12-22', '2024-12-23', '2024-12-24', '2024-12-25', '2024-12-26', '2024-12-27', '2024-12-28', '2024-12-29', '2024-12-30', '2024-12-31', '2025-01-01', '2025-01-02', '2025-01-03', '2025-01-04', '2025-01-05', '2025-01-06', '2025-01-07', '2025-02-10', '2025-02-11', '2025-02-12', '2025-02-13', '2025-02-14', '2025-02-15', '2025-02-16', '2025-02-17', '2025-02-18', '2025-02-19', '2025-02-20', '2025-02-21', '2025-02-22', '2025-02-23', '2025-02-24', '2025-02-25', '2025-02-26', '2025-02-27', '2025-02-28', '2025-03-01', '2025-03-02', '2025-03-03', '2025-03-04', '2025-03-05', '2025-03-06', '2025-03-07', '2025-03-08', '2025-03-09', '2025-03-10', '2025-03-11', '2025-03-12', '2025-03-13', '2025-03-14', '2025-03-15', '2025-03-16', '2025-03-17', '2025-03-18', '2025-03-19', '2025-03-20', '2025-03-21', '2025-03-22', '2025-03-23', '2025-03-24', '2025-03-25', '2025-03-26', '2025-03-27', '2025-03-28', '2025-03-29', '2025-03-30', '2025-03-31', '2025-04-01', '2025-04-02', '2025-04-03', '2025-04-04', '2025-04-05', '2025-04-06', '2025-04-07', '2025-04-08', '2025-04-09', '2025-04-10', '2025-04-11', '2025-04-12', '2025-04-13', '2025-04-14', '2025-04-15', '2025-04-16', '2025-04-17', '2025-04-18', '2025-04-19', '2025-04-20', '2025-04-21', '2025-04-22', '2025-04-23', '2025-04-24', '2025-04-25', '2025-04-26', '2025-04-27', '2025-04-28', '2025-04-29', '2025-04-30', '2025-05-01', '2025-05-02', '2025-05-03', '2025-05-04', '2025-05-05', '2025-05-06', '2025-05-07', '2025-05-08', '2025-05-09', '2025-05-10', '2025-05-11', '2025-05-12', '2025-05-13', '2025-05-14', '2025-05-15', '2025-05-16', '2025-05-17', '2025-05-18', '2025-05-19', '2025-05-20', '2025-05-21', '2025-05-22', '2025-08-04', '2025-09-21']
2025-10-05 03:19:43,304 - tmdl - INFO - 169 sessions remain after filtering
2025-10-05 03:19:43,422 - tmdl - INFO - 169 sessions saved to ClassSession
2025-10-05 03:19:45,636 - tmdl - INFO - 345 events saved/updated in TeacherPlannerEvent.
2025-10-05 03:19:45,638 - tmdl - INFO - Planner events populated
2025-10-05 03:19:45,638 - tmdl - INFO - Schedule generation complete! 169 sessions created
2025-10-05 03:19:45,657 - tmdl - INFO - Notification saved for teacher 7bed2b69-8000-4b36-8e91-7fe0b70c9d82: Schedule Update
2025-10-05 03:19:45,660 - tmdl - INFO - [Redis] Published to ws:teacher:7bed2b69-8000-4b36-8e91-7fe0b70c9d82: {'status': 'completed', 'message': 'Schedule generation complete! 169 sessions created', 'teacher_id': '7bed2b69-8000-4b36-8e91-7fe0b70c9d82', 'details': {'sessions_saved': 169}}
2025-10-05 03:20:07,330 - tmdl - INFO - Token decoded: user@gmail.com (Role: sch_teacher, School: None, individual ID: 791dbae6-21e7-4b48-bb82-5c378aca8886)
2025-10-05 03:20:07,392 - tmdl - INFO - Token decoded: user@gmail.com (Role: sch_teacher, School: None, individual ID: 791dbae6-21e7-4b48-bb82-5c378aca8886)
2025-10-05 03:20:07,409 - tmdl - INFO - Token decoded: user@gmail.com (Role: sch_teacher, School: None, individual ID: 791dbae6-21e7-4b48-bb82-5c378aca8886)
2025-10-05 03:20:07,419 - tmdl - INFO - Current user resolved: user@gmail.com (ID: 7bed2b69-8000-4b36-8e91-7fe0b70c9d82)
2025-10-05 03:20:07,674 - tmdl - INFO - Token decoded: user@gmail.com (Role: sch_teacher, School: None, individual ID: 791dbae6-21e7-4b48-bb82-5c378aca8886)
2025-10-05 03:20:07,702 - tmdl - INFO - Current user resolved: user@gmail.com (ID: 7bed2b69-8000-4b36-8e91-7fe0b70c9d82)
2025-10-05 03:20:07,894 - tmdl - INFO - Current user resolved: user@gmail.com (ID: 7bed2b69-8000-4b36-8e91-7fe0b70c9d82)
2025-10-05 03:20:07,901 - tmdl - INFO - Current user resolved: user@gmail.com (ID: 7bed2b69-8000-4b36-8e91-7fe0b70c9d82)
2025-10-05 03:20:08,094 - tmdl - INFO - Token decoded: user@gmail.com (Role: sch_teacher, School: None, individual ID: 791dbae6-21e7-4b48-bb82-5c378aca8886)
2025-10-05 03:20:08,117 - tmdl - INFO - Current user resolved: user@gmail.com (ID: 7bed2b69-8000-4b36-8e91-7fe0b70c9d82)
2025-10-05 03:20:08,131 - tmdl - INFO - Token decoded: user@gmail.com (Role: sch_teacher, School: None, individual ID: 791dbae6-21e7-4b48-bb82-5c378aca8886)
2025-10-05 03:20:08,172 - tmdl - INFO - Current user resolved: user@gmail.com (ID: 7bed2b69-8000-4b36-8e91-7fe0b70c9d82)
2025-10-05 03:20:09,529 - tmdl - INFO - Token decoded: user@gmail.com (Role: sch_teacher, School: None, individual ID: 791dbae6-21e7-4b48-bb82-5c378aca8886)
2025-10-05 03:20:09,535 - tmdl - INFO - Current user resolved: user@gmail.com (ID: 7bed2b69-8000-4b36-8e91-7fe0b70c9d82)
2025-10-05 03:21:09,988 - tmdl - INFO - Token decoded: user@gmail.com (Role: sch_teacher, School: None, individual ID: 791dbae6-21e7-4b48-bb82-5c378aca8886)
2025-10-05 03:21:10,000 - tmdl - INFO - Current user resolved: user@gmail.com (ID: 7bed2b69-8000-4b36-8e91-7fe0b70c9d82)
2025-10-05 03:22:09,522 - tmdl - INFO - Token decoded: user@gmail.com (Role: sch_teacher, School: None, individual ID: 791dbae6-21e7-4b48-bb82-5c378aca8886)
2025-10-05 03:22:09,526 - tmdl - INFO - Current user resolved: user@gmail.com (ID: 7bed2b69-8000-4b36-8e91-7fe0b70c9d82)
2025-10-05 03:22:58,348 - tmdl - INFO - Token decoded: user@gmail.com (Role: sch_teacher, School: None, individual ID: 791dbae6-21e7-4b48-bb82-5c378aca8886)
2025-10-05 03:22:58,402 - tmdl - INFO - Current user resolved: user@gmail.com (ID: 7bed2b69-8000-4b36-8e91-7fe0b70c9d82)
2025-10-05 03:22:58,462 - tmdl - INFO - Token decoded: user@gmail.com (Role: sch_teacher, School: None, individual ID: 791dbae6-21e7-4b48-bb82-5c378aca8886)
2025-10-05 03:22:58,492 - tmdl - INFO - Current user resolved: user@gmail.com (ID: 7bed2b69-8000-4b36-8e91-7fe0b70c9d82)
2025-10-05 03:23:09,546 - tmdl - INFO - Token decoded: user@gmail.com (Role: sch_teacher, School: None, individual ID: 791dbae6-21e7-4b48-bb82-5c378aca8886)
2025-10-05 03:23:09,568 - tmdl - INFO - Current user resolved: user@gmail.com (ID: 7bed2b69-8000-4b36-8e91-7fe0b70c9d82)
2025-10-05 03:24:09,626 - tmdl - INFO - Token decoded: user@gmail.com (Role: sch_teacher, School: None, individual ID: 791dbae6-21e7-4b48-bb82-5c378aca8886)
2025-10-05 03:24:09,631 - tmdl - INFO - Current user resolved: user@gmail.com (ID: 7bed2b69-8000-4b36-8e91-7fe0b70c9d82)
2025-10-05 03:25:09,548 - tmdl - INFO - Token decoded: user@gmail.com (Role: sch_teacher, School: None, individual ID: 791dbae6-21e7-4b48-bb82-5c378aca8886)
2025-10-05 03:25:09,554 - tmdl - INFO - Current user resolved: user@gmail.com (ID: 7bed2b69-8000-4b36-8e91-7fe0b70c9d82)
2025-10-05 03:26:02,928 - tmdl - INFO - Token decoded: user@gmail.com (Role: sch_teacher, School: None, individual ID: 791dbae6-21e7-4b48-bb82-5c378aca8886)
2025-10-05 03:26:02,937 - tmdl - INFO - Current user resolved: user@gmail.com (ID: 7bed2b69-8000-4b36-8e91-7fe0b70c9d82)
2025-10-05 03:26:03,133 - tmdl - INFO - Starting generate_schedule_task for teacher: 7bed2b69-8000-4b36-8e91-7fe0b70c9d82
2025-10-05 03:26:03,237 - tmdl - INFO - Token decoded: user@gmail.com (Role: sch_teacher, School: None, individual ID: 791dbae6-21e7-4b48-bb82-5c378aca8886)
2025-10-05 03:26:03,249 - tmdl - INFO - Current user resolved: user@gmail.com (ID: 7bed2b69-8000-4b36-8e91-7fe0b70c9d82)
2025-10-05 03:26:03,373 - tmdl - INFO - Token decoded: user@gmail.com (Role: sch_teacher, School: None, individual ID: 791dbae6-21e7-4b48-bb82-5c378aca8886)
2025-10-05 03:26:03,415 - tmdl - INFO - Current user resolved: user@gmail.com (ID: 7bed2b69-8000-4b36-8e91-7fe0b70c9d82)
2025-10-05 03:26:03,850 - tmdl - INFO - Notification saved for teacher 7bed2b69-8000-4b36-8e91-7fe0b70c9d82: Schedule Update
2025-10-05 03:26:03,859 - tmdl - INFO - [Redis] Published to ws:teacher:7bed2b69-8000-4b36-8e91-7fe0b70c9d82: {'status': 'started', 'message': 'Generating schedule...', 'teacher_id': '7bed2b69-8000-4b36-8e91-7fe0b70c9d82'}
2025-10-05 03:26:04,670 - tmdl - INFO - Found: 21 timetable entries, 29 events
2025-10-05 03:26:04,692 - tmdl - INFO - Generated 315 sessions before filtering
2025-10-05 03:26:06,085 - tmdl - INFO - Fetched 0 holidays
2025-10-05 03:26:06,089 - tmdl - INFO - No-class dates: ['2024-09-04', '2024-09-05', '2024-09-06', '2024-09-07', '2024-09-08', '2024-09-09', '2024-09-10', '2024-09-11', '2024-09-12', '2024-09-13', '2024-09-14', '2024-09-15', '2024-09-16', '2024-09-17', '2024-09-18', '2024-09-19', '2024-09-20', '2024-09-21', '2024-09-22', '2024-09-23', '2024-09-24', '2024-09-25', '2024-09-26', '2024-09-27', '2024-09-28', '2024-09-29', '2024-09-30', '2024-10-01', '2024-10-02', '2024-10-03', '2024-10-04', '2024-10-05', '2024-10-06', '2024-10-07', '2024-10-08', '2024-10-09', '2024-10-10', '2024-10-11', '2024-10-12', '2024-10-13', '2024-10-14', '2024-10-15', '2024-10-16', '2024-10-17', '2024-10-18', '2024-10-19', '2024-10-20', '2024-10-21', '2024-10-22', '2024-10-23', '2024-10-24', '2024-10-25', '2024-10-26', '2024-10-27', '2024-10-28', '2024-10-29', '2024-10-30', '2024-10-31', '2024-11-01', '2024-11-02', '2024-11-03', '2024-11-04', '2024-11-05', '2024-11-06', '2024-11-07', '2024-11-08', '2024-11-09', '2024-11-10', '2024-11-11', '2024-11-12', '2024-11-13', '2024-11-14', '2024-11-15', '2024-12-06', '2024-12-07', '2024-12-08', '2024-12-09', '2024-12-10', '2024-12-11', '2024-12-12', '2024-12-13', '2024-12-21', '2024-12-22', '2024-12-23', '2024-12-24', '2024-12-25', '2024-12-26', '2024-12-27', '2024-12-28', '2024-12-29', '2024-12-30', '2024-12-31', '2025-01-01', '2025-01-02', '2025-01-03', '2025-01-04', '2025-01-05', '2025-01-06', '2025-01-07', '2025-02-10', '2025-02-11', '2025-02-12', '2025-02-13', '2025-02-14', '2025-02-15', '2025-02-16', '2025-02-17', '2025-02-18', '2025-02-19', '2025-02-20', '2025-02-21', '2025-02-22', '2025-02-23', '2025-02-24', '2025-02-25', '2025-02-26', '2025-02-27', '2025-02-28', '2025-03-01', '2025-03-02', '2025-03-03', '2025-03-04', '2025-03-05', '2025-03-06', '2025-03-07', '2025-03-08', '2025-03-09', '2025-03-10', '2025-03-11', '2025-03-12', '2025-03-13', '2025-03-14', '2025-03-15', '2025-03-16', '2025-03-17', '2025-03-18', '2025-03-19', '2025-03-20', '2025-03-21', '2025-03-22', '2025-03-23', '2025-03-24', '2025-03-25', '2025-03-26', '2025-03-27', '2025-03-28', '2025-03-29', '2025-03-30', '2025-03-31', '2025-04-01', '2025-04-02', '2025-04-03', '2025-04-04', '2025-04-05', '2025-04-06', '2025-04-07', '2025-04-08', '2025-04-09', '2025-04-10', '2025-04-11', '2025-04-12', '2025-04-13', '2025-04-14', '2025-04-15', '2025-04-16', '2025-04-17', '2025-04-18', '2025-04-19', '2025-04-20', '2025-04-21', '2025-04-22', '2025-04-23', '2025-04-24', '2025-04-25', '2025-04-26', '2025-04-27', '2025-04-28', '2025-04-29', '2025-04-30', '2025-05-01', '2025-05-02', '2025-05-03', '2025-05-04', '2025-05-05', '2025-05-06', '2025-05-07', '2025-05-08', '2025-05-09', '2025-05-10', '2025-05-11', '2025-05-12', '2025-05-13', '2025-05-14', '2025-05-15', '2025-05-16', '2025-05-17', '2025-05-18', '2025-05-19', '2025-05-20', '2025-05-21', '2025-05-22', '2025-08-04', '2025-09-21']
2025-10-05 03:26:06,094 - tmdl - INFO - 178 sessions remain after filtering
2025-10-05 03:26:06,320 - tmdl - INFO - 178 sessions saved to ClassSession
2025-10-05 03:26:07,300 - tmdl - INFO - 345 events saved/updated in TeacherPlannerEvent.
2025-10-05 03:26:07,303 - tmdl - INFO - Planner events populated
2025-10-05 03:26:07,304 - tmdl - INFO - Schedule generation complete! 178 sessions created
2025-10-05 03:26:07,316 - tmdl - INFO - Notification saved for teacher 7bed2b69-8000-4b36-8e91-7fe0b70c9d82: Schedule Update
2025-10-05 03:26:07,321 - tmdl - INFO - [Redis] Published to ws:teacher:7bed2b69-8000-4b36-8e91-7fe0b70c9d82: {'status': 'completed', 'message': 'Schedule generation complete! 178 sessions created', 'teacher_id': '7bed2b69-8000-4b36-8e91-7fe0b70c9d82', 'details': {'sessions_saved': 178}}
2025-10-05 03:26:09,536 - tmdl - INFO - Token decoded: user@gmail.com (Role: sch_teacher, School: None, individual ID: 791dbae6-21e7-4b48-bb82-5c378aca8886)
2025-10-05 03:26:09,540 - tmdl - INFO - Current user resolved: user@gmail.com (ID: 7bed2b69-8000-4b36-8e91-7fe0b70c9d82)
2025-10-05 03:27:09,635 - tmdl - INFO - Token decoded: user@gmail.com (Role: sch_teacher, School: None, individual ID: 791dbae6-21e7-4b48-bb82-5c378aca8886)
2025-10-05 03:27:09,642 - tmdl - INFO - Current user resolved: user@gmail.com (ID: 7bed2b69-8000-4b36-8e91-7fe0b70c9d82)
2025-10-05 03:28:08,385 - tmdl - INFO - Token decoded: user@gmail.com (Role: sch_teacher, School: None, individual ID: 791dbae6-21e7-4b48-bb82-5c378aca8886)
2025-10-05 03:28:08,397 - tmdl - INFO - Current user resolved: user@gmail.com (ID: 7bed2b69-8000-4b36-8e91-7fe0b70c9d82)
2025-10-05 03:28:08,476 - tmdl - INFO - 🚀 Processing timetable upload for teacher: 7bed2b69-8000-4b36-8e91-7fe0b70c9d82
2025-10-05 03:28:08,485 - tmdl - INFO - 📁 Received file: demo_timetable_template (4).pdf, size: 16964, content_type: application/pdf
2025-10-05 03:28:08,530 - tmdl - INFO - 💾 File saved as: ./uploads/timetable/7bed2b69-8000-4b36-8e91-7fe0b70c9d82.pdf
2025-10-05 03:28:08,531 - tmdl - INFO - ✅ File saved locally to: ./uploads/timetable/7bed2b69-8000-4b36-8e91-7fe0b70c9d82.pdf
2025-10-05 03:28:08,533 - tmdl - INFO - 📂 Generated GCS file name: timetable/7bed2b69-8000-4b36-8e91-7fe0b70c9d82.pdf
2025-10-05 03:28:08,534 - tmdl - INFO - 🏷️ File content type: application/pdf
2025-10-05 03:28:08,950 - tmdl - INFO - 🔗 Generating signed URL for timetable/7bed2b69-8000-4b36-8e91-7fe0b70c9d82.pdf
2025-10-05 03:28:08,961 - tmdl - INFO - 📦 Bucket: teacher_module_acatable_bucket, Content-Type: application/pdf, Expiration: 86400 seconds
2025-10-05 03:28:09,289 - tmdl - INFO - ✅ Generated signed URL for timetable/7bed2b69-8000-4b36-8e91-7fe0b70c9d82.pdf with content-type application/pdf, expiring in 86400 seconds
2025-10-05 03:28:09,290 - tmdl - INFO - 📏 Signed URL length: 887 characters
2025-10-05 03:28:09,302 - tmdl - INFO - 🔗 Generated signed URL for GCS upload
2025-10-05 03:28:10,109 - tmdl - INFO - Token decoded: user@gmail.com (Role: sch_teacher, School: None, individual ID: 791dbae6-21e7-4b48-bb82-5c378aca8886)
2025-10-05 03:28:10,268 - tmdl - INFO - Current user resolved: user@gmail.com (ID: 7bed2b69-8000-4b36-8e91-7fe0b70c9d82)
2025-10-05 03:28:10,712 - tmdl - INFO - [JOB] Timetable processing job queued for teacher 7bed2b69-8000-4b36-8e91-7fe0b70c9d82: ef2d1e588e724de2b22d12bd04a3ccd3
2025-10-05 03:29:09,613 - tmdl - INFO - Token decoded: user@gmail.com (Role: sch_teacher, School: None, individual ID: 791dbae6-21e7-4b48-bb82-5c378aca8886)
2025-10-05 03:29:09,618 - tmdl - INFO - Current user resolved: user@gmail.com (ID: 7bed2b69-8000-4b36-8e91-7fe0b70c9d82)
2025-10-05 03:29:20,377 - tmdl - INFO - Tesseract found at: C:\Program Files\Tesseract-OCR\tesseract.exe
2025-10-05 03:29:24,534 - tmdl - INFO - Calendar worker configuration loaded
2025-10-05 03:29:24,534 - tmdl - INFO - Worker functions: ['process_calendar_file_task']
2025-10-05 03:29:24,535 - tmdl - INFO - Max tries: 3
2025-10-05 03:29:24,535 - tmdl - INFO - Job timeout: 300
2025-10-05 03:29:24,561 - tmdl - INFO - Starting academic calendar processing worker
2025-10-05 03:29:24,562 - tmdl - INFO - Redis settings: RedisSettings(host='localhost', port=6379, unix_socket_path=None, database=0, username=None, password=None, ssl=False, ssl_keyfile=None, ssl_certfile=None, ssl_cert_reqs='required', ssl_ca_certs=None, ssl_ca_data=None, ssl_check_hostname=False, conn_timeout=1, conn_retries=5, conn_retry_delay=1, max_connections=None, sentinel=False, sentinel_master='mymaster', retry_on_timeout=False, retry_on_error=None, retry=None)
2025-10-05 03:29:24,563 - tmdl - INFO - Database URL: postgresql+asyncpg://postgres:0264442031Qq.@localhost:5433/tmdl5
2025-10-05 03:29:24,569 - tmdl - INFO - Academic calendar processing worker started
2025-10-05 03:30:21,854 - tmdl - INFO - Token decoded: user@gmail.com (Role: sch_teacher, School: None, individual ID: 791dbae6-21e7-4b48-bb82-5c378aca8886)
2025-10-05 03:30:21,878 - tmdl - INFO - Current user resolved: user@gmail.com (ID: 7bed2b69-8000-4b36-8e91-7fe0b70c9d82)
2025-10-05 03:31:09,636 - tmdl - INFO - Token decoded: user@gmail.com (Role: sch_teacher, School: None, individual ID: 791dbae6-21e7-4b48-bb82-5c378aca8886)
2025-10-05 03:31:09,642 - tmdl - INFO - Current user resolved: user@gmail.com (ID: 7bed2b69-8000-4b36-8e91-7fe0b70c9d82)
2025-10-05 03:31:31,247 - tmdl - INFO - Token decoded: user@gmail.com (Role: sch_teacher, School: None, individual ID: 791dbae6-21e7-4b48-bb82-5c378aca8886)
2025-10-05 03:31:31,255 - tmdl - INFO - Current user resolved: user@gmail.com (ID: 7bed2b69-8000-4b36-8e91-7fe0b70c9d82)
2025-10-05 03:31:31,308 - tmdl - INFO - Token decoded: user@gmail.com (Role: sch_teacher, School: None, individual ID: 791dbae6-21e7-4b48-bb82-5c378aca8886)
2025-10-05 03:31:31,326 - tmdl - INFO - Current user resolved: user@gmail.com (ID: 7bed2b69-8000-4b36-8e91-7fe0b70c9d82)
2025-10-05 03:31:44,264 - tmdl - INFO - Token decoded: user@gmail.com (Role: sch_teacher, School: None, individual ID: 791dbae6-21e7-4b48-bb82-5c378aca8886)
2025-10-05 03:31:44,268 - tmdl - INFO - Current user resolved: user@gmail.com (ID: 7bed2b69-8000-4b36-8e91-7fe0b70c9d82)
2025-10-05 03:31:44,269 - tmdl - INFO - 🚀 Processing timetable upload for teacher: 7bed2b69-8000-4b36-8e91-7fe0b70c9d82
2025-10-05 03:31:44,270 - tmdl - INFO - 📁 Received file: demo_timetable_template (4).pdf, size: 16964, content_type: application/pdf
2025-10-05 03:31:44,272 - tmdl - INFO - 💾 File saved as: ./uploads/timetable/7bed2b69-8000-4b36-8e91-7fe0b70c9d82.pdf
2025-10-05 03:31:44,273 - tmdl - INFO - ✅ File saved locally to: ./uploads/timetable/7bed2b69-8000-4b36-8e91-7fe0b70c9d82.pdf
2025-10-05 03:31:44,274 - tmdl - INFO - 📂 Generated GCS file name: timetable/7bed2b69-8000-4b36-8e91-7fe0b70c9d82.pdf
2025-10-05 03:31:44,277 - tmdl - INFO - 🏷️ File content type: application/pdf
2025-10-05 03:31:44,353 - tmdl - INFO - 🔗 Generating signed URL for timetable/7bed2b69-8000-4b36-8e91-7fe0b70c9d82.pdf
2025-10-05 03:31:44,354 - tmdl - INFO - 📦 Bucket: teacher_module_acatable_bucket, Content-Type: application/pdf, Expiration: 86400 seconds
2025-10-05 03:31:44,381 - tmdl - INFO - ✅ Generated signed URL for timetable/7bed2b69-8000-4b36-8e91-7fe0b70c9d82.pdf with content-type application/pdf, expiring in 86400 seconds
2025-10-05 03:31:44,382 - tmdl - INFO - 📏 Signed URL length: 887 characters
2025-10-05 03:31:44,383 - tmdl - INFO - 🔗 Generated signed URL for GCS upload
2025-10-05 03:31:44,465 - tmdl - INFO - [JOB] Timetable processing job queued for teacher 7bed2b69-8000-4b36-8e91-7fe0b70c9d82: 7520150924ba43bda7d87d49856839f9
2025-10-05 03:31:45,909 - tmdl - INFO - Notification saved for teacher 7bed2b69-8000-4b36-8e91-7fe0b70c9d82: Schedule Update
2025-10-05 03:31:45,952 - tmdl - INFO - [Redis] Published to ws:teacher:7bed2b69-8000-4b36-8e91-7fe0b70c9d82: {'status': 'started', 'message': 'Processing timetable file...', 'teacher_id': '7bed2b69-8000-4b36-8e91-7fe0b70c9d82', 'file_path': './uploads/timetable/7bed2b69-8000-4b36-8e91-7fe0b70c9d82.pdf'}
2025-10-05 03:31:45,993 - tmdl - INFO - Notification saved for teacher 7bed2b69-8000-4b36-8e91-7fe0b70c9d82: Schedule Update
2025-10-05 03:31:45,999 - tmdl - INFO - [Redis] Published to ws:teacher:7bed2b69-8000-4b36-8e91-7fe0b70c9d82: {'status': 'processing', 'message': 'Extracting text from pdf file...', 'teacher_id': '7bed2b69-8000-4b36-8e91-7fe0b70c9d82'}
2025-10-05 03:31:46,427 - tmdl - INFO - Notification saved for teacher 7bed2b69-8000-4b36-8e91-7fe0b70c9d82: Schedule Update
2025-10-05 03:31:46,434 - tmdl - INFO - [Redis] Published to ws:teacher:7bed2b69-8000-4b36-8e91-7fe0b70c9d82: {'status': 'processing', 'message': 'Processing extracted text with AI...', 'teacher_id': '7bed2b69-8000-4b36-8e91-7fe0b70c9d82', 'extracted_text_length': 1219}
2025-10-05 03:32:02,636 - tmdl - INFO - Notification saved for teacher 7bed2b69-8000-4b36-8e91-7fe0b70c9d82: Schedule Update
2025-10-05 03:32:02,645 - tmdl - INFO - [Redis] Published to ws:teacher:7bed2b69-8000-4b36-8e91-7fe0b70c9d82: {'status': 'processing', 'message': 'Saving 20 timetable entries...', 'teacher_id': '7bed2b69-8000-4b36-8e91-7fe0b70c9d82', 'entry_count': 20}
2025-10-05 03:32:02,879 - tmdl - INFO - Notification saved for teacher 7bed2b69-8000-4b36-8e91-7fe0b70c9d82: Timetable Processing Complete
2025-10-05 03:32:02,894 - tmdl - INFO - Notification saved for teacher 7bed2b69-8000-4b36-8e91-7fe0b70c9d82: Schedule Update
2025-10-05 03:32:02,900 - tmdl - INFO - [Redis] Published to ws:teacher:7bed2b69-8000-4b36-8e91-7fe0b70c9d82: {'status': 'complete', 'type': 'COMPLETE_TIMETABLE', 'message': 'Successfully processed timetable with 20 entries', 'teacher_id': '7bed2b69-8000-4b36-8e91-7fe0b70c9d82', 'entry_count': 20}
2025-10-05 03:32:02,925 - tmdl - INFO - Token decoded: user@gmail.com (Role: sch_teacher, School: None, individual ID: 791dbae6-21e7-4b48-bb82-5c378aca8886)
2025-10-05 03:32:03,102 - tmdl - INFO - Current user resolved: user@gmail.com (ID: 7bed2b69-8000-4b36-8e91-7fe0b70c9d82)
2025-10-05 03:32:09,728 - tmdl - INFO - Token decoded: user@gmail.com (Role: sch_teacher, School: None, individual ID: 791dbae6-21e7-4b48-bb82-5c378aca8886)
2025-10-05 03:32:09,765 - tmdl - INFO - Current user resolved: user@gmail.com (ID: 7bed2b69-8000-4b36-8e91-7fe0b70c9d82)
2025-10-05 03:33:09,644 - tmdl - INFO - Token decoded: user@gmail.com (Role: sch_teacher, School: None, individual ID: 791dbae6-21e7-4b48-bb82-5c378aca8886)
2025-10-05 03:33:09,653 - tmdl - INFO - Current user resolved: user@gmail.com (ID: 7bed2b69-8000-4b36-8e91-7fe0b70c9d82)
2025-10-05 03:34:09,583 - tmdl - INFO - Token decoded: user@gmail.com (Role: sch_teacher, School: None, individual ID: 791dbae6-21e7-4b48-bb82-5c378aca8886)
2025-10-05 03:34:09,611 - tmdl - INFO - Current user resolved: user@gmail.com (ID: 7bed2b69-8000-4b36-8e91-7fe0b70c9d82)
2025-10-05 03:34:25,940 - tmdl - INFO - Token decoded: user@gmail.com (Role: sch_teacher, School: None, individual ID: 791dbae6-21e7-4b48-bb82-5c378aca8886)
2025-10-05 03:34:26,023 - tmdl - INFO - Current user resolved: user@gmail.com (ID: 7bed2b69-8000-4b36-8e91-7fe0b70c9d82)
2025-10-05 03:34:26,841 - tmdl - INFO - Starting generate_schedule_task for teacher: 7bed2b69-8000-4b36-8e91-7fe0b70c9d82
2025-10-05 03:34:28,111 - tmdl - INFO - Notification saved for teacher 7bed2b69-8000-4b36-8e91-7fe0b70c9d82: Schedule Update
2025-10-05 03:34:28,130 - tmdl - INFO - [Redis] Published to ws:teacher:7bed2b69-8000-4b36-8e91-7fe0b70c9d82: {'status': 'started', 'message': 'Generating schedule...', 'teacher_id': '7bed2b69-8000-4b36-8e91-7fe0b70c9d82'}
2025-10-05 03:34:28,659 - tmdl - INFO - Found: 20 timetable entries, 29 events
2025-10-05 03:34:28,693 - tmdl - INFO - Generated 300 sessions before filtering
2025-10-05 03:34:29,744 - tmdl - INFO - Fetched 0 holidays
2025-10-05 03:34:29,756 - tmdl - INFO - No-class dates: ['2024-09-04', '2024-09-05', '2024-09-06', '2024-09-07', '2024-09-08', '2024-09-09', '2024-09-10', '2024-09-11', '2024-09-12', '2024-09-13', '2024-09-14', '2024-09-15', '2024-09-16', '2024-09-17', '2024-09-18', '2024-09-19', '2024-09-20', '2024-09-21', '2024-09-22', '2024-09-23', '2024-09-24', '2024-09-25', '2024-09-26', '2024-09-27', '2024-09-28', '2024-09-29', '2024-09-30', '2024-10-01', '2024-10-02', '2024-10-03', '2024-10-04', '2024-10-05', '2024-10-06', '2024-10-07', '2024-10-08', '2024-10-09', '2024-10-10', '2024-10-11', '2024-10-12', '2024-10-13', '2024-10-14', '2024-10-15', '2024-10-16', '2024-10-17', '2024-10-18', '2024-10-19', '2024-10-20', '2024-10-21', '2024-10-22', '2024-10-23', '2024-10-24', '2024-10-25', '2024-10-26', '2024-10-27', '2024-10-28', '2024-10-29', '2024-10-30', '2024-10-31', '2024-11-01', '2024-11-02', '2024-11-03', '2024-11-04', '2024-11-05', '2024-11-06', '2024-11-07', '2024-11-08', '2024-11-09', '2024-11-10', '2024-11-11', '2024-11-12', '2024-11-13', '2024-11-14', '2024-11-15', '2024-12-06', '2024-12-07', '2024-12-08', '2024-12-09', '2024-12-10', '2024-12-11', '2024-12-12', '2024-12-13', '2024-12-21', '2024-12-22', '2024-12-23', '2024-12-24', '2024-12-25', '2024-12-26', '2024-12-27', '2024-12-28', '2024-12-29', '2024-12-30', '2024-12-31', '2025-01-01', '2025-01-02', '2025-01-03', '2025-01-04', '2025-01-05', '2025-01-06', '2025-01-07', '2025-02-10', '2025-02-11', '2025-02-12', '2025-02-13', '2025-02-14', '2025-02-15', '2025-02-16', '2025-02-17', '2025-02-18', '2025-02-19', '2025-02-20', '2025-02-21', '2025-02-22', '2025-02-23', '2025-02-24', '2025-02-25', '2025-02-26', '2025-02-27', '2025-02-28', '2025-03-01', '2025-03-02', '2025-03-03', '2025-03-04', '2025-03-05', '2025-03-06', '2025-03-07', '2025-03-08', '2025-03-09', '2025-03-10', '2025-03-11', '2025-03-12', '2025-03-13', '2025-03-14', '2025-03-15', '2025-03-16', '2025-03-17', '2025-03-18', '2025-03-19', '2025-03-20', '2025-03-21', '2025-03-22', '2025-03-23', '2025-03-24', '2025-03-25', '2025-03-26', '2025-03-27', '2025-03-28', '2025-03-29', '2025-03-30', '2025-03-31', '2025-04-01', '2025-04-02', '2025-04-03', '2025-04-04', '2025-04-05', '2025-04-06', '2025-04-07', '2025-04-08', '2025-04-09', '2025-04-10', '2025-04-11', '2025-04-12', '2025-04-13', '2025-04-14', '2025-04-15', '2025-04-16', '2025-04-17', '2025-04-18', '2025-04-19', '2025-04-20', '2025-04-21', '2025-04-22', '2025-04-23', '2025-04-24', '2025-04-25', '2025-04-26', '2025-04-27', '2025-04-28', '2025-04-29', '2025-04-30', '2025-05-01', '2025-05-02', '2025-05-03', '2025-05-04', '2025-05-05', '2025-05-06', '2025-05-07', '2025-05-08', '2025-05-09', '2025-05-10', '2025-05-11', '2025-05-12', '2025-05-13', '2025-05-14', '2025-05-15', '2025-05-16', '2025-05-17', '2025-05-18', '2025-05-19', '2025-05-20', '2025-05-21', '2025-05-22', '2025-08-04', '2025-09-21']
2025-10-05 03:34:29,763 - tmdl - INFO - 169 sessions remain after filtering
2025-10-05 03:34:30,197 - tmdl - INFO - 169 sessions saved to ClassSession
2025-10-05 03:34:45,845 - tmdl - INFO - 345 events saved/updated in TeacherPlannerEvent.
2025-10-05 03:34:45,856 - tmdl - INFO - Planner events populated
2025-10-05 03:34:45,857 - tmdl - INFO - Schedule generation complete! 169 sessions created
2025-10-05 03:34:45,917 - tmdl - INFO - Notification saved for teacher 7bed2b69-8000-4b36-8e91-7fe0b70c9d82: Schedule Update
2025-10-05 03:34:45,927 - tmdl - INFO - [Redis] Published to ws:teacher:7bed2b69-8000-4b36-8e91-7fe0b70c9d82: {'status': 'completed', 'message': 'Schedule generation complete! 169 sessions created', 'teacher_id': '7bed2b69-8000-4b36-8e91-7fe0b70c9d82', 'details': {'sessions_saved': 169}}
2025-10-05 03:35:09,535 - tmdl - INFO - Token decoded: user@gmail.com (Role: sch_teacher, School: None, individual ID: 791dbae6-21e7-4b48-bb82-5c378aca8886)
2025-10-05 03:35:09,961 - tmdl - INFO - Current user resolved: user@gmail.com (ID: 7bed2b69-8000-4b36-8e91-7fe0b70c9d82)
2025-10-05 03:36:09,561 - tmdl - INFO - Token decoded: user@gmail.com (Role: sch_teacher, School: None, individual ID: 791dbae6-21e7-4b48-bb82-5c378aca8886)
2025-10-05 03:36:09,930 - tmdl - INFO - Current user resolved: user@gmail.com (ID: 7bed2b69-8000-4b36-8e91-7fe0b70c9d82)
2025-10-05 03:36:11,351 - tmdl - INFO - Token decoded: user@gmail.com (Role: sch_teacher, School: None, individual ID: 791dbae6-21e7-4b48-bb82-5c378aca8886)
2025-10-05 03:36:11,709 - tmdl - INFO - Current user resolved: user@gmail.com (ID: 7bed2b69-8000-4b36-8e91-7fe0b70c9d82)
2025-10-05 03:36:11,751 - tmdl - INFO - Token decoded: user@gmail.com (Role: sch_teacher, School: None, individual ID: 791dbae6-21e7-4b48-bb82-5c378aca8886)
2025-10-05 03:36:11,766 - tmdl - INFO - Current user resolved: user@gmail.com (ID: 7bed2b69-8000-4b36-8e91-7fe0b70c9d82)
2025-10-05 03:36:17,283 - tmdl - INFO - Token decoded: user@gmail.com (Role: sch_teacher, School: None, individual ID: 791dbae6-21e7-4b48-bb82-5c378aca8886)
2025-10-05 03:36:17,289 - tmdl - INFO - Current user resolved: user@gmail.com (ID: 7bed2b69-8000-4b36-8e91-7fe0b70c9d82)
2025-10-05 03:36:17,355 - tmdl - INFO - Token decoded: user@gmail.com (Role: sch_teacher, School: None, individual ID: 791dbae6-21e7-4b48-bb82-5c378aca8886)
2025-10-05 03:36:17,373 - tmdl - INFO - Current user resolved: user@gmail.com (ID: 7bed2b69-8000-4b36-8e91-7fe0b70c9d82)
2025-10-05 03:36:19,335 - tmdl - INFO - Token decoded: user@gmail.com (Role: sch_teacher, School: None, individual ID: 791dbae6-21e7-4b48-bb82-5c378aca8886)
2025-10-05 03:36:19,340 - tmdl - INFO - Current user resolved: user@gmail.com (ID: 7bed2b69-8000-4b36-8e91-7fe0b70c9d82)
2025-10-05 03:36:19,477 - tmdl - INFO - Token decoded: user@gmail.com (Role: sch_teacher, School: None, individual ID: 791dbae6-21e7-4b48-bb82-5c378aca8886)
2025-10-05 03:36:19,498 - tmdl - INFO - Current user resolved: user@gmail.com (ID: 7bed2b69-8000-4b36-8e91-7fe0b70c9d82)
2025-10-05 03:36:35,322 - tmdl - INFO - Token decoded: user@gmail.com (Role: sch_teacher, School: None, individual ID: 791dbae6-21e7-4b48-bb82-5c378aca8886)
2025-10-05 03:36:35,328 - tmdl - INFO - Current user resolved: user@gmail.com (ID: 7bed2b69-8000-4b36-8e91-7fe0b70c9d82)
2025-10-05 03:36:35,396 - tmdl - INFO - Token decoded: user@gmail.com (Role: sch_teacher, School: None, individual ID: 791dbae6-21e7-4b48-bb82-5c378aca8886)
2025-10-05 03:36:35,410 - tmdl - INFO - Current user resolved: user@gmail.com (ID: 7bed2b69-8000-4b36-8e91-7fe0b70c9d82)
2025-10-05 03:36:41,020 - tmdl - INFO - Token decoded: user@gmail.com (Role: sch_teacher, School: None, individual ID: 791dbae6-21e7-4b48-bb82-5c378aca8886)
2025-10-05 03:36:41,028 - tmdl - INFO - Current user resolved: user@gmail.com (ID: 7bed2b69-8000-4b36-8e91-7fe0b70c9d82)
2025-10-05 03:36:41,227 - tmdl - INFO - Token decoded: user@gmail.com (Role: sch_teacher, School: None, individual ID: 791dbae6-21e7-4b48-bb82-5c378aca8886)
2025-10-05 03:36:41,267 - tmdl - INFO - Current user resolved: user@gmail.com (ID: 7bed2b69-8000-4b36-8e91-7fe0b70c9d82)
2025-10-05 03:36:50,093 - tmdl - INFO - Token decoded: user@gmail.com (Role: sch_teacher, School: None, individual ID: 791dbae6-21e7-4b48-bb82-5c378aca8886)
2025-10-05 03:36:50,134 - tmdl - INFO - Current user resolved: user@gmail.com (ID: 7bed2b69-8000-4b36-8e91-7fe0b70c9d82)
2025-10-05 03:36:50,173 - tmdl - INFO - Token decoded: user@gmail.com (Role: sch_teacher, School: None, individual ID: 791dbae6-21e7-4b48-bb82-5c378aca8886)
2025-10-05 03:36:50,179 - tmdl - INFO - Current user resolved: user@gmail.com (ID: 7bed2b69-8000-4b36-8e91-7fe0b70c9d82)
2025-10-05 03:37:09,533 - tmdl - INFO - Token decoded: user@gmail.com (Role: sch_teacher, School: None, individual ID: 791dbae6-21e7-4b48-bb82-5c378aca8886)
2025-10-05 03:37:09,542 - tmdl - INFO - Current user resolved: user@gmail.com (ID: 7bed2b69-8000-4b36-8e91-7fe0b70c9d82)
2025-10-05 03:37:09,939 - tmdl - INFO - Token decoded: user@gmail.com (Role: sch_teacher, School: None, individual ID: 791dbae6-21e7-4b48-bb82-5c378aca8886)
2025-10-05 03:37:09,945 - tmdl - INFO - Current user resolved: user@gmail.com (ID: 7bed2b69-8000-4b36-8e91-7fe0b70c9d82)
2025-10-05 03:37:09,961 - tmdl - INFO - Token decoded: user@gmail.com (Role: sch_teacher, School: None, individual ID: 791dbae6-21e7-4b48-bb82-5c378aca8886)
2025-10-05 03:37:09,971 - tmdl - INFO - Current user resolved: user@gmail.com (ID: 7bed2b69-8000-4b36-8e91-7fe0b70c9d82)
2025-10-05 03:37:13,968 - tmdl - INFO - Token decoded: user@gmail.com (Role: sch_teacher, School: None, individual ID: 791dbae6-21e7-4b48-bb82-5c378aca8886)
2025-10-05 03:37:13,977 - tmdl - INFO - Token decoded: user@gmail.com (Role: sch_teacher, School: None, individual ID: 791dbae6-21e7-4b48-bb82-5c378aca8886)
2025-10-05 03:37:14,003 - tmdl - INFO - Token decoded: user@gmail.com (Role: sch_teacher, School: None, individual ID: 791dbae6-21e7-4b48-bb82-5c378aca8886)
2025-10-05 03:37:14,011 - tmdl - INFO - Current user resolved: user@gmail.com (ID: 7bed2b69-8000-4b36-8e91-7fe0b70c9d82)
2025-10-05 03:37:14,039 - tmdl - INFO - Current user resolved: user@gmail.com (ID: 7bed2b69-8000-4b36-8e91-7fe0b70c9d82)
2025-10-05 03:37:14,053 - tmdl - INFO - Token decoded: user@gmail.com (Role: sch_teacher, School: None, individual ID: 791dbae6-21e7-4b48-bb82-5c378aca8886)
2025-10-05 03:37:14,063 - tmdl - INFO - Current user resolved: user@gmail.com (ID: 7bed2b69-8000-4b36-8e91-7fe0b70c9d82)
2025-10-05 03:37:14,341 - tmdl - INFO - Current user resolved: user@gmail.com (ID: 7bed2b69-8000-4b36-8e91-7fe0b70c9d82)
2025-10-05 03:37:18,983 - tmdl - INFO - Token decoded: user@gmail.com (Role: sch_teacher, School: None, individual ID: 791dbae6-21e7-4b48-bb82-5c378aca8886)
2025-10-05 03:37:18,988 - tmdl - INFO - Current user resolved: user@gmail.com (ID: 7bed2b69-8000-4b36-8e91-7fe0b70c9d82)
2025-10-05 03:37:19,183 - tmdl - INFO - Token decoded: user@gmail.com (Role: sch_teacher, School: None, individual ID: 791dbae6-21e7-4b48-bb82-5c378aca8886)
2025-10-05 03:37:19,188 - tmdl - INFO - Current user resolved: user@gmail.com (ID: 7bed2b69-8000-4b36-8e91-7fe0b70c9d82)
2025-10-05 03:37:35,863 - tmdl - INFO - Token decoded: user@gmail.com (Role: sch_teacher, School: None, individual ID: 791dbae6-21e7-4b48-bb82-5c378aca8886)
2025-10-05 03:37:35,875 - tmdl - INFO - Current user resolved: user@gmail.com (ID: 7bed2b69-8000-4b36-8e91-7fe0b70c9d82)
2025-10-05 03:37:36,042 - tmdl - INFO - Token decoded: user@gmail.com (Role: sch_teacher, School: None, individual ID: 791dbae6-21e7-4b48-bb82-5c378aca8886)
2025-10-05 03:37:36,048 - tmdl - INFO - Current user resolved: user@gmail.com (ID: 7bed2b69-8000-4b36-8e91-7fe0b70c9d82)
2025-10-05 03:38:03,125 - tmdl - INFO - Token decoded: user@gmail.com (Role: sch_teacher, School: None, individual ID: 791dbae6-21e7-4b48-bb82-5c378aca8886)
2025-10-05 03:38:03,130 - tmdl - INFO - Current user resolved: user@gmail.com (ID: 7bed2b69-8000-4b36-8e91-7fe0b70c9d82)
2025-10-05 03:38:03,298 - tmdl - INFO - Token decoded: user@gmail.com (Role: sch_teacher, School: None, individual ID: 791dbae6-21e7-4b48-bb82-5c378aca8886)
2025-10-05 03:38:03,303 - tmdl - INFO - Current user resolved: user@gmail.com (ID: 7bed2b69-8000-4b36-8e91-7fe0b70c9d82)
2025-10-05 03:38:09,561 - tmdl - INFO - Token decoded: user@gmail.com (Role: sch_teacher, School: None, individual ID: 791dbae6-21e7-4b48-bb82-5c378aca8886)
2025-10-05 03:38:09,567 - tmdl - INFO - Current user resolved: user@gmail.com (ID: 7bed2b69-8000-4b36-8e91-7fe0b70c9d82)
2025-10-05 03:39:09,616 - tmdl - INFO - Token decoded: user@gmail.com (Role: sch_teacher, School: None, individual ID: 791dbae6-21e7-4b48-bb82-5c378aca8886)
2025-10-05 03:39:09,621 - tmdl - INFO - Current user resolved: user@gmail.com (ID: 7bed2b69-8000-4b36-8e91-7fe0b70c9d82)
2025-10-05 03:40:09,662 - tmdl - INFO - Token decoded: user@gmail.com (Role: sch_teacher, School: None, individual ID: 791dbae6-21e7-4b48-bb82-5c378aca8886)
2025-10-05 03:40:09,667 - tmdl - INFO - Current user resolved: user@gmail.com (ID: 7bed2b69-8000-4b36-8e91-7fe0b70c9d82)
2025-10-05 03:41:36,637 - tmdl - INFO - Token decoded: user@gmail.com (Role: sch_teacher, School: None, individual ID: 791dbae6-21e7-4b48-bb82-5c378aca8886)
2025-10-05 03:41:36,643 - tmdl - INFO - Current user resolved: user@gmail.com (ID: 7bed2b69-8000-4b36-8e91-7fe0b70c9d82)
2025-10-05 03:42:12,184 - tmdl - INFO - Token decoded: user@gmail.com (Role: sch_teacher, School: None, individual ID: 791dbae6-21e7-4b48-bb82-5c378aca8886)
2025-10-05 03:42:12,248 - tmdl - INFO - Current user resolved: user@gmail.com (ID: 7bed2b69-8000-4b36-8e91-7fe0b70c9d82)
2025-10-05 03:43:09,581 - tmdl - INFO - Token decoded: user@gmail.com (Role: sch_teacher, School: None, individual ID: 791dbae6-21e7-4b48-bb82-5c378aca8886)
2025-10-05 03:43:09,616 - tmdl - INFO - Current user resolved: user@gmail.com (ID: 7bed2b69-8000-4b36-8e91-7fe0b70c9d82)
2025-10-05 03:44:13,597 - tmdl - INFO - Token decoded: user@gmail.com (Role: sch_teacher, School: None, individual ID: 791dbae6-21e7-4b48-bb82-5c378aca8886)
2025-10-05 03:44:13,604 - tmdl - INFO - Current user resolved: user@gmail.com (ID: 7bed2b69-8000-4b36-8e91-7fe0b70c9d82)
2025-10-05 03:44:13,712 - tmdl - INFO - Token decoded: user@gmail.com (Role: sch_teacher, School: None, individual ID: 791dbae6-21e7-4b48-bb82-5c378aca8886)
2025-10-05 03:44:13,724 - tmdl - INFO - Token decoded: user@gmail.com (Role: sch_teacher, School: None, individual ID: 791dbae6-21e7-4b48-bb82-5c378aca8886)
2025-10-05 03:44:13,739 - tmdl - INFO - Current user resolved: user@gmail.com (ID: 7bed2b69-8000-4b36-8e91-7fe0b70c9d82)
2025-10-05 03:44:13,745 - tmdl - INFO - Current user resolved: user@gmail.com (ID: 7bed2b69-8000-4b36-8e91-7fe0b70c9d82)
2025-10-05 03:44:13,834 - tmdl - INFO - Token decoded: user@gmail.com (Role: sch_teacher, School: None, individual ID: 791dbae6-21e7-4b48-bb82-5c378aca8886)
2025-10-05 03:44:13,849 - tmdl - INFO - Token decoded: user@gmail.com (Role: sch_teacher, School: None, individual ID: 791dbae6-21e7-4b48-bb82-5c378aca8886)
2025-10-05 03:44:13,856 - tmdl - INFO - Current user resolved: user@gmail.com (ID: 7bed2b69-8000-4b36-8e91-7fe0b70c9d82)
2025-10-05 03:44:13,862 - tmdl - INFO - Current user resolved: user@gmail.com (ID: 7bed2b69-8000-4b36-8e91-7fe0b70c9d82)
2025-10-05 03:44:13,913 - tmdl - INFO - Token decoded: user@gmail.com (Role: sch_teacher, School: None, individual ID: 791dbae6-21e7-4b48-bb82-5c378aca8886)
2025-10-05 03:44:13,925 - tmdl - INFO - Current user resolved: user@gmail.com (ID: 7bed2b69-8000-4b36-8e91-7fe0b70c9d82)
2025-10-05 03:44:14,200 - tmdl - INFO - Token decoded: user@gmail.com (Role: sch_teacher, School: None, individual ID: 791dbae6-21e7-4b48-bb82-5c378aca8886)
2025-10-05 03:44:14,205 - tmdl - INFO - Token decoded: user@gmail.com (Role: sch_teacher, School: None, individual ID: 791dbae6-21e7-4b48-bb82-5c378aca8886)
2025-10-05 03:44:14,211 - tmdl - INFO - Current user resolved: user@gmail.com (ID: 7bed2b69-8000-4b36-8e91-7fe0b70c9d82)
2025-10-05 03:44:14,233 - tmdl - INFO - Received request for central user info (teacher: 7bed2b69-8000-4b36-8e91-7fe0b70c9d82)
2025-10-05 03:44:14,238 - tmdl - INFO - Sending request to core service /api/me endpoint
2025-10-05 03:44:14,642 - tmdl - INFO - Current user resolved: user@gmail.com (ID: 7bed2b69-8000-4b36-8e91-7fe0b70c9d82)
2025-10-05 03:44:14,643 - tmdl - INFO - Received request for central user info (teacher: 7bed2b69-8000-4b36-8e91-7fe0b70c9d82)
2025-10-05 03:44:14,644 - tmdl - INFO - Sending request to core service /api/me endpoint
2025-10-05 03:44:14,754 - tmdl - INFO - Successfully fetched user info from ERP
2025-10-05 03:44:14,760 - tmdl - INFO - Successfully fetched user info from ERP
2025-10-05 03:44:14,834 - tmdl - INFO - Token decoded: user@gmail.com (Role: sch_teacher, School: None, individual ID: 791dbae6-21e7-4b48-bb82-5c378aca8886)
2025-10-05 03:44:14,842 - tmdl - INFO - Current user resolved: user@gmail.com (ID: 7bed2b69-8000-4b36-8e91-7fe0b70c9d82)
2025-10-05 03:44:14,898 - tmdl - INFO - Token decoded: user@gmail.com (Role: sch_teacher, School: None, individual ID: 791dbae6-21e7-4b48-bb82-5c378aca8886)
2025-10-05 03:44:14,910 - tmdl - INFO - Current user resolved: user@gmail.com (ID: 7bed2b69-8000-4b36-8e91-7fe0b70c9d82)
2025-10-05 03:44:24,466 - tmdl - INFO - Token decoded: user@gmail.com (Role: sch_teacher, School: None, individual ID: 791dbae6-21e7-4b48-bb82-5c378aca8886)
2025-10-05 03:44:24,496 - tmdl - INFO - Current user resolved: user@gmail.com (ID: 7bed2b69-8000-4b36-8e91-7fe0b70c9d82)
2025-10-05 03:44:24,553 - tmdl - INFO - Token decoded: user@gmail.com (Role: sch_teacher, School: None, individual ID: 791dbae6-21e7-4b48-bb82-5c378aca8886)
2025-10-05 03:44:24,567 - tmdl - INFO - Current user resolved: user@gmail.com (ID: 7bed2b69-8000-4b36-8e91-7fe0b70c9d82)
2025-10-05 03:44:26,425 - tmdl - INFO - Token decoded: user@gmail.com (Role: sch_teacher, School: None, individual ID: 791dbae6-21e7-4b48-bb82-5c378aca8886)
2025-10-05 03:44:26,435 - tmdl - INFO - Token decoded: user@gmail.com (Role: sch_teacher, School: None, individual ID: 791dbae6-21e7-4b48-bb82-5c378aca8886)
2025-10-05 03:44:26,445 - tmdl - INFO - Token decoded: user@gmail.com (Role: sch_teacher, School: None, individual ID: 791dbae6-21e7-4b48-bb82-5c378aca8886)
2025-10-05 03:44:26,462 - tmdl - INFO - Token decoded: user@gmail.com (Role: sch_teacher, School: None, individual ID: 791dbae6-21e7-4b48-bb82-5c378aca8886)
2025-10-05 03:44:26,468 - tmdl - INFO - Current user resolved: user@gmail.com (ID: 7bed2b69-8000-4b36-8e91-7fe0b70c9d82)
2025-10-05 03:44:26,477 - tmdl - INFO - Current user resolved: user@gmail.com (ID: 7bed2b69-8000-4b36-8e91-7fe0b70c9d82)
2025-10-05 03:44:26,483 - tmdl - INFO - Current user resolved: user@gmail.com (ID: 7bed2b69-8000-4b36-8e91-7fe0b70c9d82)
2025-10-05 03:44:26,490 - tmdl - INFO - Current user resolved: user@gmail.com (ID: 7bed2b69-8000-4b36-8e91-7fe0b70c9d82)
2025-10-05 03:44:30,857 - tmdl - INFO - Token decoded: user@gmail.com (Role: sch_teacher, School: None, individual ID: 791dbae6-21e7-4b48-bb82-5c378aca8886)
2025-10-05 03:44:30,860 - tmdl - INFO - Current user resolved: user@gmail.com (ID: 7bed2b69-8000-4b36-8e91-7fe0b70c9d82)
2025-10-05 03:44:31,040 - tmdl - INFO - Token decoded: user@gmail.com (Role: sch_teacher, School: None, individual ID: 791dbae6-21e7-4b48-bb82-5c378aca8886)
2025-10-05 03:44:31,045 - tmdl - INFO - Current user resolved: user@gmail.com (ID: 7bed2b69-8000-4b36-8e91-7fe0b70c9d82)
2025-10-05 03:45:15,610 - tmdl - INFO - Token decoded: user@gmail.com (Role: sch_teacher, School: None, individual ID: 791dbae6-21e7-4b48-bb82-5c378aca8886)
2025-10-05 03:45:15,614 - tmdl - INFO - Current user resolved: user@gmail.com (ID: 7bed2b69-8000-4b36-8e91-7fe0b70c9d82)
2025-10-05 03:46:15,624 - tmdl - INFO - Token decoded: user@gmail.com (Role: sch_teacher, School: None, individual ID: 791dbae6-21e7-4b48-bb82-5c378aca8886)
2025-10-05 03:46:15,631 - tmdl - INFO - Current user resolved: user@gmail.com (ID: 7bed2b69-8000-4b36-8e91-7fe0b70c9d82)
2025-10-05 03:47:15,692 - tmdl - INFO - Token decoded: user@gmail.com (Role: sch_teacher, School: None, individual ID: 791dbae6-21e7-4b48-bb82-5c378aca8886)
2025-10-05 03:47:15,697 - tmdl - INFO - Current user resolved: user@gmail.com (ID: 7bed2b69-8000-4b36-8e91-7fe0b70c9d82)
2025-10-05 03:48:16,319 - tmdl - INFO - Token decoded: user@gmail.com (Role: sch_teacher, School: None, individual ID: 791dbae6-21e7-4b48-bb82-5c378aca8886)
2025-10-05 03:48:16,571 - tmdl - INFO - Current user resolved: user@gmail.com (ID: 7bed2b69-8000-4b36-8e91-7fe0b70c9d82)
2025-10-05 03:49:15,646 - tmdl - INFO - Token decoded: user@gmail.com (Role: sch_teacher, School: None, individual ID: 791dbae6-21e7-4b48-bb82-5c378aca8886)
2025-10-05 03:49:15,666 - tmdl - INFO - Current user resolved: user@gmail.com (ID: 7bed2b69-8000-4b36-8e91-7fe0b70c9d82)
2025-10-05 03:50:15,625 - tmdl - INFO - Token decoded: user@gmail.com (Role: sch_teacher, School: None, individual ID: 791dbae6-21e7-4b48-bb82-5c378aca8886)
2025-10-05 03:50:15,642 - tmdl - INFO - Current user resolved: user@gmail.com (ID: 7bed2b69-8000-4b36-8e91-7fe0b70c9d82)
